lat,lon,temperature [oC],soil moisture [m3/m3],pH_H2O_0-5cm [-],pH_H2O_5-15cm [-],pH_H2O_15-30cm [-],pH_H2O_30-60cm [-],pH_H2O_0-30cm [-],pH_H2O_2017_0-5cm [-],pH_H2O_2017_5-15cm [-],pH_H2O_2017_15-30cm [-],pH_H2O_2017_30-60cm [-],pH_H2O_2017_0-30cm [-],pH_KCl_2017_0-5cm [-],pH_KCl_2017_5-15cm [-],pH_KCl_2017_15-30cm [-],pH_KCl_2017_30-60cm [-],pH_KCl_2017_0-30cm [-],SOC_0-5cm [wt%],SOC_5-15cm [wt%],SOC_15-30cm [wt%],SOC_30-60cm [wt%],SOC_0-30cm [wt%],CEC_0-5cm [cmol/kg],CEC_5-15cm [cmol/kg],CEC_15-30cm [cmol/kg],CEC_30-60cm [cmol/kg],CEC_SG_0-30cm [cmol/kg],CEC_2017_0-5cm [cmol/kg],CEC_2017_5-15cm [cmol/kg],CEC_2017_15-30cm [cmol/kg],CEC_2017_30-60cm [cmol/kg],CEC_SG_2017_0-30cm [cmol/kg],NPP [gC/m/yr],porosity [-],BS_0-20cm [%],BS_20-40cm [%],BS_40-60cm [%],nitrification rate [kgN/ha/day],runoff [m/yr],erosion [mm/yr],CEC_0-30cm [cmol/kg],CEC_30-100cm [cmol/kg],cropland [%]
26.5,-98.5,22.960739135742188,0.22154022753238678,7.5,7.6000000000000005,7.6000000000000005,7.6000000000000005,7.583333333333334,7.7,7.6000000000000005,7.6000000000000005,7.7,7.616666666666667,6.4,6.300000000000001,6.300000000000001,6.300000000000001,6.316666666666667,1.49,1.04,0.64,0.4,0.915,12.700000000000001,11.9,11.4,11.700000000000001,11.783333333333335,1.6,1.7000000000000002,1.6,1.7000000000000002,1.6333333333333333,375.36125796389786,0.43700000643730164,92.21138888888889,92.86527777777778,93.35791666666667,0.18445654213428497,0.05797255782762778,2.1745254345344294,1.5503748441131486,1.5503748441131486,27.0
26.5,-97.5,22.449081420898438,0.20268701016902924,6.800000000000001,6.800000000000001,6.9,7.1000000000000005,6.85,7.4,7.4,7.4,7.4,7.4,6.0,6.1000000000000005,6.0,6.1000000000000005,6.033333333333333,1.46,0.85,0.54,0.38,0.7966666666666666,9.9,8.200000000000001,8.6,9.600000000000001,8.683333333333334,2.3000000000000003,2.1,2.1,2.1,2.1333333333333333,255.70380553802084,0.43700000643730164,90.66026622688184,91.1799976440099,92.1696312875486,0.14707893133163452,0.09697046373073158,2.1745254345344294,2.167016000044624,2.167016000044624,22.0
27.5,-99.5,22.78376007080078,0.22388461232185364,8.0,8.1,8.1,8.0,8.083333333333332,7.9,7.9,7.9,8.0,7.9,6.5,6.4,6.4,6.4,6.416666666666667,1.58,1.04,0.78,0.5,1.0,20.5,19.6,19.200000000000003,18.8,19.55,2.0,2.0,2.0,2.1,2.0,305.2106339406201,0.44999998807907104,99.16583333333334,99.53847222222223,98.65458333333333,0.20039211213588715,0.050128916227182255,2.1745254345344294,11.386937746893697,13.25193775643044,20.0
27.5,-98.5,21.915925979614258,0.22309893369674683,7.7,7.800000000000001,7.800000000000001,7.9,7.783333333333333,7.6000000000000005,7.6000000000000005,7.7,7.6000000000000005,7.65,6.300000000000001,6.300000000000001,6.2,6.2,6.25,1.9100000000000001,1.12,0.75,0.5,1.0666666666666667,27.900000000000002,28.3,28.3,28.6,28.233333333333334,1.5,1.5,1.5,1.6,1.5,398.1715343328369,0.44699999690055847,86.03083333333333,86.80979166666667,87.69868055555555,0.14801570773124695,0.08138506015563049,2.1745254345344294,7.285296375085036,10.060284980466248,22.0
27.5,-97.5,22.108497619628906,0.22023801505565643,7.1000000000000005,7.300000000000001,7.4,7.7,7.316666666666666,7.4,7.4,7.5,7.6000000000000005,7.45,6.5,6.5,6.6000000000000005,6.6000000000000005,6.550000000000001,1.79,1.24,0.98,0.66,1.2016666666666667,16.2,15.9,17.5,20.0,16.75,2.9000000000000004,3.1,3.0,3.0,3.0166666666666666,247.61438067650025,0.44999998807907104,88.97655726724716,87.93123465059165,93.42956016968073,0.15090037882328033,0.12483960977205301,2.1745254345344294,0.0,0.0,21.0
27.5,-82.5,22.72563934326172,0.17958715558052063,6.0,6.2,6.2,6.4,6.166666666666666,5.6000000000000005,5.5,5.6000000000000005,5.7,5.566666666666666,4.800000000000001,4.6000000000000005,4.7,4.9,4.683333333333334,0.0,0.0,0.0,0.0,1.4000000000000001,16.2,12.200000000000001,12.200000000000001,13.3,12.866666666666667,2.7,2.4000000000000004,2.1,2.1,2.3,330.673791807401,0.4189999997615814,42.09104151493081,42.10924981791697,40.11531925224569,0.010515376925468445,0.31611293091830983,0.8401575542519385,0.0,0.0,27.0
27.5,-81.5,22.448381423950195,0.19564571976661682,6.6000000000000005,6.800000000000001,6.800000000000001,7.0,6.7666666666666675,5.2,5.1000000000000005,5.1000000000000005,5.2,5.116666666666667,4.5,4.2,4.4,4.5,4.35,0.0,0.0,0.0,0.0,1.7600000000000002,18.5,14.9,15.8,17.400000000000002,15.950000000000001,1.8,0.8,0.7000000000000001,0.7000000000000001,0.9166666666666667,676.1427761327456,0.4189999997615814,46.46285226302306,47.36144321093083,46.05009962994591,0.02627464011311531,0.33398884268897316,0.8401575542519385,0.0,0.0,54.0
27.5,-80.5,22.78833770751953,0.1891552209854126,6.7,6.800000000000001,6.9,7.2,6.833333333333334,5.7,5.5,5.6000000000000005,5.7,5.583333333333334,5.1000000000000005,4.9,5.0,5.0,4.983333333333333,0.0,0.0,0.0,0.0,2.9766666666666666,20.0,16.5,17.5,19.3,17.583333333333336,1.7000000000000002,1.3,1.0,1.0,1.2166666666666668,447.24902510372124,0.4189999997615814,50.640931501101434,51.161963705024654,50.566033777404805,0.13498473167419434,0.27676481630434335,0.8401575542519385,0.0,0.0,35.0
28.5,-99.5,21.748838424682617,0.23211725056171417,7.5,7.6000000000000005,7.7,7.800000000000001,7.633333333333333,7.9,7.9,7.9,8.0,7.9,6.5,6.5,6.5,6.5,6.5,1.9100000000000001,1.33,0.76,0.47000000000000003,1.1416666666666666,17.7,17.5,16.900000000000002,16.400000000000002,17.233333333333334,1.4000000000000001,1.5,1.4000000000000001,1.5,1.4333333333333336,337.2164152405853,0.44999998807907104,87.50277777777778,88.63888888888889,88.20694444444445,0.15548738837242126,0.09930635681690896,2.1745254345344294,18.12477415199976,20.914754755501995,20.0
28.5,-98.5,21.550569534301758,0.23614583909511566,7.300000000000001,7.5,7.6000000000000005,7.7,7.5166666666666675,7.1000000000000005,7.1000000000000005,7.2,7.300000000000001,7.15,6.300000000000001,6.300000000000001,6.2,6.2,6.25,1.46,1.04,0.85,0.5,1.0150000000000001,24.0,24.700000000000003,24.6,24.5,24.53333333333333,2.0,2.0,2.0,2.1,2.0,416.64237614949747,0.44999998807907104,90.490625,91.038125,91.64041666666667,0.1348966807126999,0.13560701283085935,2.1745254345344294,18.650651828192743,20.105806380594235,17.0
28.5,-97.5,21.368967056274414,0.24595880508422852,7.4,7.5,7.6000000000000005,7.7,7.533333333333333,7.1000000000000005,7.0,7.1000000000000005,7.2,7.066666666666666,6.0,6.0,5.9,5.9,5.95,2.41,1.18,0.93,0.66,1.26,23.6,23.6,24.700000000000003,25.8,24.15,1.6,1.5,1.5,1.6,1.5166666666666666,495.6279158815655,0.44699999690055847,86.15093803297329,86.52600909607732,89.96667140420693,0.13417287170886993,0.1776620781394862,2.1745254345344294,6.159089472499375,9.329907406133714,38.0
28.5,-96.5,21.553564071655273,0.262919545173645,6.7,6.800000000000001,6.9,7.1000000000000005,6.833333333333334,7.0,6.9,6.9,7.1000000000000005,6.916666666666667,5.5,5.300000000000001,5.300000000000001,5.5,5.333333333333334,3.27,1.75,1.2,0.6,1.7283333333333335,25.700000000000003,25.1,26.200000000000003,27.1,25.75,2.6,2.5,2.4000000000000004,2.4000000000000004,2.466666666666667,282.77739465673335,0.44999998807907104,91.46300871148095,89.61643479391496,98.27122610843844,0.13417287170886993,0.27671698125833494,2.1745254345344294,28.754515398686138,32.72750756758173,28.0
28.5,-82.5,21.68406867980957,0.17903408408164978,5.1000000000000005,5.1000000000000005,5.2,5.2,5.15,5.4,5.300000000000001,5.4,5.5,5.366666666666667,4.6000000000000005,4.4,4.5,4.6000000000000005,4.483333333333333,0.0,0.0,0.0,0.0,2.2883333333333336,17.5,9.700000000000001,8.5,8.4,10.4,2.3000000000000003,2.0,1.8,1.8,1.9499999999999997,487.86553253363303,0.4189999997615814,55.22999401317102,56.966473757732984,56.17691079624825,0.042774125933647156,0.33459563247463636,0.8401575542519385,0.0,0.0,27.0
28.5,-81.5,22.15903663635254,0.18285438418388367,5.300000000000001,5.300000000000001,5.4,5.4,5.35,5.4,5.2,5.300000000000001,5.4,5.283333333333333,4.4,4.2,4.3,4.4,4.283333333333333,0.0,0.0,0.0,0.0,3.6533333333333333,20.0,11.3,10.9,10.8,12.55,2.6,2.3000000000000003,2.2,2.1,2.3,661.481312628875,0.4189999997615814,49.10823104693141,50.487942238267145,48.97696750902527,0.019569043070077896,0.38879210263411224,0.8401575542519385,0.0,0.0,37.0
29.5,-103.5,18.956859588623047,0.18279972672462463,8.0,8.0,8.0,8.200000000000001,8.0,8.1,8.200000000000001,8.200000000000001,8.3,8.183333333333334,7.5,7.300000000000001,7.2,7.300000000000001,7.283333333333333,1.26,1.08,0.8300000000000001,0.44,0.9850000000000001,23.6,24.8,24.900000000000002,25.0,24.65,1.6,1.9000000000000001,1.9000000000000001,1.9000000000000001,1.85,158.31538661242442,0.44699999690055847,92.08402777777778,100.0,99.62638888888888,0.06599803268909454,0.022642675243706296,2.1745254345344294,14.924993064031348,14.545094265559058,0.0
29.5,-100.5,20.000652313232422,0.21038299798965454,7.2,7.300000000000001,7.300000000000001,7.4,7.283333333333333,7.4,7.4,7.5,7.5,7.45,6.6000000000000005,6.4,6.4,6.300000000000001,6.433333333333334,5.91,2.19,1.42,0.66,2.4250000000000003,24.3,20.1,19.900000000000002,19.3,20.700000000000003,1.8,1.9000000000000001,1.7000000000000002,1.9000000000000001,1.7833333333333334,307.414409986738,0.44999998807907104,96.21222222222222,99.00597222222223,99.08166666666666,0.16213256120681763,0.08950143340863062,2.1745254345344294,21.300265230700088,18.62597704971205,15.0
29.5,-99.5,19.47732925415039,0.22305075824260712,7.300000000000001,7.300000000000001,7.4,7.5,7.35,7.6000000000000005,7.6000000000000005,7.6000000000000005,7.6000000000000005,7.6,6.300000000000001,6.2,6.2,6.2,6.216666666666667,4.57,1.61,1.29,0.66,1.9433333333333334,28.1,23.8,24.400000000000002,25.3,24.81666666666667,1.7000000000000002,1.7000000000000002,1.5,1.7000000000000002,1.6,342.55241561050667,0.44999998807907104,95.75611111111111,97.29638888888888,97.79722222222222,0.11190547049045563,0.1301884623118618,2.1745254345344294,35.002659936395396,35.797954889467256,16.0
29.5,-98.5,20.211261749267578,0.2375953197479248,7.300000000000001,7.300000000000001,7.300000000000001,7.5,7.3,6.6000000000000005,6.5,6.6000000000000005,6.7,6.566666666666666,5.4,5.300000000000001,5.2,5.2,5.266666666666667,4.03,2.17,1.2,0.76,1.995,23.200000000000003,22.3,21.700000000000003,22.0,22.150000000000002,2.1,2.0,1.8,1.9000000000000001,1.9166666666666665,371.5263126035611,0.44999998807907104,88.50732728541522,90.40369853454291,91.20990928122819,0.12435051053762436,0.1843343630209323,2.1745254345344294,33.576563118039005,36.43355616918092,24.0
29.5,-97.5,20.26688575744629,0.2586056888103485,7.0,7.1000000000000005,7.2,7.300000000000001,7.133333333333333,6.800000000000001,6.800000000000001,6.800000000000001,6.9,6.800000000000001,5.5,5.4,5.4,5.4,5.416666666666667,2.41,1.35,0.85,0.6,1.2766666666666666,25.200000000000003,24.200000000000003,23.3,25.3,23.916666666666664,1.8,1.7000000000000002,1.7000000000000002,1.9000000000000001,1.7166666666666668,506.14102698347244,0.44999998807907104,88.18375,88.51270833333334,90.86791666666667,0.1386336237192154,0.1829572348720837,2.1745254345344294,10.398111421311071,15.974127708307652,37.0
29.5,-96.5,20.121641159057617,0.2683836817741394,6.6000000000000005,6.6000000000000005,6.7,6.9,6.65,6.1000000000000005,6.0,6.1000000000000005,6.2,6.066666666666666,4.5,4.3,4.3,4.3,4.333333333333334,2.9,1.31,0.92,0.53,1.3800000000000001,21.8,21.400000000000002,24.0,23.8,22.766666666666666,2.3000000000000003,1.4000000000000001,1.4000000000000001,1.4000000000000001,1.55,563.1928234575948,0.44999998807907104,83.41152777777778,84.0526388888889,86.78243055555555,0.12522034347057343,0.30562703329041985,2.1745254345344294,9.23430843083597,18.12824396036717,59.0
29.5,-95.5,20.37989044189453,0.2676318883895874,6.6000000000000005,6.6000000000000005,6.6000000000000005,6.7,6.6000000000000005,6.5,6.300000000000001,6.4,6.5,6.383333333333334,5.2,4.9,5.0,5.0,5.0,7.7700000000000005,2.31,1.8,0.9400000000000001,2.9650000000000003,25.0,23.5,24.6,25.400000000000002,24.3,2.3000000000000003,2.2,2.2,2.3000000000000003,2.216666666666667,444.41558448568026,0.44999998807907104,88.81380602392275,88.04078397463611,94.75565643464476,0.11619488894939423,0.6127751468208781,2.1745254345344294,44.194548835686376,44.204546404570934,44.0
29.5,-90.5,20.522735595703125,0.26350587606430054,5.300000000000001,5.300000000000001,5.300000000000001,5.4,5.300000000000001,6.300000000000001,6.2,6.2,6.300000000000001,6.216666666666667,5.0,4.800000000000001,4.9,4.9,4.883333333333334,7.61,2.65,1.45,1.34,2.876666666666667,30.400000000000002,32.2,30.900000000000002,30.8,31.25,3.8000000000000003,4.2,4.4,4.3,4.233333333333333,447.80344623132714,0.43700000643730164,61.8820724438331,64.88207244383311,67.88207244383311,0.00906054861843586,0.6252634042221157,0.8648680705534662,47.02620371661172,46.71887824497766,15.0
29.5,-82.5,20.628923416137695,0.18645447492599487,4.9,5.0,5.0,5.0,4.983333333333333,5.1000000000000005,5.0,5.1000000000000005,5.1000000000000005,5.066666666666666,4.6000000000000005,4.4,4.5,4.5,4.483333333333333,3.81,1.23,1.1,0.55,1.595,16.1,8.5,6.800000000000001,6.6000000000000005,8.916666666666668,1.3,1.0,0.8,0.7000000000000001,0.9500000000000001,832.3958724298086,0.4189999997615814,56.74310605515156,59.0297357621139,56.56699546403629,0.05921144410967827,0.39539602022527887,0.8401575542519385,0.0,0.0,29.0
29.5,-81.5,20.83100700378418,0.18162785470485687,5.5,5.6000000000000005,5.7,6.0,5.633333333333333,5.2,5.1000000000000005,5.1000000000000005,5.300000000000001,5.116666666666667,4.0,3.9000000000000004,4.1000000000000005,4.3,4.0166666666666675,7.5,4.3,2.79,1.55,4.078333333333333,19.3,13.4,12.4,13.100000000000001,13.883333333333333,2.4000000000000004,1.5,1.2000000000000002,1.2000000000000002,1.5,847.7565324580396,0.4189999997615814,46.52167287504233,47.39366745682357,45.25313240772096,0.015569815412163734,0.3834232958294193,0.8401575542519385,0.0,0.0,13.0
30.5,-104.5,16.45859718322754,0.17599228024482727,8.0,8.0,8.1,8.1,8.05,7.6000000000000005,7.6000000000000005,7.7,7.7,7.65,7.2,7.0,6.9,7.1000000000000005,6.983333333333333,1.0,0.93,0.6,0.42,0.7766666666666666,18.8,18.8,18.2,18.6,18.5,1.5,1.7000000000000002,1.7000000000000002,1.9000000000000001,1.6666666666666667,171.3395621717856,0.44699999690055847,89.72430555555556,100.0,100.0,0.10125859826803207,0.028382416458853546,2.1745254345344294,19.68897336586709,33.6258224437467,2.0
30.5,-103.5,16.51456642150879,0.18348033726215363,7.4,7.4,7.5,7.800000000000001,7.45,7.300000000000001,7.4,7.4,7.5,7.383333333333334,6.7,6.7,6.6000000000000005,6.7,6.65,2.17,2.08,1.55,0.8200000000000001,1.83,22.3,22.400000000000002,22.700000000000003,22.8,22.533333333333335,1.8,2.0,2.1,2.1,2.0166666666666666,183.5862343195376,0.44699999690055847,90.96944444444445,100.0,100.0,0.11358758807182312,0.046922470280843245,2.1745254345344294,16.723473080229706,30.57347346169943,4.0
30.5,-102.5,17.59988784790039,0.18694472312927246,7.800000000000001,7.800000000000001,7.800000000000001,7.800000000000001,7.800000000000001,8.0,7.9,8.0,8.0,7.966666666666667,7.1000000000000005,7.0,6.9,7.0,6.966666666666667,1.26,1.01,0.75,0.62,0.9216666666666666,20.6,20.1,20.1,18.8,20.183333333333334,1.6,1.8,1.9000000000000001,1.9000000000000001,1.8166666666666669,181.455653686411,0.44699999690055847,88.37388888888889,100.0,100.0,0.1254572719335556,0.05359849276819918,2.1745254345344294,22.299999237060543,22.299999237060543,6.0
30.5,-101.5,18.392366409301758,0.19359970092773438,7.800000000000001,7.800000000000001,7.9,7.9,7.8500000000000005,7.9,7.800000000000001,7.9,7.9,7.866666666666667,6.800000000000001,6.7,6.7,6.7,6.716666666666667,2.0,1.33,0.87,0.59,1.2116666666666667,20.900000000000002,20.8,20.400000000000002,19.700000000000003,20.616666666666667,1.9000000000000001,2.1,2.1,2.0,2.0666666666666664,240.73130232624294,0.44699999690055847,88.265,99.93375,99.966875,0.1339019387960434,0.07927840687585538,2.1745254345344294,22.299999237060543,22.299999237060543,12.0
30.5,-100.5,18.009492874145508,0.20558138191699982,7.6000000000000005,7.6000000000000005,7.7,7.800000000000001,7.65,7.800000000000001,7.800000000000001,7.800000000000001,7.9,7.800000000000001,6.7,6.6000000000000005,6.6000000000000005,6.6000000000000005,6.616666666666667,2.83,2.18,1.37,1.06,1.8833333333333333,28.400000000000002,26.6,25.700000000000003,23.8,26.450000000000003,2.3000000000000003,2.4000000000000004,2.3000000000000003,2.3000000000000003,2.3333333333333335,293.9839718956078,0.44999998807907104,95.8938888888889,98.02652777777777,99.01326388888889,0.10070265829563141,0.1180032334230318,2.1745254345344294,51.0,51.0,13.0
30.5,-99.5,18.209604263305664,0.2170948088169098,7.5,7.5,7.6000000000000005,7.7,7.550000000000001,7.6000000000000005,7.5,7.7,7.7,7.616666666666667,6.7,6.6000000000000005,6.5,6.5,6.566666666666666,3.5,2.05,1.56,0.9500000000000001,2.046666666666667,31.200000000000003,30.400000000000002,29.8,26.900000000000002,30.233333333333334,1.8,1.9000000000000001,1.8,1.9000000000000001,1.8333333333333335,334.276408233004,0.44999998807907104,94.10416666666667,96.10416666666667,97.10416666666667,0.08112674951553345,0.12701239484875426,2.1745254345344294,43.823035406673256,43.823035406673256,16.0
30.5,-98.5,18.868011474609375,0.23023903369903564,6.5,6.5,6.7,6.7,6.6,7.0,6.800000000000001,6.9,6.9,6.883333333333334,5.9,5.9,5.9,5.9,5.9,3.0,1.6,0.97,0.66,1.518333333333333,14.3,12.600000000000001,13.0,15.100000000000001,13.083333333333334,1.9000000000000001,1.9000000000000001,1.9000000000000001,2.0,1.9,361.52457707993085,0.44999998807907104,89.79286013692888,91.75890736342043,92.82681291043734,0.10437554121017456,0.14401356010236063,2.1745254345344294,18.048385101538152,21.329615733507616,19.0
30.5,-97.5,19.644222259521484,0.2523808479309082,7.2,7.2,7.300000000000001,7.4,7.25,7.2,7.2,7.300000000000001,7.300000000000001,7.25,6.300000000000001,6.1000000000000005,6.1000000000000005,6.2,6.133333333333333,2.83,2.0300000000000002,1.05,0.71,1.6733333333333333,22.5,23.5,23.6,22.6,23.383333333333333,1.8,2.0,1.9000000000000001,2.0,1.9166666666666665,400.24081280007107,0.44999998807907104,86.308125,88.12986111111111,89.15208333333334,0.12002475559711456,0.20350367714099324,2.1745254345344294,37.27861150942735,35.820015645030956,24.0
30.5,-96.5,19.836442947387695,0.2533852756023407,6.800000000000001,6.800000000000001,6.800000000000001,6.9,6.800000000000001,7.1000000000000005,7.1000000000000005,7.1000000000000005,7.300000000000001,7.1,5.7,5.6000000000000005,5.6000000000000005,5.6000000000000005,5.616666666666667,2.63,1.08,0.8300000000000001,0.6900000000000001,1.2133333333333334,27.900000000000002,27.8,28.700000000000003,29.6,28.266666666666666,2.2,2.3000000000000003,2.3000000000000003,2.3000000000000003,2.283333333333333,520.16282577157,0.44699999690055847,78.76555555555555,80.62201388888889,80.81340277777778,0.1106838807463646,0.22836182981077893,2.1745254345344294,10.9246371284502,17.10173970470844,44.0
30.5,-95.5,19.424423217773438,0.2572578489780426,6.4,6.4,6.5,6.5,6.45,5.300000000000001,5.300000000000001,5.300000000000001,5.300000000000001,5.300000000000001,4.5,4.4,4.3,4.3,4.366666666666667,3.88,1.12,0.77,0.47000000000000003,1.405,21.200000000000003,15.600000000000001,17.0,20.3,17.233333333333334,1.7000000000000002,1.3,1.3,1.3,1.3666666666666667,496.9234517125464,0.44699999690055847,61.46173611111111,61.320347222222225,59.724513888888886,0.11343123018741608,0.3716908902050149,2.1745254345344294,4.025376429606508,4.025376429606508,18.0
30.5,-94.5,19.186641693115234,0.2567678987979889,5.2,5.300000000000001,5.2,5.2,5.233333333333333,4.800000000000001,4.800000000000001,4.9,4.9,4.8500000000000005,4.3,4.1000000000000005,4.1000000000000005,4.0,4.133333333333334,3.62,1.77,0.64,0.44,1.5133333333333334,11.3,10.100000000000001,10.200000000000001,13.0,10.350000000000001,2.0,1.1,0.8,0.8,1.1,733.0763880849377,0.44999998807907104,56.29895833333333,54.985416666666666,53.81506944444445,0.05552825704216957,0.48737052469395925,2.1745254345344294,4.424363403745081,5.813982710053972,9.0
30.5,-93.5,19.2115421295166,0.2532057464122772,5.1000000000000005,5.1000000000000005,5.1000000000000005,5.1000000000000005,5.1,5.0,5.0,5.0,5.0,5.0,4.2,4.0,4.0,3.9000000000000004,4.033333333333333,3.62,1.37,0.52,0.31,1.32,11.3,8.3,8.200000000000001,8.5,8.75,2.4000000000000004,1.5,1.3,1.4000000000000001,1.55,856.298953012827,0.44999998807907104,52.85418276322259,52.06181077474187,50.5008779939594,0.054442379623651505,0.6235347146984787,0.8648680705534662,0.0,0.0,17.0
30.5,-92.5,19.532712936401367,0.26169905066490173,5.4,5.4,5.4,5.4,5.4,5.300000000000001,5.300000000000001,5.300000000000001,5.5,5.300000000000001,4.3,4.2,4.1000000000000005,4.1000000000000005,4.166666666666667,4.33,1.67,0.5700000000000001,0.32,1.5633333333333335,18.1,11.600000000000001,12.4,12.4,13.083333333333332,2.2,1.8,1.5,1.6,1.7166666666666666,733.8454771174044,0.44699999690055847,66.25501168803571,66.23794007225331,70.16334915350286,0.09029596298933029,0.776898505513985,0.8648680705534662,3.801040332742352,5.5940313487094215,51.0
30.5,-91.5,19.36850929260254,0.27904030680656433,6.2,6.2,6.2,6.300000000000001,6.199999999999999,6.4,6.300000000000001,6.300000000000001,6.4,6.316666666666667,5.0,4.800000000000001,4.800000000000001,4.800000000000001,4.833333333333334,4.41,1.67,1.03,0.44,1.806666666666667,18.8,12.3,12.600000000000001,15.5,13.533333333333333,2.7,2.5,2.5,2.4000000000000004,2.533333333333333,698.0351126390564,0.44999998807907104,73.451875,75.05215277777778,77.59875,0.13166256248950958,0.5917909820978526,0.8648680705534662,42.720402173692236,37.86540626134708,35.0
30.5,-90.5,19.344472885131836,0.2770378887653351,5.4,5.4,5.4,5.300000000000001,5.4,5.1000000000000005,5.1000000000000005,5.1000000000000005,5.1000000000000005,5.1,4.3,4.1000000000000005,4.0,3.9000000000000004,4.083333333333334,5.8100000000000005,1.4000000000000001,0.6,0.32,1.735,16.1,11.4,12.100000000000001,13.200000000000001,12.533333333333333,2.1,1.3,1.1,1.2000000000000002,1.3333333333333335,801.0837092408601,0.44699999690055847,66.5626572327044,66.75794025157232,66.96996855345913,0.04750208184123039,0.5956910347869526,0.8648680705534662,0.0,4.478773465287403,11.0
30.5,-89.5,19.27305793762207,0.259146511554718,5.0,5.0,5.1000000000000005,5.0,5.050000000000001,5.0,5.0,5.1000000000000005,5.1000000000000005,5.050000000000001,4.2,4.1000000000000005,4.1000000000000005,4.0,4.116666666666667,5.8500000000000005,1.6400000000000001,0.65,0.39,1.846666666666667,21.6,15.600000000000001,17.400000000000002,18.400000000000002,17.5,1.7000000000000002,1.0,0.9,0.9,1.0666666666666667,815.1119058949131,0.44999998807907104,44.171479500891266,44.34732620320855,40.11007130124777,0.03631250560283661,0.6357497394707975,0.8648680705534662,0.0,0.0,6.0
30.5,-88.5,19.445308685302734,0.24692434072494507,5.1000000000000005,5.1000000000000005,5.1000000000000005,5.1000000000000005,5.1,4.9,4.800000000000001,4.800000000000001,4.9,4.816666666666667,4.0,3.9000000000000004,4.0,4.0,3.966666666666667,4.48,1.61,0.78,0.26,1.6733333333333333,17.5,13.9,14.4,15.100000000000001,14.75,1.9000000000000001,1.1,0.8,0.8,1.0833333333333335,589.1589345797292,0.44999998807907104,43.900274788184106,43.431531944126405,39.14758415388138,0.022178685292601585,0.5888649305288858,0.8648680705534662,0.0,0.0,8.0
30.5,-87.5,19.48880386352539,0.2456320822238922,5.1000000000000005,5.2,5.2,5.2,5.183333333333334,4.800000000000001,4.800000000000001,4.7,4.9,4.75,4.1000000000000005,4.0,4.0,4.1000000000000005,4.016666666666667,6.71,3.66,1.73,1.98,3.203333333333333,34.7,37.5,34.7,32.1,35.63333333333333,2.1,1.2000000000000002,1.0,1.0,1.25,595.9295316732631,0.44999998807907104,46.49576319059993,45.14122698000226,37.9437351711671,0.029899723827838898,0.553024669642444,0.8401575542519385,0.0,0.0,17.0
30.5,-86.5,19.390975952148438,0.23366224765777588,5.1000000000000005,5.2,5.1000000000000005,5.1000000000000005,5.133333333333334,5.1000000000000005,5.0,5.1000000000000005,5.1000000000000005,5.066666666666666,4.3,4.1000000000000005,4.2,4.2,4.183333333333334,3.47,1.19,0.8200000000000001,0.24,1.3850000000000002,17.3,6.2,4.6000000000000005,4.3,7.25,1.7000000000000002,1.1,0.8,0.7000000000000001,1.0499999999999998,594.3677734561303,0.44999998807907104,48.35922105019126,47.80213283876203,41.043352266141184,0.024998940527439117,0.46751218261562,0.8401575542519385,0.0,0.0,10.0
30.5,-85.5,19.20881462097168,0.21642924845218658,4.800000000000001,4.9,4.9,4.9,4.883333333333334,4.800000000000001,4.800000000000001,4.9,4.800000000000001,4.8500000000000005,4.1000000000000005,4.0,4.0,4.0,4.016666666666667,4.97,1.78,0.88,0.67,1.8616666666666668,18.0,7.300000000000001,5.800000000000001,5.800000000000001,8.333333333333334,2.1,1.7000000000000002,1.1,1.1,1.4666666666666668,933.1371439172835,0.4189999997615814,46.925290875688916,45.937844458052666,40.67360685854256,0.01572544313967228,0.47416251762879014,0.8401575542519385,0.0,0.0,20.0
30.5,-84.5,19.367733001708984,0.22726520895957947,5.300000000000001,5.300000000000001,5.300000000000001,5.2,5.300000000000001,5.1000000000000005,5.1000000000000005,5.1000000000000005,5.2,5.1,4.4,4.3,4.4,4.4,4.366666666666667,0.0,0.0,0.0,0.0,1.8733333333333335,14.8,7.4,6.1000000000000005,5.7,7.983333333333334,2.0,1.4000000000000001,1.2000000000000002,1.2000000000000002,1.4000000000000001,1001.9805803588697,0.4189999997615814,49.11113522899935,48.36205773822444,42.847550828449464,0.03315084055066109,0.4037075715369971,0.8401575542519385,0.0,0.0,15.0
30.5,-83.5,19.602243423461914,0.22549426555633545,5.300000000000001,5.300000000000001,5.300000000000001,5.300000000000001,5.300000000000001,5.1000000000000005,5.0,5.0,5.2,5.016666666666667,4.4,4.2,4.3,4.3,4.283333333333333,4.03,1.81,1.17,0.6900000000000001,1.86,13.5,5.9,4.9,4.7,6.666666666666667,2.8000000000000003,2.0,1.6,1.5,1.9333333333333333,978.1458727539514,0.4189999997615814,50.49695995527291,49.11880634565658,44.90264868264728,0.014943616464734077,0.36019976648427987,0.8401575542519385,0.0,0.0,22.0
30.5,-82.5,19.722702026367188,0.2176656723022461,5.0,5.1000000000000005,5.1000000000000005,5.1000000000000005,5.083333333333334,4.6000000000000005,4.6000000000000005,4.7,4.9,4.65,3.8000000000000003,3.6,3.9000000000000004,4.0,3.783333333333333,5.8,1.6400000000000001,1.3800000000000001,0.54,2.2033333333333336,12.9,6.800000000000001,7.0,6.4,7.916666666666666,1.9000000000000001,1.1,0.7000000000000001,0.7000000000000001,1.0333333333333334,1043.7664514569503,0.4189999997615814,49.32451388888889,50.335,47.005763888888886,0.016158010810613632,0.3005187850762629,0.8401575542519385,0.0,0.0,11.0
30.5,-81.5,20.42880630493164,0.2049063742160797,5.2,5.300000000000001,5.300000000000001,5.300000000000001,5.283333333333333,4.6000000000000005,4.6000000000000005,4.7,4.9,4.65,3.9000000000000004,3.8000000000000003,4.0,4.3,3.9166666666666665,5.8,1.54,1.45,0.65,2.205,20.6,10.700000000000001,9.8,10.8,11.9,2.9000000000000004,1.7000000000000002,1.5,1.3,1.8,530.1617284869219,0.4189999997615814,44.98610433934666,45.26962457337884,42.111896635787424,0.015527159906923771,0.28093992533278855,0.8401575542519385,0.0,0.0,6.0
31.5,-111.5,18.071495056152344,0.15957039594650269,8.0,8.1,8.1,8.1,8.083333333333332,7.7,7.800000000000001,7.800000000000001,7.800000000000001,7.783333333333333,7.1000000000000005,7.0,7.0,7.1000000000000005,7.016666666666667,0.36,0.32,0.31,0.19,0.32166666666666666,15.200000000000001,15.9,16.400000000000002,16.1,16.033333333333335,1.0,1.2000000000000002,1.3,1.5,1.2166666666666668,73.83924112598478,0.41200000047683716,93.20875,99.46701388888889,99.19027777777778,0.14481410384178162,0.023665447277100123,1.7297361411069323,3.174106507557314,3.174106507557314,8.0
31.5,-110.5,15.502493858337402,0.16626545786857605,7.9,7.9,8.0,8.1,7.95,7.1000000000000005,7.1000000000000005,7.2,7.300000000000001,7.15,6.4,6.4,6.4,6.5,6.4,0.67,0.53,0.49,0.35000000000000003,0.5333333333333333,13.600000000000001,14.100000000000001,14.9,15.0,14.416666666666668,1.4000000000000001,1.7000000000000002,1.8,2.0,1.7000000000000002,93.48171637294493,0.43700000643730164,92.40326388888889,97.16465277777777,97.00944444444444,0.19977541267871857,0.03699560441863488,1.7297361411069323,22.515242039593243,22.37753939589418,8.0
31.5,-109.5,16.379823684692383,0.1649770587682724,7.800000000000001,7.800000000000001,7.9,8.0,7.8500000000000005,7.300000000000001,7.300000000000001,7.5,7.6000000000000005,7.3999999999999995,7.1000000000000005,6.9,6.9,7.0,6.933333333333334,0.64,0.59,0.44,0.35000000000000003,0.5233333333333333,13.9,15.4,15.9,15.9,15.399999999999999,1.3,1.5,1.5,1.7000000000000002,1.4666666666666668,131.497352434995,0.43700000643730164,94.03847222222223,99.09861111111111,97.89548611111111,0.12277331948280334,0.03898790402781194,1.7297361411069323,49.45619889296596,50.396199427023575,7.0
31.5,-108.5,15.618186950683594,0.16239669919013977,7.800000000000001,8.0,8.1,8.200000000000001,8.016666666666666,7.9,8.0,8.1,8.1,8.033333333333333,7.300000000000001,7.2,7.2,7.300000000000001,7.216666666666667,0.6,0.49,0.47000000000000003,0.4,0.4983333333333333,17.6,18.8,19.900000000000002,20.1,19.15,1.3,1.6,1.6,1.7000000000000002,1.55,133.96796689543274,0.43700000643730164,93.81125,97.5045138888889,96.84819444444445,0.11193539202213287,0.01825081309051031,1.7297361411069323,7.6742472075214705,7.6742472075214705,7.0
31.5,-105.5,15.785682678222656,0.15953324735164642,8.3,8.3,8.3,8.3,8.3,7.9,8.0,8.0,8.0,7.983333333333333,7.2,7.1000000000000005,7.0,7.1000000000000005,7.066666666666666,0.5700000000000001,0.52,0.47000000000000003,0.35000000000000003,0.5033333333333333,12.9,13.0,12.8,12.200000000000001,12.883333333333333,1.1,1.3,1.3,1.4000000000000001,1.2666666666666666,137.05870131578328,0.43700000643730164,89.84680555555556,100.0,100.0,0.00936427153646946,0.04405636353093416,2.1745254345344294,16.348465798239786,16.348465798239786,1.0
31.5,-104.5,16.086687088012695,0.17231211066246033,7.300000000000001,7.300000000000001,7.300000000000001,7.300000000000001,7.3,7.9,8.0,8.1,8.1,8.033333333333333,7.1000000000000005,7.0,7.0,7.1000000000000005,7.016666666666667,3.12,2.96,2.06,1.34,2.536666666666667,25.3,25.3,25.400000000000002,25.700000000000003,25.35,1.3,1.5,1.6,1.6,1.5166666666666666,147.68888015312749,0.43700000643730164,91.29083333333334,99.99541666666667,100.0,0.048530589789152145,0.03501058297193705,2.1745254345344294,15.798311314462019,15.798311314462019,1.0
31.5,-103.5,18.2453670501709,0.17496973276138306,7.800000000000001,7.800000000000001,7.800000000000001,7.9,7.800000000000001,8.0,8.0,8.0,8.0,8.0,7.300000000000001,7.300000000000001,7.2,7.4,7.25,1.1,0.89,0.64,0.35000000000000003,0.8,13.5,12.4,11.600000000000001,11.100000000000001,12.183333333333334,1.4000000000000001,1.7000000000000002,1.6,1.7000000000000002,1.6,144.97352372243637,0.43700000643730164,92.81520833333333,100.0,99.650625,0.11624499410390854,0.040786649602073725,2.1745254345344294,9.823768684578775,9.778769085121988,12.0
31.5,-102.5,18.3416805267334,0.1752893030643463,7.7,7.7,7.7,7.9,7.699999999999999,7.800000000000001,7.7,7.800000000000001,7.800000000000001,7.766666666666667,7.2,7.1000000000000005,7.1000000000000005,7.1000000000000005,7.116666666666667,1.36,0.9500000000000001,0.77,0.53,0.9283333333333335,16.3,15.8,15.9,15.9,15.933333333333334,0.9,1.2000000000000002,1.2000000000000002,1.2000000000000002,1.1500000000000001,162.4554049597082,0.43700000643730164,95.64611111111111,100.0,98.59291666666667,0.10565117001533508,0.04363525231107184,2.1745254345344294,8.5251336411308,9.632312337203864,15.0
31.5,-101.5,17.347265243530273,0.18717831373214722,7.800000000000001,7.800000000000001,7.800000000000001,7.9,7.800000000000001,7.7,7.6000000000000005,7.7,7.800000000000001,7.666666666666666,7.0,6.9,6.9,6.9,6.916666666666667,0.0,0.0,0.0,0.0,1.1416666666666666,17.6,17.1,17.1,17.0,17.183333333333334,1.7000000000000002,2.0,1.9000000000000001,2.0,1.9,205.6876354499894,0.43700000643730164,90.85916666666667,99.95402777777778,99.90729166666667,0.10955555737018585,0.08005634321528078,2.1745254345344294,21.914891623084586,16.613400012676,19.0
31.5,-100.5,18.05756378173828,0.19957327842712402,7.7,7.7,7.7,7.9,7.699999999999999,7.6000000000000005,7.6000000000000005,7.7,7.7,7.65,6.9,6.800000000000001,6.800000000000001,6.800000000000001,6.816666666666666,3.65,1.58,1.1,0.59,1.6850000000000003,21.700000000000003,20.5,20.400000000000002,20.700000000000003,20.65,1.8,2.1,2.1,2.2,2.05,270.925414023229,0.44999998807907104,96.85777777777778,98.975,99.011875,0.10574091970920563,0.09956893420582583,2.1745254345344294,28.500000000000004,28.500000000000004,19.0
31.5,-99.5,18.42243766784668,0.21164149045944214,7.300000000000001,7.4,7.5,7.7,7.433333333333334,7.5,7.5,7.6000000000000005,7.7,7.550000000000001,6.5,6.4,6.4,6.5,6.416666666666667,2.5100000000000002,1.75,1.06,0.6900000000000001,1.5316666666666667,19.8,19.700000000000003,20.0,19.8,19.866666666666667,1.7000000000000002,1.9000000000000001,1.9000000000000001,2.0,1.8666666666666667,308.4032607172069,0.43700000643730164,94.53469987407304,95.67217014131803,97.27508045333707,0.08844976872205734,0.13690684023908678,2.1745254345344294,30.189735541540113,31.104478022469472,18.0
31.5,-98.5,18.108823776245117,0.22753426432609558,6.9,6.9,7.0,7.300000000000001,6.949999999999999,7.300000000000001,7.300000000000001,7.4,7.4,7.35,6.5,6.4,6.300000000000001,6.4,6.366666666666667,2.33,1.24,0.88,0.62,1.2416666666666667,17.7,17.0,17.900000000000002,19.200000000000003,17.56666666666667,1.8,1.9000000000000001,1.9000000000000001,2.1,1.8833333333333333,354.88289095865025,0.44999998807907104,93.75111111111111,94.68333333333334,97.30125,0.0916961282491684,0.15599711327898622,2.1745254345344294,18.594312890393034,16.279003293278265,17.0
31.5,-97.5,18.733312606811523,0.24545001983642578,7.6000000000000005,7.6000000000000005,7.6000000000000005,7.800000000000001,7.6,7.1000000000000005,7.1000000000000005,7.2,7.2,7.15,6.0,5.800000000000001,5.800000000000001,5.800000000000001,5.833333333333334,2.56,1.55,0.96,0.59,1.4233333333333333,17.3,16.400000000000002,16.2,16.0,16.45,2.1,1.8,1.8,1.9000000000000001,1.85,372.6918273675245,0.44999998807907104,91.6757638888889,93.06583333333333,95.22631944444444,0.12135095149278641,0.2153683705355404,2.1745254345344294,36.409912136344914,26.640588514821815,20.0
31.5,-96.5,18.937776565551758,0.24782893061637878,6.5,6.5,6.5,6.6000000000000005,6.5,6.2,6.2,6.2,6.300000000000001,6.199999999999999,5.1000000000000005,4.7,4.5,4.5,4.666666666666666,2.58,0.91,0.8300000000000001,0.55,1.1483333333333334,19.3,17.8,18.6,20.900000000000002,18.450000000000003,1.8,1.8,1.7000000000000002,1.8,1.75,440.0384285915646,0.44699999690055847,79.5625,81.5625,81.71875,0.10226251184940338,0.24573293375723404,2.1745254345344294,15.87092862455193,26.01779891112989,32.0
31.5,-95.5,18.72162628173828,0.24929910898208618,5.6000000000000005,5.6000000000000005,5.6000000000000005,5.7,5.6,5.6000000000000005,5.6000000000000005,5.6000000000000005,5.7,5.6,4.9,4.6000000000000005,4.5,4.5,4.6,4.26,1.24,0.89,0.55,1.5683333333333336,20.1,19.6,19.400000000000002,19.900000000000002,19.583333333333336,1.8,1.6,1.5,1.6,1.5833333333333333,456.82560031960634,0.44699999690055847,58.22430555555555,57.326388888888886,55.21194444444444,0.03901549428701401,0.28458510412878607,2.1745254345344294,2.854774958732128,6.56977487290144,24.0
31.5,-94.5,18.467374801635742,0.2553207278251648,5.300000000000001,5.4,5.300000000000001,5.300000000000001,5.333333333333334,5.2,5.2,5.2,5.2,5.2,4.9,4.5,4.3,4.3,4.466666666666667,4.21,1.44,0.5700000000000001,0.34,1.4666666666666668,12.100000000000001,5.4,4.9,8.200000000000001,6.266666666666667,2.2,1.7000000000000002,1.6,1.7000000000000002,1.7333333333333334,466.57150019008014,0.44699999690055847,51.810069444444444,50.28604166666667,46.858125,0.023979326710104942,0.4092975619587878,2.1745254345344294,1.5995497839498507,1.5995497839498507,7.0
31.5,-93.5,18.217775344848633,0.25941693782806396,5.300000000000001,5.300000000000001,5.300000000000001,5.300000000000001,5.300000000000001,5.2,5.1000000000000005,5.0,4.9,5.066666666666666,4.2,4.1000000000000005,4.0,4.0,4.066666666666666,2.73,1.1,0.39,0.27,1.0166666666666668,11.200000000000001,6.5,6.6000000000000005,10.100000000000001,7.333333333333334,2.3000000000000003,1.5,1.2000000000000002,1.3,1.4833333333333334,499.9517293076394,0.44699999690055847,56.130895897292774,54.5166061959252,52.81802958414736,0.02670327201485634,0.4701465567586172,0.8648680705534662,0.0,0.0,7.0
31.5,-92.5,18.731857299804688,0.26865673065185547,5.6000000000000005,5.6000000000000005,5.6000000000000005,5.5,5.6,5.1000000000000005,5.1000000000000005,5.0,4.9,5.05,4.1000000000000005,4.0,3.8000000000000003,3.8000000000000003,3.916666666666667,3.5700000000000003,1.55,0.89,0.6900000000000001,1.5566666666666669,16.1,12.5,12.9,13.700000000000001,13.3,2.5,1.9000000000000001,1.6,1.6,1.85,533.5949505340027,0.44699999690055847,63.09198146327763,62.20011234377194,61.64239573093666,0.05894320085644722,0.5070399131408321,0.8648680705534662,12.57261506407528,10.073318563896057,16.0
31.5,-91.5,18.755464553833008,0.28203922510147095,5.7,5.6000000000000005,5.6000000000000005,5.6000000000000005,5.616666666666667,6.0,5.9,5.9,6.0,5.916666666666667,4.800000000000001,4.6000000000000005,4.5,4.6000000000000005,4.583333333333333,5.61,1.82,0.75,0.43,1.9166666666666667,19.700000000000003,14.9,15.700000000000001,17.3,16.1,2.8000000000000003,2.9000000000000004,2.8000000000000003,2.9000000000000004,2.8333333333333335,522.0089943513739,0.44999998807907104,72.420625,74.1986111111111,76.61138888888888,0.1819215714931488,0.5479717584485623,0.8648680705534662,9.407351874129638,8.651009198078603,28.0
31.5,-90.5,17.973651885986328,0.28063759207725525,5.9,5.800000000000001,5.9,5.9,5.866666666666667,5.0,5.0,5.1000000000000005,5.1000000000000005,5.050000000000001,4.3,3.9000000000000004,3.9000000000000004,3.9000000000000004,3.966666666666667,4.79,1.45,0.67,0.25,1.6166666666666667,18.3,13.200000000000001,13.700000000000001,14.700000000000001,14.3,2.6,1.8,1.7000000000000002,1.7000000000000002,1.8833333333333333,851.7601766034282,0.44699999690055847,66.17493055555556,65.89722222222223,66.11625,0.10214737802743912,0.5989219745805199,0.8648680705534662,0.0,0.0,6.0
31.5,-89.5,18.241884231567383,0.27651816606521606,5.5,5.5,5.5,5.5,5.5,4.9,4.9,4.9,5.0,4.9,4.3,4.0,4.0,4.0,4.05,4.34,1.29,0.5700000000000001,0.3,1.4383333333333335,19.5,16.6,16.900000000000002,17.8,17.233333333333334,2.6,1.6,1.4000000000000001,1.4000000000000001,1.6666666666666667,922.5358136284382,0.44999998807907104,42.87215277777778,43.985,36.540486111111115,0.026911141350865364,0.5791231896572014,0.8648680705534662,3.7500000000000004,3.7500000000000004,7.0
31.5,-88.5,18.15903663635254,0.27245068550109863,5.300000000000001,5.300000000000001,5.300000000000001,5.300000000000001,5.300000000000001,5.300000000000001,5.300000000000001,5.300000000000001,5.300000000000001,5.300000000000001,4.7,4.5,4.4,4.4,4.483333333333333,4.78,1.44,0.71,0.42,1.6316666666666668,27.900000000000002,21.700000000000003,22.6,23.8,23.183333333333334,2.6,1.8,1.7000000000000002,1.8,1.8833333333333333,889.0542328952887,0.44999998807907104,46.56875,46.06368055555556,40.37520833333333,0.026535961776971817,0.5541302125704051,0.8648680705534662,0.0,0.0,2.0
31.5,-87.5,18.217618942260742,0.2722703814506531,5.300000000000001,5.300000000000001,5.2,5.2,5.25,5.1000000000000005,5.1000000000000005,5.1000000000000005,5.0,5.1,4.2,4.0,4.0,4.0,4.033333333333333,3.92,1.61,0.84,0.5,1.6099999999999999,16.900000000000002,12.600000000000001,12.8,15.4,13.416666666666668,2.4000000000000004,1.4000000000000001,1.3,1.2000000000000002,1.5166666666666666,831.5351715615166,0.44699999690055847,47.321041666666666,45.095625,37.515625,0.03010089509189129,0.5258611204535467,0.8401575542519385,0.0,0.0,7.0
31.5,-86.5,18.14898681640625,0.26467692852020264,5.300000000000001,5.300000000000001,5.300000000000001,5.2,5.300000000000001,5.1000000000000005,5.1000000000000005,5.1000000000000005,5.0,5.1,4.4,4.1000000000000005,4.0,4.0,4.1,3.89,1.4000000000000001,1.02,0.49,1.6250000000000002,15.0,9.600000000000001,10.4,11.100000000000001,10.9,2.2,1.5,1.2000000000000002,1.2000000000000002,1.4666666666666668,916.245358009422,0.44699999690055847,48.37354166666667,46.52236111111111,38.950763888888886,0.0375584214925766,0.48897858601379257,0.8401575542519385,0.0,0.0,13.0
31.5,-85.5,18.343542098999023,0.25642791390419006,5.5,5.5,5.4,5.300000000000001,5.45,5.2,5.300000000000001,5.300000000000001,5.300000000000001,5.283333333333333,4.7,4.3,4.3,4.3,4.366666666666667,3.7600000000000002,1.16,0.64,0.41000000000000003,1.3333333333333335,15.8,6.5,6.800000000000001,7.300000000000001,8.2,1.9000000000000001,1.2000000000000002,0.9,0.9,1.1666666666666667,781.5166364377758,0.44699999690055847,52.20965277777778,50.97743055555556,46.69104166666666,0.02371680736541748,0.4364473292544016,0.8401575542519385,0.0,0.0,34.0
31.5,-84.5,18.756521224975586,0.25265902280807495,5.2,5.2,5.1000000000000005,5.2,5.15,4.9,5.0,5.0,5.1000000000000005,4.983333333333333,4.1000000000000005,4.0,4.1000000000000005,4.1000000000000005,4.066666666666666,4.8,1.84,0.92,0.42,1.8733333333333335,14.0,8.3,7.7,7.7,8.95,2.2,1.2000000000000002,0.8,0.7000000000000001,1.1666666666666665,719.6045785147517,0.44699999690055847,52.02298611111111,49.95034722222222,45.772708333333334,0.024400951340794563,0.38390136290414506,0.8401575542519385,0.0,0.0,50.0
31.5,-83.5,18.850271224975586,0.2503869831562042,5.300000000000001,5.300000000000001,5.300000000000001,5.300000000000001,5.300000000000001,5.300000000000001,5.300000000000001,5.300000000000001,5.300000000000001,5.300000000000001,4.800000000000001,4.3,4.2,4.2,4.333333333333334,5.62,1.36,1.03,0.54,1.9050000000000002,13.3,5.300000000000001,4.1000000000000005,4.0,6.033333333333333,1.8,0.9,0.7000000000000001,0.7000000000000001,0.95,756.4004714573042,0.44699999690055847,51.10583333333334,43.732569444444444,38.46451388888889,0.02195139229297638,0.3037344705728493,0.8401575542519385,0.0,0.0,55.0
31.5,-82.5,19.079219818115234,0.2343304455280304,5.1000000000000005,5.1000000000000005,5.2,5.2,5.15,4.7,4.7,4.800000000000001,5.0,4.75,4.0,3.9000000000000004,3.9000000000000004,3.8000000000000003,3.916666666666667,4.64,1.3800000000000001,0.61,0.3,1.5383333333333333,11.3,4.6000000000000005,3.4000000000000004,3.5,5.116666666666667,2.6,1.3,1.0,1.0,1.3666666666666667,884.1973731447339,0.4189999997615814,52.89138888888889,51.95652777777778,44.82298611111111,0.020276734605431557,0.2725104192287498,0.8401575542519385,0.0,0.0,28.0
31.5,-81.5,19.3701114654541,0.2196865975856781,4.7,4.7,4.800000000000001,4.800000000000001,4.75,5.0,4.9,5.0,5.300000000000001,4.966666666666667,4.1000000000000005,3.9000000000000004,4.1000000000000005,4.0,4.033333333333333,5.94,1.92,1.78,0.5,2.52,21.5,7.6000000000000005,6.800000000000001,6.4,9.516666666666667,3.2,2.9000000000000004,2.8000000000000003,2.8000000000000003,2.9000000000000004,776.4686038832729,0.4189999997615814,50.085127028934366,50.34341919548341,45.336009174311926,0.023977134376764297,0.23912468832674974,0.8401575542519385,10.418620649551949,8.334896519641559,6.0
32.5,-114.5,22.981958389282227,0.14217829704284668,8.0,8.0,8.1,8.3,8.05,8.1,8.200000000000001,8.200000000000001,8.3,8.183333333333334,7.2,7.2,7.2,7.2,7.199999999999999,0.9500000000000001,0.6,0.45,0.39,0.5833333333333334,17.5,17.3,17.2,16.900000000000002,17.28333333333333,1.1,1.3,1.3,1.3,1.2666666666666666,59.79095311554867,0.41200000047683716,97.315625,99.43854166666667,99.28506944444445,2.0742703640818618e-17,0.04578047847957546,1.7297361411069323,3.9999999999999996,3.9999999999999996,11.0
32.5,-113.5,22.7561092376709,0.13965681195259094,8.200000000000001,8.200000000000001,8.3,8.3,8.25,8.1,8.1,8.1,8.1,8.100000000000001,7.1000000000000005,6.9,6.9,7.0,6.933333333333334,0.24,0.19,0.17,0.15,0.18833333333333335,9.9,10.200000000000001,10.3,10.100000000000001,10.2,1.1,1.3,1.4000000000000001,1.5,1.3166666666666669,61.8496202687074,0.41200000047683716,96.29,99.09666666666666,99.09666666666666,1.2560442883113865e-05,0.015292285407769592,1.7297361411069323,9.187337513776448,9.149754441413444,2.0
32.5,-112.5,20.541015625,0.1467856466770172,8.200000000000001,8.200000000000001,8.200000000000001,8.200000000000001,8.2,7.800000000000001,7.800000000000001,7.800000000000001,7.9,7.800000000000001,7.300000000000001,7.1000000000000005,7.1000000000000005,7.1000000000000005,7.133333333333333,0.32,0.29,0.23,0.19,0.265,15.200000000000001,15.5,15.4,14.8,15.4,1.5,1.8,1.9000000000000001,2.1,1.8,86.26012162284428,0.41200000047683716,96.0,99.0,99.0,0.1319277435541153,0.037412503185207904,1.7297361411069323,10.242093490109564,10.406949019763879,3.0
32.5,-111.5,20.96543312072754,0.15751925110816956,7.7,7.9,8.1,8.200000000000001,7.966666666666667,8.3,8.3,8.3,8.4,8.3,7.4,7.4,7.4,7.4,7.4,0.5,0.36,0.22,0.21,0.31333333333333335,19.700000000000003,19.700000000000003,19.700000000000003,18.900000000000002,19.700000000000003,0.9,1.3,1.3,1.4000000000000001,1.2333333333333334,101.55216706216147,0.41200000047683716,95.68840277777778,99.0,99.0,0.18884694576263428,0.07195059713396668,1.7297361411069323,13.508328251921691,12.966005162208983,8.0
32.5,-110.5,17.65959930419922,0.16943618655204773,7.0,7.2,7.2,7.5,7.166666666666666,7.2,7.2,7.300000000000001,7.4,7.25,6.6000000000000005,6.5,6.4,6.5,6.466666666666667,1.29,0.97,0.6900000000000001,0.47000000000000003,0.8833333333333333,20.1,22.0,23.700000000000003,23.400000000000002,22.533333333333335,1.4000000000000001,1.7000000000000002,1.7000000000000002,1.9000000000000001,1.6500000000000001,126.85260401044096,0.44699999690055847,90.95125,99.0,98.99048611111111,0.29377806186676025,0.04379385049067862,1.7297361411069323,22.479999065399166,22.0499997138977,9.0
32.5,-109.5,17.112958908081055,0.17215561866760254,7.5,7.7,7.800000000000001,8.0,7.716666666666667,7.5,7.6000000000000005,7.7,7.800000000000001,7.633333333333333,6.9,6.800000000000001,6.800000000000001,6.9,6.816666666666666,0.59,0.5,0.49,0.35000000000000003,0.51,16.3,18.5,19.900000000000002,20.1,18.833333333333336,1.2000000000000002,1.5,1.5,1.6,1.45,124.12104497824588,0.43700000643730164,94.46194444444444,99.0,98.3495138888889,0.25278767943382263,0.06799493677850599,1.7297361411069323,10.519936430819687,10.98980093150457,6.0
32.5,-108.5,13.305588722229004,0.17223785817623138,7.5,7.800000000000001,7.9,8.1,7.800000000000001,7.300000000000001,7.2,7.300000000000001,7.4,7.266666666666667,6.7,6.6000000000000005,6.6000000000000005,6.7,6.616666666666667,0.55,0.47000000000000003,0.47000000000000003,0.36,0.4833333333333334,15.600000000000001,17.7,19.6,17.8,18.3,1.2000000000000002,1.5,1.6,1.7000000000000002,1.5,151.6945215057875,0.43700000643730164,93.11541666666666,98.48958333333333,98.025625,0.13091720640659332,0.036755755548811206,1.7297361411069323,4.2262203566841325,4.2262203566841325,4.0
32.5,-107.5,15.60990047454834,0.16506221890449524,7.300000000000001,7.4,7.6000000000000005,7.800000000000001,7.483333333333334,7.1000000000000005,7.1000000000000005,7.2,7.300000000000001,7.15,6.6000000000000005,6.5,6.6000000000000005,6.5,6.566666666666666,1.19,1.06,0.71,0.47000000000000003,0.9066666666666666,14.0,14.200000000000001,15.0,15.3,14.566666666666666,1.7000000000000002,1.7000000000000002,2.0,2.0,1.85,146.8564631917776,0.43700000643730164,93.37913965000348,98.75423551558251,98.05326640172906,0.2276677042245865,0.038085729998179,1.7297361411069323,0.0,0.0,2.0
32.5,-106.5,15.204216003417969,0.15982463955879211,8.0,8.1,8.1,8.200000000000001,8.083333333333332,8.0,8.1,8.1,8.1,8.083333333333332,7.4,7.2,7.300000000000001,7.300000000000001,7.283333333333333,1.6500000000000001,1.37,0.9,0.53,1.1816666666666666,11.3,11.4,10.8,10.600000000000001,11.083333333333334,1.0,1.3,1.3,1.3,1.25,127.9373802837758,0.43700000643730164,96.08173611111111,99.650625,98.42958333333333,0.19047731161117554,0.037381991759854794,1.7297361411069323,1.6745161044643744,1.6745161044643744,2.0
32.5,-105.5,13.7848482131958,0.17072966694831848,8.0,8.1,8.1,8.200000000000001,8.083333333333332,7.7,7.7,7.7,7.800000000000001,7.699999999999999,7.1000000000000005,7.0,7.0,7.0,7.016666666666667,0.6,0.55,0.4,0.31,0.48333333333333334,11.100000000000001,10.9,10.600000000000001,10.3,10.783333333333335,1.4000000000000001,1.7000000000000002,1.6,1.7000000000000002,1.6,187.56485485181312,0.43700000643730164,94.99875,99.48354166666667,99.59256944444445,0.07074160873889923,0.04355070469783004,1.7297361411069323,18.83288465438086,20.385832887409904,2.0
32.5,-104.5,16.172616958618164,0.1719469428062439,7.800000000000001,7.800000000000001,7.9,8.1,7.8500000000000005,7.9,8.0,8.0,8.1,7.983333333333333,7.2,7.2,7.2,7.300000000000001,7.199999999999999,1.59,1.31,1.0,0.55,1.2016666666666667,18.3,18.5,18.0,17.8,18.21666666666667,1.1,1.3,1.4000000000000001,1.4000000000000001,1.3166666666666669,164.38588257779156,0.43700000643730164,95.91194444444444,99.51958333333333,99.95416666666667,0.21002410352230072,0.05895863203176935,1.7297361411069323,14.585119916860883,15.855246521163892,6.0
32.5,-103.5,16.74531364440918,0.16484057903289795,7.7,7.7,7.800000000000001,7.9,7.75,7.800000000000001,7.9,7.800000000000001,7.800000000000001,7.833333333333334,7.2,7.2,7.2,7.2,7.199999999999999,0.99,0.96,0.68,0.42,0.825,16.8,17.1,16.3,15.9,16.65,1.1,1.3,1.3,1.4000000000000001,1.2666666666666666,169.00558532845017,0.4189999997615814,98.00881944444444,100.0,97.93895833333333,0.185003399848938,0.05558556654497589,1.7297361411069323,4.125324972447101,4.402792568182193,20.0
32.5,-102.5,16.942195892333984,0.1657709926366806,7.7,7.800000000000001,7.800000000000001,7.800000000000001,7.783333333333333,7.6000000000000005,7.7,7.7,7.800000000000001,7.683333333333334,6.7,6.6000000000000005,6.7,6.7,6.666666666666667,1.3900000000000001,0.75,0.41000000000000003,0.41000000000000003,0.6866666666666668,11.600000000000001,11.100000000000001,11.3,11.600000000000001,11.283333333333333,0.9,1.1,1.1,1.2000000000000002,1.0666666666666667,180.4758963737782,0.4189999997615814,99.0,100.0,97.71097222222222,0.09574642777442932,0.07595222324405548,2.1745254345344294,6.5,19.479999542236328,20.0
32.5,-101.5,17.213411331176758,0.18288850784301758,7.800000000000001,7.800000000000001,7.800000000000001,7.800000000000001,7.800000000000001,7.7,7.7,7.800000000000001,7.800000000000001,7.75,6.9,6.7,6.7,6.800000000000001,6.733333333333333,1.18,0.8,0.55,0.45,0.7383333333333334,11.4,11.4,11.600000000000001,11.8,11.5,1.5,1.8,1.7000000000000002,1.7000000000000002,1.7000000000000002,199.99891574635998,0.43700000643730164,98.06805555555556,99.96652777777778,99.060625,0.11031956970691681,0.06509882421818837,2.1745254345344294,18.676957247192693,18.676957247192693,20.0
32.5,-100.5,17.355117797851562,0.19501715898513794,7.6000000000000005,7.6000000000000005,7.7,7.7,7.65,7.800000000000001,7.800000000000001,7.800000000000001,7.9,7.800000000000001,6.9,6.800000000000001,6.800000000000001,6.800000000000001,6.816666666666666,0.0,0.0,0.0,0.0,1.2583333333333333,22.400000000000002,22.3,22.3,21.900000000000002,22.31666666666667,1.7000000000000002,1.9000000000000001,1.8,2.0,1.8166666666666667,249.46503561150217,0.43700000643730164,98.29597222222222,99.9563888888889,98.70347222222222,0.10642247647047043,0.0870238423932887,2.1745254345344294,24.764436104128556,25.679436065981584,23.0
32.5,-99.5,17.720569610595703,0.20808616280555725,7.6000000000000005,7.7,7.7,8.0,7.683333333333334,7.7,7.6000000000000005,7.7,7.800000000000001,7.666666666666666,6.800000000000001,6.7,6.7,6.7,6.716666666666667,2.08,1.43,1.22,0.68,1.4333333333333333,20.3,20.0,19.400000000000002,19.900000000000002,19.75,1.8,2.0,2.0,2.1,1.9666666666666666,297.45977495308443,0.43700000643730164,92.13319444444444,92.89284722222222,93.73506944444445,0.09397776424884796,0.11477545338940595,2.1745254345344294,24.704332170127373,24.98884720223856,17.0
32.5,-98.5,17.76702308654785,0.22737044095993042,7.2,7.2,7.300000000000001,7.5,7.25,7.1000000000000005,7.1000000000000005,7.2,7.300000000000001,7.15,6.1000000000000005,6.1000000000000005,6.1000000000000005,6.1000000000000005,6.1,2.93,1.7,1.21,0.7000000000000001,1.66,20.3,20.6,21.8,22.5,21.15,1.5,1.6,1.6,1.7000000000000002,1.5833333333333335,346.0310679851012,0.41200000047683716,83.24370805369128,83.95532718120805,85.03250838926175,0.07964885979890823,0.14293938011752175,2.1745254345344294,13.83673322453151,23.117986319491386,17.0
32.5,-97.5,18.255510330200195,0.24454152584075928,6.800000000000001,6.9,7.0,7.0,6.933333333333334,7.0,6.9,7.0,7.0,6.966666666666667,6.0,5.800000000000001,5.800000000000001,5.7,5.833333333333334,3.09,0.98,0.79,0.63,1.2366666666666668,13.3,11.5,12.100000000000001,13.100000000000001,12.100000000000001,1.9000000000000001,2.0,1.9000000000000001,2.0,1.9333333333333333,327.4596486742764,0.44999998807907104,85.02409722222222,86.66708333333334,87.80152777777778,0.09624344110488892,0.21858200519195672,2.1745254345344294,16.148333166659288,14.925714653253776,18.0
32.5,-96.5,18.470001220703125,0.2526031732559204,6.800000000000001,6.800000000000001,6.800000000000001,6.9,6.800000000000001,6.2,6.1000000000000005,6.2,6.2,6.166666666666666,5.4,5.2,5.2,5.2,5.233333333333333,2.58,1.05,0.86,0.54,1.21,27.3,28.6,28.400000000000002,30.3,28.28333333333333,3.1,2.4000000000000004,2.3000000000000003,2.5,2.466666666666667,332.8553785715751,0.44999998807907104,83.70208333333333,85.70208333333333,86.27229166666666,0.10070828348398209,0.316042670426631,2.1745254345344294,41.31299691076506,41.65450175131565,22.0
32.5,-95.5,18.109268188476562,0.24920347332954407,5.6000000000000005,5.6000000000000005,5.6000000000000005,5.6000000000000005,5.6,5.7,5.7,5.7,5.800000000000001,5.699999999999999,5.2,4.800000000000001,4.7,4.7,4.816666666666666,3.14,0.84,0.71,0.42,1.1583333333333332,17.900000000000002,16.5,17.7,19.700000000000003,17.333333333333336,1.6,1.6,1.5,1.6,1.55,425.02263354086045,0.44699999690055847,56.21319444444445,55.09791666666667,52.61375,0.036220286041498184,0.2880026418965911,2.1745254345344294,3.202630756452449,6.210335180425767,34.0
32.5,-94.5,17.89449119567871,0.2537243962287903,5.5,5.5,5.6000000000000005,5.5,5.550000000000001,5.300000000000001,5.300000000000001,5.300000000000001,5.2,5.300000000000001,4.5,4.3,4.3,4.2,4.333333333333334,3.27,0.91,0.47000000000000003,0.32,1.0833333333333335,11.200000000000001,5.6000000000000005,5.300000000000001,8.1,6.383333333333334,1.7000000000000002,1.2000000000000002,1.2000000000000002,1.3,1.2833333333333334,407.7725434898048,0.44699999690055847,53.0,51.0,49.0,0.026457175612449646,0.34789646792375956,2.1745254345344294,2.4752382773616435,2.4752382773616435,16.0
32.5,-93.5,17.73688316345215,0.25853994488716125,5.5,5.5,5.5,5.4,5.5,5.4,5.300000000000001,5.300000000000001,5.2,5.316666666666666,4.6000000000000005,4.4,4.3,4.3,4.383333333333333,3.3000000000000003,1.27,0.5,0.31,1.2233333333333334,13.8,11.3,11.5,13.600000000000001,11.816666666666666,2.1,1.6,1.5,1.6,1.6333333333333333,397.2238404555248,0.44699999690055847,62.97249878159159,63.33530599456938,64.25252384599318,0.05952339246869087,0.4343335803786477,0.8648680705534662,15.899104615762965,13.399826776756525,13.0
32.5,-92.5,17.6643009185791,0.26969876885414124,5.1000000000000005,5.0,4.9,4.800000000000001,4.966666666666667,5.4,5.5,5.4,5.300000000000001,5.433333333333334,4.5,4.3,4.2,4.2,4.283333333333333,2.87,1.16,0.52,0.31,1.125,10.8,7.7,7.300000000000001,12.4,8.016666666666666,2.4000000000000004,1.4000000000000001,1.2000000000000002,1.2000000000000002,1.4666666666666668,468.5935786800699,0.44699999690055847,54.85208333333333,53.60597222222222,52.322430555555556,0.028038518503308296,0.48797908648323546,0.8648680705534662,1.9999855567939027,1.9999855567939027,7.0
32.5,-91.5,17.998456954956055,0.28652989864349365,6.0,6.1000000000000005,6.1000000000000005,6.1000000000000005,6.083333333333334,5.9,5.800000000000001,5.7,5.800000000000001,5.766666666666667,4.6000000000000005,4.4,4.4,4.4,4.433333333333334,3.85,1.18,0.8,0.55,1.435,27.1,18.7,19.200000000000003,20.0,20.35,2.5,1.8,1.7000000000000002,1.7000000000000002,1.8666666666666667,463.99560067891736,0.44999998807907104,73.65881944444445,75.18965277777778,77.69479166666666,0.08552399277687073,0.49507444801616773,0.8648680705534662,18.81999969482422,15.664999842643738,58.0
32.5,-90.5,17.69239616394043,0.28507348895072937,6.300000000000001,6.300000000000001,6.4,6.5,6.3500000000000005,5.6000000000000005,5.6000000000000005,5.5,5.6000000000000005,5.55,4.7,4.6000000000000005,4.5,4.5,4.566666666666666,2.35,1.1,0.84,0.58,1.1783333333333335,35.7,33.800000000000004,34.2,34.300000000000004,34.31666666666666,2.4000000000000004,1.6,1.3,1.5,1.5833333333333335,531.7465130359273,0.44699999690055847,69.12854166666666,70.09625,71.70729166666666,0.09579209983348846,0.5202153550122204,0.8648680705534662,0.0,0.0,33.0
32.5,-89.5,17.1953182220459,0.28285831212997437,5.7,5.6000000000000005,5.6000000000000005,5.6000000000000005,5.616666666666667,5.4,5.4,5.4,5.4,5.4,4.7,4.3,4.4,4.3,4.416666666666667,4.18,1.6,1.1,1.07,1.78,16.8,11.8,12.200000000000001,13.600000000000001,12.833333333333332,3.0,2.4000000000000004,2.2,2.2,2.4000000000000004,732.5107066676918,0.44999998807907104,54.03888888888889,54.72291666666667,50.52118055555555,0.07150310277938843,0.5293229587733701,0.8648680705534662,0.0,0.0,10.0
32.5,-88.5,17.305164337158203,0.2821546196937561,5.9,5.9,5.9,5.9,5.9,4.9,5.0,5.0,5.1000000000000005,4.983333333333333,4.3,4.2,4.1000000000000005,3.9000000000000004,4.166666666666667,4.42,1.35,0.54,0.26,1.4566666666666668,17.1,9.600000000000001,9.4,11.4,10.75,2.9000000000000004,2.6,2.4000000000000004,2.5,2.5500000000000003,739.0401578885657,0.44999998807907104,49.461527777777775,50.17979166666667,44.543819444444445,0.10088447481393814,0.5831137162647659,0.8648680705534662,0.0,0.0,6.0
32.5,-87.5,17.669239044189453,0.28251513838768005,5.4,5.4,5.300000000000001,5.300000000000001,5.3500000000000005,5.7,5.7,5.7,5.7,5.699999999999999,4.9,4.7,4.6000000000000005,4.6000000000000005,4.683333333333334,3.85,1.18,0.77,0.42,1.4200000000000002,27.6,17.2,17.3,18.3,18.983333333333334,2.6,2.3000000000000003,2.2,2.4000000000000004,2.3,775.453427221223,0.44999998807907104,63.09125,60.65840277777778,58.03868055555556,0.06954137235879898,0.482147540524652,0.8401575542519385,0.0,0.0,12.0
32.5,-86.5,17.890480041503906,0.2767304480075836,5.7,5.6000000000000005,5.5,5.5,5.566666666666666,5.300000000000001,5.300000000000001,5.2,5.2,5.25,4.4,4.1000000000000005,4.0,4.0,4.1,4.65,1.45,0.7000000000000001,0.39,1.6083333333333334,19.0,11.200000000000001,11.200000000000001,12.200000000000001,12.5,2.2,1.5,1.5,1.5,1.6166666666666667,785.8880900314153,0.44699999690055847,65.96757787666878,62.37423182877728,60.82227873136964,0.06047563999891281,0.4846851966689458,0.8401575542519385,0.0,0.0,17.0
32.5,-85.5,17.48066520690918,0.2736470103263855,5.4,5.4,5.300000000000001,5.2,5.3500000000000005,5.4,5.300000000000001,5.4,5.300000000000001,5.366666666666667,4.4,4.2,4.2,4.2,4.233333333333333,4.54,1.43,0.64,0.48,1.5533333333333335,13.4,4.9,5.7,5.0,6.716666666666667,2.4000000000000004,1.7000000000000002,1.4000000000000001,1.5,1.6666666666666667,795.592474875909,0.44699999690055847,53.7,48.81656050955414,45.40120311394197,0.030993787571787834,0.42130667606254574,0.8401575542519385,2.7507943770929133,2.7507943770929133,10.0
32.5,-84.5,17.463212966918945,0.2685231566429138,5.300000000000001,5.300000000000001,5.2,5.2,5.25,5.4,5.300000000000001,5.300000000000001,5.4,5.316666666666666,4.6000000000000005,4.3,4.2,4.2,4.300000000000001,4.58,1.47,1.05,0.62,1.7783333333333333,13.600000000000001,6.5,6.4,6.4,7.633333333333334,2.5,1.5,1.2000000000000002,1.2000000000000002,1.5166666666666668,776.5499742310197,0.44699999690055847,50.49048611111111,48.88986111111111,43.350347222222226,0.027630994096398354,0.36908912052288884,0.8401575542519385,1.0753105769247198,1.0753105769247198,14.0
32.5,-83.5,18.015836715698242,0.2640172839164734,5.300000000000001,5.300000000000001,5.300000000000001,5.300000000000001,5.300000000000001,5.300000000000001,5.300000000000001,5.4,5.4,5.35,4.5,4.2,4.3,4.3,4.3,0.0,0.0,0.0,0.0,2.1383333333333336,14.100000000000001,6.0,5.4,5.300000000000001,7.05,1.9000000000000001,0.9,0.8,0.8,1.0166666666666666,759.5917092191037,0.44699999690055847,50.11888888888889,46.81847222222222,41.05569444444444,0.022838817909359932,0.312687090327165,0.8401575542519385,0.0,0.0,31.0
32.5,-82.5,18.235313415527344,0.2549978792667389,5.1000000000000005,5.2,5.2,5.2,5.183333333333334,5.1000000000000005,5.1000000000000005,5.1000000000000005,5.2,5.1,4.1000000000000005,4.0,4.0,4.0,4.016666666666667,4.74,1.3900000000000001,0.88,0.35000000000000003,1.6933333333333334,13.9,5.1000000000000005,4.2,4.5,6.116666666666667,2.1,1.0,0.6000000000000001,0.5,0.9833333333333334,831.2556917647339,0.41200000047683716,50.99736111111111,43.75930555555556,38.89833333333333,0.023115184158086777,0.2735126464832915,0.8401575542519385,0.0,0.0,30.0
32.5,-81.5,18.473785400390625,0.23764532804489136,4.7,4.800000000000001,4.9,5.0,4.833333333333334,4.9,4.800000000000001,4.800000000000001,5.0,4.816666666666667,4.2,4.0,3.9000000000000004,3.8000000000000003,3.9833333333333334,6.37,1.6,0.93,0.55,2.06,16.3,7.300000000000001,6.6000000000000005,6.800000000000001,8.450000000000001,2.3000000000000003,1.6,1.6,1.5,1.7166666666666668,888.1523614199577,0.4189999997615814,52.499722222222225,50.00409722222222,43.25486111111111,0.022791316732764244,0.24342560417734263,0.8401575542519385,0.0,0.0,26.0
32.5,-80.5,18.66124153137207,0.2395007610321045,4.7,4.800000000000001,4.800000000000001,4.9,4.783333333333333,5.2,5.1000000000000005,5.1000000000000005,5.2,5.116666666666667,4.2,4.0,4.0,4.1000000000000005,4.033333333333333,7.57,2.47,1.34,0.62,2.755,22.8,17.6,15.700000000000001,15.200000000000001,17.516666666666666,9.5,8.8,8.1,8.0,8.566666666666666,577.2540552068764,0.4189999997615814,43.80163043478261,44.04945652173913,42.51543478260869,0.022791316732764244,0.21377209112735585,0.8401575542519385,31.25,25.0,4.0
33.5,-117.5,16.630260467529297,0.1592089831829071,6.7,6.800000000000001,6.9,7.0,6.833333333333334,6.6000000000000005,6.6000000000000005,6.7,6.7,6.65,5.800000000000001,5.4,5.4,5.4,5.466666666666667,0.0,0.0,0.0,0.0,1.485,16.0,14.200000000000001,14.200000000000001,13.700000000000001,14.5,2.0,2.1,2.1,2.1,2.083333333333333,306.6153872263091,0.44699999690055847,82.73924125085776,85.23830996961082,86.73188903048721,0.1360590010881424,0.0542989789685031,0.9389996194580489,11.449999809265137,11.449999809265137,4.0
33.5,-116.5,15.36418628692627,0.15831366181373596,6.1000000000000005,6.2,6.2,6.2,6.183333333333334,6.800000000000001,6.800000000000001,6.9,7.1000000000000005,6.85,6.4,6.2,6.2,6.2,6.2333333333333325,4.0600000000000005,2.69,1.6,1.06,2.3733333333333335,17.3,13.600000000000001,13.3,12.8,14.066666666666666,1.2000000000000002,1.3,1.5,1.5,1.3833333333333333,297.6679405523232,0.41200000047683716,93.41625891234447,95.97336781769887,95.8761358870404,0.2289159893989563,0.03667417335970238,0.9389996194580489,30.55000019073486,47.49999999999999,4.0
33.5,-115.5,21.334396362304688,0.14918778836727142,7.9,7.9,8.0,8.200000000000001,7.95,8.1,8.1,8.1,8.200000000000001,8.100000000000001,7.300000000000001,7.1000000000000005,7.2,7.2,7.183333333333334,0.64,0.45,0.5,0.4,0.5066666666666667,11.9,12.100000000000001,11.4,10.4,11.716666666666667,1.3,1.6,1.6,1.7000000000000002,1.55,61.46563486786911,0.41200000047683716,96.41288130585716,98.79355934707142,98.79355934707142,4.3628628191072494e-05,0.008400862993068449,0.9389996194580489,4.251258619189062,22.50666327805974,6.0
33.5,-114.5,22.778993606567383,0.14437127113342285,8.4,8.4,8.4,8.4,8.399999999999999,8.0,8.1,8.1,8.200000000000001,8.083333333333332,6.9,7.0,6.9,6.9,6.933333333333334,0.21,0.19,0.18,0.15,0.18833333333333335,9.4,9.200000000000001,9.0,8.9,9.133333333333333,1.6,1.9000000000000001,1.9000000000000001,1.9000000000000001,1.85,80.25244907658902,0.41200000047683716,96.0,99.0,99.0,8.960714115158197e-14,0.027668875358497,1.7297361411069323,0.0,0.0,6.0
33.5,-113.5,21.92009162902832,0.14840182662010193,8.3,8.3,8.3,8.3,8.3,8.200000000000001,8.200000000000001,8.200000000000001,8.200000000000001,8.2,8.0,7.800000000000001,7.800000000000001,7.800000000000001,7.833333333333334,0.2,0.17,0.21,0.16,0.195,15.4,15.4,14.100000000000001,12.9,14.75,0.8,1.1,1.2000000000000002,1.2000000000000002,1.1,94.40836039715697,0.41200000047683716,96.0,99.0,99.0,0.08955734968185425,0.039895549188756985,1.7297361411069323,8.95956766542602,9.499851927154227,8.0
33.5,-112.5,21.680152893066406,0.15886318683624268,7.7,7.800000000000001,7.9,8.1,7.833333333333334,7.5,7.5,7.5,7.6000000000000005,7.5,6.300000000000001,6.2,6.1000000000000005,6.2,6.166666666666666,0.47000000000000003,0.38,0.29,0.17,0.35,15.100000000000001,15.4,14.9,14.700000000000001,15.1,1.3,1.6,1.6,1.7000000000000002,1.55,99.99042975441704,0.41200000047683716,95.95722222222223,98.96111111111111,98.97277777777778,0.28303325176239014,0.10057522735801434,1.7297361411069323,6.352802770833928,7.000296145691544,13.0
33.5,-111.5,20.843957901000977,0.17321744561195374,7.2,7.2,7.300000000000001,7.7,7.25,7.800000000000001,7.9,7.9,8.0,7.883333333333334,6.9,6.800000000000001,6.7,6.800000000000001,6.766666666666667,1.0,0.72,0.53,0.29,0.6716666666666667,17.7,19.3,19.6,18.400000000000002,19.183333333333334,1.5,1.9000000000000001,1.9000000000000001,2.0,1.8333333333333335,136.33416646400562,0.41200000047683716,92.50433324014537,97.89292703382723,98.22504892367905,0.30247777700424194,0.09066444221414449,1.7297361411069323,6.607483047950572,7.052351196380403,15.0
33.5,-110.5,16.214427947998047,0.18615388870239258,6.800000000000001,7.0,7.1000000000000005,7.5,7.0166666666666675,7.0,7.0,7.0,7.1000000000000005,7.0,6.4,6.300000000000001,6.2,6.300000000000001,6.2666666666666675,1.35,0.99,0.6900000000000001,0.43,0.9000000000000001,20.200000000000003,20.900000000000002,21.8,22.1,21.233333333333334,1.6,1.9000000000000001,1.9000000000000001,1.9000000000000001,1.85,181.47290197790403,0.44699999690055847,89.17400666851903,97.94831897749374,98.17886913031397,0.2518542408943176,0.048424515138863186,1.7297361411069323,14.594317651119422,18.148326872181965,6.0
33.5,-109.5,10.17700481414795,0.1921089142560959,6.4,6.4,6.5,6.5,6.45,6.4,6.4,6.4,6.5,6.4,5.2,5.0,5.0,5.1000000000000005,5.033333333333333,6.91,2.89,1.52,1.09,2.875,20.700000000000003,20.3,20.8,20.6,20.616666666666667,2.5,2.2,2.2,2.2,2.25,264.4758398387996,0.44699999690055847,86.06201388888888,91.25763888888889,93.55763888888889,0.17944341897964478,0.07795607692924293,1.7297361411069323,17.089214889639898,19.052233980348706,4.0
33.5,-108.5,7.366920471191406,0.1935749650001526,6.9,7.0,7.0,7.2,6.983333333333333,6.5,6.4,6.5,6.6000000000000005,6.466666666666667,5.2,5.0,5.1000000000000005,5.1000000000000005,5.083333333333334,3.27,2.11,1.09,0.81,1.7933333333333334,21.5,22.5,23.700000000000003,24.1,22.933333333333337,3.1,2.9000000000000004,2.9000000000000004,3.0,2.9333333333333336,254.5681087492616,0.44699999690055847,85.53756944444444,90.03055555555555,92.34534722222222,0.06539376080036163,0.05241659982955148,1.7297361411069323,16.792585160931562,24.322795157355046,3.0
33.5,-107.5,11.071292877197266,0.1829151213169098,7.4,7.5,7.6000000000000005,8.1,7.533333333333333,7.1000000000000005,7.2,7.1000000000000005,7.2,7.133333333333333,6.300000000000001,6.1000000000000005,6.1000000000000005,6.2,6.133333333333333,1.3,1.02,0.81,0.49,0.9616666666666667,24.3,25.700000000000003,26.400000000000002,26.200000000000003,25.81666666666667,2.2,2.4000000000000004,2.5,2.6,2.416666666666667,185.99461847543387,0.43700000643730164,87.42754135444649,92.07578113954474,92.8764315000707,0.09363290667533875,0.028831113689257497,1.7297361411069323,4.826428950659537,4.826428950659537,2.0
33.5,-106.5,13.932044982910156,0.17517732083797455,8.1,8.200000000000001,8.200000000000001,8.3,8.183333333333334,8.0,8.0,8.0,8.0,8.0,7.4,7.300000000000001,7.300000000000001,7.4,7.316666666666666,0.56,0.53,0.59,0.34,0.565,10.3,9.8,10.3,9.9,10.133333333333333,1.7000000000000002,1.8,1.9000000000000001,1.9000000000000001,1.8333333333333335,136.15337211261567,0.43700000643730164,96.19375,99.26055555555556,98.79041666666667,0.17886710166931152,0.025247735442137667,1.7297361411069323,1.22536280232106,1.22536280232106,1.0
33.5,-105.5,11.938630104064941,0.17982836067676544,7.4,7.5,7.5,7.7,7.483333333333333,7.0,7.0,7.1000000000000005,7.2,7.050000000000001,6.6000000000000005,6.4,6.4,6.6000000000000005,6.433333333333334,1.5,1.52,1.27,0.97,1.3916666666666666,15.600000000000001,15.5,15.700000000000001,15.200000000000001,15.616666666666667,1.6,1.8,1.9000000000000001,1.9000000000000001,1.8166666666666669,223.87041261100228,0.43700000643730164,97.44833333333334,98.61604166666666,99.00423611111111,0.14681965112686157,0.04459179665520613,1.7297361411069323,16.850207206701377,16.850207206701377,5.0
33.5,-104.5,15.531211853027344,0.17670635879039764,7.800000000000001,7.800000000000001,7.9,8.0,7.8500000000000005,7.9,8.0,8.0,8.1,7.983333333333333,7.1000000000000005,7.1000000000000005,7.1000000000000005,7.300000000000001,7.1,1.3,1.03,0.79,0.45,0.9550000000000001,13.200000000000001,12.9,13.200000000000001,12.3,13.100000000000001,1.2000000000000002,1.4000000000000001,1.5,1.6,1.4166666666666667,161.73942837764776,0.43700000643730164,95.96777777777778,99.5886111111111,99.71,0.3505452275276184,0.05447587048941178,1.7297361411069323,3.5435491151914293,3.75111054634329,9.0
33.5,-103.5,14.430793762207031,0.17052000761032104,7.7,7.800000000000001,7.800000000000001,8.0,7.783333333333333,7.7,7.7,7.800000000000001,7.800000000000001,7.75,7.1000000000000005,7.0,7.0,7.0,7.016666666666667,0.98,0.81,0.5700000000000001,0.4,0.7183333333333334,10.100000000000001,10.0,9.200000000000001,9.1,9.616666666666667,0.5,0.9,0.9,0.9,0.8333333333333333,182.03688423797317,0.4189999997615814,98.78659722222223,100.0,98.21631944444445,0.3851255178451538,0.0526801078064581,1.7297361411069323,12.198075338966046,12.198075338966046,12.0
33.5,-102.5,14.894967079162598,0.17367392778396606,7.5,7.5,7.7,7.800000000000001,7.6,7.5,7.5,7.6000000000000005,7.800000000000001,7.550000000000001,6.7,6.7,6.6000000000000005,6.7,6.65,1.9000000000000001,0.77,0.53,0.48,0.8383333333333335,10.700000000000001,10.200000000000001,9.600000000000001,10.700000000000001,9.983333333333334,1.4000000000000001,1.6,1.6,1.6,1.5666666666666667,188.1380349578079,0.43700000643730164,99.0,100.0,98.02236111111111,0.23308008909225464,0.12893178094538743,2.1745254345344294,9.675658638033148,12.117435416588577,31.0
33.5,-101.5,15.801700592041016,0.18762126564979553,7.2,7.4,7.5,7.800000000000001,7.416666666666667,7.6000000000000005,7.5,7.6000000000000005,7.7,7.566666666666666,6.7,6.7,6.7,6.7,6.7,1.22,0.77,0.53,0.46,0.7250000000000001,13.3,13.3,13.0,14.5,13.15,1.8,2.1,2.0,2.1,2.0,196.72667389176917,0.43700000643730164,98.52722222222222,100.0,98.90243055555555,0.12436682730913162,0.13149578564347458,2.1745254345344294,16.350340472206085,19.826810587428064,28.0
33.5,-100.5,16.689970016479492,0.1962313950061798,7.300000000000001,7.5,7.7,8.0,7.566666666666666,7.5,7.5,7.5,7.7,7.5,6.800000000000001,6.7,6.7,6.800000000000001,6.716666666666667,2.0100000000000002,1.2,0.87,0.51,1.1700000000000002,17.2,17.3,17.3,17.5,17.28333333333333,2.1,2.3000000000000003,2.3000000000000003,2.4000000000000004,2.2666666666666666,237.01142143690925,0.43700000643730164,97.76013888888889,100.0,98.38493055555556,0.11332320421934128,0.09252331002385908,2.1745254345344294,13.170000076293944,12.499999999999998,20.0
33.5,-99.5,17.441640853881836,0.2059207260608673,7.5,7.6000000000000005,7.6000000000000005,7.7,7.583333333333334,7.5,7.5,7.5,7.6000000000000005,7.5,6.5,6.4,6.4,6.5,6.416666666666667,2.86,1.61,1.06,0.59,1.5433333333333334,18.1,17.1,17.5,17.400000000000002,17.46666666666667,1.7000000000000002,2.1,1.9000000000000001,2.1,1.9333333333333333,270.08586175860927,0.43700000643730164,96.68646980430665,99.0784877603984,97.72483692221365,0.11197496950626373,0.10976593690326278,2.1745254345344294,22.073815226498958,24.058669771855133,25.0
33.5,-98.5,17.573226928710938,0.22183221578598022,6.9,7.0,7.2,7.800000000000001,7.083333333333334,7.2,7.2,7.300000000000001,7.4,7.25,6.6000000000000005,6.5,6.4,6.5,6.466666666666667,2.0,1.18,0.86,0.58,1.1566666666666667,18.7,19.700000000000003,21.6,22.3,20.483333333333334,1.9000000000000001,2.0,1.9000000000000001,2.1,1.9333333333333333,325.7912825882317,0.43700000643730164,92.30770833333334,94.19520833333333,93.41868055555555,0.08386772125959396,0.12893295668069413,2.1745254345344294,13.044963058082502,21.14965952779391,20.0
33.5,-97.5,17.380020141601562,0.24336053431034088,6.7,6.7,6.800000000000001,7.1000000000000005,6.75,6.4,6.4,6.4,6.5,6.4,5.4,5.2,5.2,5.2,5.233333333333333,2.57,1.24,0.91,0.61,1.2966666666666669,20.400000000000002,20.1,21.0,22.400000000000002,20.6,1.7000000000000002,1.7000000000000002,1.7000000000000002,1.7000000000000002,1.7000000000000002,349.57990200062625,0.44699999690055847,85.20568667273619,86.97030604384061,87.49912458855663,0.08173965662717819,0.18924514019742825,2.1745254345344294,15.182868323367146,21.25048816358213,24.0
33.5,-96.5,17.3742733001709,0.25476160645484924,6.2,6.1000000000000005,6.0,6.0,6.066666666666666,6.300000000000001,6.2,6.2,6.300000000000001,6.216666666666667,5.4,5.2,5.2,5.2,5.233333333333333,3.8200000000000003,1.48,0.97,0.71,1.6150000000000002,18.8,17.1,18.0,19.900000000000002,17.833333333333336,1.9000000000000001,2.0,1.8,2.0,1.8833333333333333,344.56804369240155,0.44999998807907104,80.96430107526882,82.55541218637993,82.96351254480287,0.0965409129858017,0.30920923172013187,2.1745254345344294,38.599998474121094,39.06999969482422,23.0
33.5,-95.5,17.232580184936523,0.2516130805015564,5.800000000000001,5.800000000000001,5.800000000000001,5.800000000000001,5.800000000000001,6.2,6.1000000000000005,6.2,6.2,6.166666666666666,5.5,5.0,5.0,5.0,5.083333333333334,4.29,1.53,1.19,0.59,1.82,20.3,14.0,13.3,14.5,14.700000000000001,2.4000000000000004,2.3000000000000003,2.4000000000000004,2.5,2.3666666666666667,409.5956372202324,0.44699999690055847,70.91701388888889,71.66395833333333,71.130625,0.07555968314409256,0.32834483131823333,2.1745254345344294,40.24708078590758,40.101284223163525,37.0
33.5,-94.5,17.114774703979492,0.25367698073387146,5.6000000000000005,5.5,5.5,5.4,5.516666666666667,5.300000000000001,5.300000000000001,5.2,5.2,5.25,4.6000000000000005,4.3,4.3,4.1000000000000005,4.35,3.35,1.53,1.07,0.65,1.6033333333333335,15.0,11.8,11.8,12.0,12.333333333333334,2.0,1.6,1.4000000000000001,1.5,1.5666666666666669,380.58867921852857,0.44699999690055847,51.075625,49.42243055555556,47.45256944444444,0.00576954847201705,0.37657402625264974,2.1745254345344294,4.613866162793595,2.675792142027043,27.0
33.5,-93.5,16.879663467407227,0.2633618414402008,5.6000000000000005,5.6000000000000005,5.5,5.5,5.55,5.300000000000001,5.300000000000001,5.300000000000001,5.300000000000001,5.300000000000001,4.5,4.3,4.3,4.2,4.333333333333334,2.95,1.69,0.8,0.5700000000000001,1.455,14.8,11.3,9.700000000000001,11.700000000000001,11.083333333333334,1.7000000000000002,1.6,1.5,1.6,1.5666666666666667,331.4442584094631,0.44999998807907104,52.647083333333335,53.75208333333333,49.27722222222222,0.026125168427824974,0.4653068492249781,0.8648680705534662,4.61113421867613,2.674207762605525,15.0
33.5,-92.5,16.9390811920166,0.27659958600997925,5.2,5.2,5.1000000000000005,5.0,5.15,4.9,4.9,4.9,4.9,4.9,4.2,4.1000000000000005,3.9000000000000004,3.9000000000000004,4.016666666666667,2.7,1.4000000000000001,0.62,0.36,1.2266666666666668,14.100000000000001,10.4,9.600000000000001,11.9,10.616666666666667,2.0,1.6,1.5,1.6,1.6166666666666667,299.1306892553375,0.44999998807907104,43.74375,44.61986111111111,38.041180555555556,0.021975934505462646,0.49087800677168764,0.8648680705534662,0.0,0.0,4.0
33.5,-91.5,17.178199768066406,0.29622671008110046,5.1000000000000005,5.1000000000000005,5.1000000000000005,5.1000000000000005,5.1,5.2,5.2,5.2,5.1000000000000005,5.2,4.4,4.2,4.0,3.9000000000000004,4.133333333333333,2.5100000000000002,1.3800000000000001,0.59,0.41000000000000003,1.1733333333333333,11.600000000000001,9.600000000000001,9.3,10.600000000000001,9.783333333333335,2.3000000000000003,1.4000000000000001,1.2000000000000002,1.3,1.4500000000000002,402.361043025483,0.44999998807907104,67.21256944444444,69.00666666666666,69.41701388888889,0.07745406776666641,0.6421316623115312,0.8648680705534662,18.850000381469727,16.844999313354492,43.0
33.5,-90.5,17.47600555419922,0.29278862476348877,6.4,6.5,6.5,6.5,6.483333333333333,6.0,6.0,5.9,6.0,5.95,5.2,4.9,4.9,4.9,4.95,4.04,1.27,1.1,0.5,1.6466666666666667,18.3,13.3,13.600000000000001,14.4,14.283333333333335,2.0,1.7000000000000002,1.6,1.7000000000000002,1.7,463.4079023659224,0.44699999690055847,72.93604166666667,73.93958333333333,76.31208333333333,0.2291068732738495,0.7235492190091029,0.8648680705534662,0.0,0.0,66.0
33.5,-89.5,16.457448959350586,0.28891342878341675,5.800000000000001,5.800000000000001,5.7,5.7,5.75,4.9,4.9,4.9,5.0,4.9,4.1000000000000005,3.9000000000000004,3.8000000000000003,3.7,3.8833333333333337,4.0600000000000005,1.16,0.54,0.29,1.3333333333333335,16.400000000000002,16.0,17.2,17.400000000000002,16.666666666666664,2.6,2.0,1.9000000000000001,2.0,2.0500000000000003,615.3117562435427,0.44999998807907104,46.875347222222224,48.63375,40.94555555555556,0.11241378635168076,0.5985929574417751,0.8648680705534662,0.0,0.0,18.0
33.5,-88.5,16.85801887512207,0.2873867452144623,5.300000000000001,5.300000000000001,5.300000000000001,5.300000000000001,5.300000000000001,5.800000000000001,5.800000000000001,5.800000000000001,5.7,5.800000000000001,5.0,4.800000000000001,4.800000000000001,4.6000000000000005,4.833333333333334,4.62,1.3800000000000001,0.68,0.34,1.57,17.0,16.1,16.8,18.0,16.6,2.6,2.5,2.4000000000000004,2.5,2.466666666666667,664.4882077298611,0.44699999690055847,62.963055555555556,61.49104166666667,60.539375,0.06839760392904282,0.6081023025043069,0.8648680705534662,0.0,0.0,24.0
33.5,-87.5,16.277484893798828,0.2842258810997009,5.2,5.2,5.2,5.2,5.2,5.0,5.1000000000000005,5.1000000000000005,5.0,5.083333333333334,4.5,4.2,4.1000000000000005,4.1000000000000005,4.2,4.74,1.69,0.79,0.44,1.7483333333333335,20.1,13.4,13.8,15.4,14.716666666666667,2.7,2.1,1.8,1.9000000000000001,2.05,705.158199484716,0.43700000643730164,48.86611111111111,42.164027777777775,40.78381944444445,0.025291817262768745,0.5822925060679643,0.8401575542519385,0.0,0.0,9.0
33.5,-86.5,16.215497970581055,0.2813289165496826,5.1000000000000005,5.1000000000000005,5.0,5.0,5.05,5.800000000000001,5.800000000000001,5.7,5.7,5.75,5.2,4.9,4.9,4.800000000000001,4.95,4.8,1.68,0.8300000000000001,0.43,1.7750000000000001,16.1,8.5,8.700000000000001,9.5,9.866666666666667,2.4000000000000004,1.8,1.6,1.7000000000000002,1.8,721.4174501030723,0.44699999690055847,48.31387979664322,40.93140190821088,38.39633679225573,0.027442190796136856,0.5774537884070371,0.8401575542519385,0.0,0.0,13.0
33.5,-85.5,15.716094970703125,0.28427672386169434,5.2,5.2,5.2,5.2,5.2,5.6000000000000005,5.6000000000000005,5.5,5.5,5.55,4.800000000000001,4.4,4.4,4.3,4.466666666666667,4.83,1.6500000000000001,0.77,0.44,1.74,13.700000000000001,7.2,6.5,7.4,7.933333333333334,2.2,1.4000000000000001,1.2000000000000002,1.3,1.4333333333333333,796.0268078009426,0.44699999690055847,50.52458333333333,44.34631944444445,41.06180555555556,0.029819926247000694,0.49382831233448554,0.8401575542519385,0.0,0.0,13.0
33.5,-84.5,16.32502555847168,0.2830818295478821,5.2,5.2,5.2,5.2,5.2,5.2,5.2,5.2,5.2,5.2,4.6000000000000005,4.2,4.2,4.2,4.266666666666667,4.11,1.51,0.8300000000000001,0.37,1.6033333333333335,13.4,7.9,7.6000000000000005,8.3,8.666666666666668,1.9000000000000001,1.4000000000000001,1.0,1.0,1.2833333333333332,622.3559516961676,0.44699999690055847,50.66597222222222,45.75298611111111,41.01277777777778,0.03026416152715683,0.4694925763423418,0.8401575542519385,3.7999999523162837,3.7999999523162837,16.0
33.5,-83.5,16.715126037597656,0.27941977977752686,5.4,5.4,5.4,5.4,5.4,5.4,5.4,5.4,5.4,5.4,4.9,4.5,4.5,4.5,4.566666666666666,0.0,0.0,0.0,0.0,2.3733333333333335,14.700000000000001,8.5,7.9,8.200000000000001,9.233333333333334,1.7000000000000002,1.0,0.9,0.9,1.0666666666666667,807.9183185985453,0.44699999690055847,50.55979166666667,46.64555555555555,41.435069444444444,0.02495935931801796,0.35125839760091476,0.8401575542519385,4.4751258857466425,4.4751258857466425,9.0
33.5,-82.5,16.85009002685547,0.2684929072856903,5.2,5.300000000000001,5.300000000000001,5.2,5.283333333333333,5.2,5.2,5.300000000000001,5.4,5.25,4.3,4.3,4.3,4.3,4.3,4.8100000000000005,1.24,0.64,0.27,1.5350000000000001,14.0,8.700000000000001,8.200000000000001,8.6,9.333333333333334,2.4000000000000004,1.6,1.2000000000000002,1.2000000000000002,1.5333333333333334,786.1993181756742,0.44699999690055847,49.931111111111115,44.74979166666667,39.399791666666665,0.0278327539563179,0.3060656614790482,0.8401575542519385,1.4995557814626839,1.4995557814626839,13.0
33.5,-81.5,17.27223014831543,0.25472718477249146,5.2,5.2,5.2,5.2,5.2,5.5,5.4,5.4,5.300000000000001,5.416666666666667,4.800000000000001,4.4,4.4,4.3,4.466666666666667,4.57,1.59,0.64,0.37,1.6116666666666668,13.700000000000001,9.4,9.4,9.200000000000001,10.116666666666667,1.5,0.8,0.5,0.6000000000000001,0.7666666666666666,782.4308898973511,0.4189999997615814,51.022708333333334,48.33951388888889,43.06111111111111,0.02096053771674633,0.2853858735005841,0.8401575542519385,0.0,0.0,30.0
33.5,-80.5,17.645723342895508,0.25791651010513306,5.1000000000000005,5.1000000000000005,5.1000000000000005,5.2,5.1,5.300000000000001,5.2,5.2,5.300000000000001,5.216666666666667,4.5,4.2,4.2,4.2,4.25,5.58,2.23,1.32,1.07,2.3333333333333335,17.400000000000002,10.700000000000001,9.600000000000001,8.0,11.266666666666667,3.8000000000000003,3.2,2.8000000000000003,2.8000000000000003,3.1,825.8831415513416,0.44999998807907104,47.166532228496,43.40353450172325,38.69839407494317,0.02546301856637001,0.29757637850467944,0.8401575542519385,0.0,0.0,29.0
33.5,-79.5,17.611005783081055,0.24736714363098145,5.1000000000000005,5.300000000000001,5.4,5.4,5.316666666666666,5.2,5.1000000000000005,5.2,5.2,5.166666666666666,4.2,4.0,4.0,4.0,4.033333333333333,6.65,2.07,1.4000000000000001,0.43,2.4983333333333335,22.6,12.100000000000001,11.3,10.8,13.45,2.4000000000000004,1.6,1.5,1.4000000000000001,1.6833333333333333,886.2299577590813,0.44999998807907104,45.7535526419094,43.08832535133862,39.03587972049933,0.01930692046880722,0.33139224149887425,0.8401575542519385,0.0,0.0,17.0
34.5,-119.5,13.672030448913574,0.16898414492607117,6.1000000000000005,6.2,6.2,6.300000000000001,6.183333333333334,6.7,6.7,6.7,6.7,6.7,5.6000000000000005,5.4,5.4,5.4,5.433333333333334,1.97,1.24,0.62,0.44,1.0516666666666667,16.8,15.0,14.9,15.0,15.25,3.1,3.2,3.2,3.2,3.1833333333333336,466.58018282667274,0.44699999690055847,87.01730959446093,89.34727992087042,89.54480712166172,0.296022891998291,0.10477873036763967,0.9389996194580489,13.697331549577855,22.444678213378673,4.0
34.5,-118.5,16.29724884033203,0.17091645300388336,6.5,6.6000000000000005,6.6000000000000005,6.7,6.583333333333334,6.800000000000001,6.800000000000001,6.9,6.9,6.85,5.2,4.9,4.800000000000001,4.7,4.9,7.21,4.25,1.61,0.7000000000000001,3.4233333333333333,19.5,19.3,18.8,18.2,19.083333333333336,2.1,2.3000000000000003,2.3000000000000003,2.3000000000000003,2.2666666666666666,421.93539901759107,0.44699999690055847,89.9722576079264,92.38796886058033,92.4543524416136,0.2035541832447052,0.08292548642318905,0.9389996194580489,10.699999809265137,10.699999809265137,9.0
34.5,-117.5,15.170805931091309,0.16536283493041992,7.300000000000001,7.4,7.5,7.7,7.433333333333334,8.200000000000001,8.1,8.200000000000001,8.200000000000001,8.166666666666668,7.300000000000001,7.2,7.2,7.2,7.216666666666667,0.9500000000000001,0.65,0.44,0.24,0.595,14.700000000000001,14.8,15.0,14.600000000000001,14.883333333333333,0.9,1.3,1.3,1.4000000000000001,1.2333333333333334,271.8250528959028,0.41200000047683716,91.98138888888889,94.38659722222222,94.19368055555556,0.09988522529602051,0.05723758086901296,0.9389996194580489,6.718429253560071,17.33105339011519,9.0
34.5,-116.5,17.78122901916504,0.15568388998508453,8.5,8.6,8.6,8.8,8.583333333333332,7.9,8.0,8.1,8.1,8.033333333333333,7.2,7.0,7.0,7.1000000000000005,7.033333333333333,0.42,0.33,0.3,0.18,0.32999999999999996,11.0,11.3,11.700000000000001,11.200000000000001,11.45,0.6000000000000001,1.0,1.0,1.1,0.9333333333333333,134.3503857016984,0.41200000047683716,94.18118055555556,96.86631944444444,96.79645833333333,0.02464662864804268,0.022077354505735194,0.9389996194580489,2.449711971167631,2.449711971167631,1.0
34.5,-115.5,22.522912979125977,0.1510152518749237,8.3,8.3,8.3,8.5,8.3,8.200000000000001,8.200000000000001,8.200000000000001,8.200000000000001,8.2,7.4,7.2,7.300000000000001,7.300000000000001,7.283333333333333,0.44,0.39,0.29,0.19,0.34833333333333333,10.3,10.4,10.200000000000001,9.5,10.283333333333335,1.0,1.4000000000000001,1.4000000000000001,1.5,1.3333333333333335,59.68481173773669,0.41200000047683716,96.0,99.0,99.0,0.0036320488434284925,0.009537499943416303,0.9389996194580489,0.0,0.0,0.0
34.5,-114.5,22.208585739135742,0.15124699473381042,8.200000000000001,8.3,8.200000000000001,8.1,8.233333333333334,8.1,8.200000000000001,8.200000000000001,8.200000000000001,8.183333333333334,7.1000000000000005,7.0,7.0,7.0,7.016666666666667,0.33,0.27,0.23,0.21,0.26,16.400000000000002,17.5,16.5,15.700000000000001,16.816666666666666,1.1,1.4000000000000001,1.5,1.5,1.4,84.56718723665249,0.41200000047683716,95.95406035762245,99.0,99.0,1.0125493261366582e-15,0.023138070205035645,0.9389996194580489,30.479740750216244,26.749772571182927,2.0
34.5,-113.5,19.65878677368164,0.1601674109697342,7.9,8.200000000000001,8.200000000000001,8.200000000000001,8.15,8.0,8.0,8.0,8.1,8.0,6.6000000000000005,6.5,6.5,6.5,6.516666666666667,0.62,0.46,0.43,0.26,0.4716666666666667,12.0,12.4,12.5,12.5,12.383333333333333,1.4000000000000001,1.6,1.7000000000000002,1.9000000000000001,1.6166666666666667,140.33447784550455,0.41200000047683716,95.15347222222222,99.11944444444444,99.0,0.06395912915468216,0.027201142720570583,1.7297361411069323,19.26454311654263,17.826417687295677,6.0
34.5,-112.5,12.170841217041016,0.18059054017066956,7.4,7.5,7.6000000000000005,7.9,7.533333333333333,7.0,7.0,7.1000000000000005,7.2,7.050000000000001,6.4,6.2,6.2,6.300000000000001,6.2333333333333325,0.9400000000000001,0.78,0.77,0.46,0.8016666666666667,13.9,16.7,19.0,18.0,17.383333333333333,1.1,1.4000000000000001,1.5,1.5,1.4,178.66280968798105,0.43700000643730164,87.47277777777778,90.12930555555556,90.64597222222223,0.2630882263183594,0.044003792339897735,1.7297361411069323,13.451045981765834,13.451045981765834,9.0
34.5,-111.5,11.144070625305176,0.19778645038604736,7.300000000000001,7.4,7.5,7.800000000000001,7.433333333333334,7.300000000000001,7.300000000000001,7.4,7.5,7.35,6.7,6.6000000000000005,6.6000000000000005,6.6000000000000005,6.616666666666667,1.3800000000000001,1.01,0.74,0.47000000000000003,0.9366666666666666,21.1,22.6,23.700000000000003,23.6,22.900000000000002,1.5,1.8,1.9000000000000001,2.1,1.8,234.32233600744803,0.44699999690055847,85.42743055555556,89.43020833333334,91.68,0.24882815778255463,0.06321311659564552,1.7297361411069323,12.406605618789143,11.46213635285848,4.0
34.5,-110.5,10.681022644042969,0.20096424221992493,6.7,6.800000000000001,6.9,7.1000000000000005,6.833333333333334,7.800000000000001,7.800000000000001,7.9,8.0,7.8500000000000005,6.7,6.7,6.7,6.6000000000000005,6.7,1.48,1.21,1.02,0.68,1.1600000000000001,26.400000000000002,27.1,28.3,29.700000000000003,27.583333333333336,1.4000000000000001,1.7000000000000002,1.6,1.8,1.6,184.2575613051846,0.44699999690055847,91.12465277777778,94.07916666666667,95.49569444444444,0.08674097061157227,0.03958408511506702,1.7297361411069323,8.18646519891124,9.081186200465675,5.0
34.5,-109.5,11.854866027832031,0.19931660592556,8.0,8.200000000000001,8.3,8.3,8.216666666666667,8.0,8.0,8.1,8.200000000000001,8.05,7.1000000000000005,7.1000000000000005,7.0,7.0,7.05,0.54,0.48,0.55,0.34,0.525,12.200000000000001,13.100000000000001,13.5,13.0,13.149999999999999,1.3,1.6,1.8,1.8,1.65,150.5672081336855,0.43700000643730164,91.33479166666666,94.11597222222223,95.11076388888888,0.06832822412252426,0.03768099330990363,1.7297361411069323,18.175981781501278,16.288729869681454,2.0
34.5,-108.5,9.207474708557129,0.19661913812160492,7.800000000000001,7.800000000000001,7.9,8.0,7.8500000000000005,7.6000000000000005,7.6000000000000005,7.800000000000001,8.0,7.7,6.7,6.6000000000000005,6.7,6.7,6.666666666666667,0.77,0.59,0.61,0.36,0.6300000000000001,18.2,18.5,19.0,18.900000000000002,18.7,1.5,1.7000000000000002,1.8,1.9000000000000001,1.7166666666666668,167.25299465008814,0.43700000643730164,87.43284722222222,90.76041666666667,90.968125,0.07762416452169418,0.023276406852319752,1.7297361411069323,14.899363294708547,14.899363294708547,3.0
34.5,-107.5,10.884559631347656,0.1899176836013794,7.4,7.6000000000000005,7.6000000000000005,7.9,7.566666666666666,7.6000000000000005,7.6000000000000005,7.7,7.9,7.65,6.800000000000001,6.7,6.6000000000000005,6.7,6.666666666666667,1.94,1.42,1.01,0.72,1.3016666666666667,19.3,21.3,21.900000000000002,22.200000000000003,21.266666666666666,1.0,1.4000000000000001,1.5,1.6,1.3833333333333333,154.62296793935894,0.43700000643730164,87.75798611111111,90.99236111111111,91.005625,0.06507351249456406,0.022332712550147942,1.7297361411069323,20.81437628774085,23.877615431396336,3.0
34.5,-106.5,11.79383373260498,0.18676207959651947,8.200000000000001,8.3,8.3,8.3,8.283333333333333,8.1,8.200000000000001,8.200000000000001,8.200000000000001,8.183333333333334,7.300000000000001,7.2,7.2,7.300000000000001,7.216666666666667,1.02,0.73,0.6,0.33,0.7133333333333334,11.0,11.5,11.100000000000001,10.9,11.216666666666669,1.0,1.3,1.3,1.4000000000000001,1.25,180.39842354856935,0.43700000643730164,93.17055555555555,95.62256944444445,95.26736111111111,0.08400845527648926,0.035212089349594744,1.7297361411069323,11.387276409361386,11.142350698008038,5.0
34.5,-105.5,11.043781280517578,0.18986481428146362,7.300000000000001,7.6000000000000005,7.7,8.0,7.6,7.800000000000001,7.9,7.800000000000001,8.0,7.833333333333334,6.800000000000001,6.800000000000001,6.800000000000001,7.0,6.800000000000001,1.51,0.99,0.78,0.65,0.9716666666666668,16.7,16.2,16.400000000000002,16.2,16.383333333333333,1.3,1.7000000000000002,1.8,1.9000000000000001,1.6833333333333333,184.6911115652193,0.43700000643730164,91.0729861111111,91.90180555555555,92.60972222222222,0.04805378243327141,0.020862509236362268,1.7297361411069323,8.649666533131311,8.649666533131311,4.0
34.5,-104.5,14.029301643371582,0.18590231239795685,7.7,7.7,7.9,8.1,7.8,7.7,7.7,7.800000000000001,7.9,7.75,7.0,6.9,6.800000000000001,6.9,6.866666666666667,1.43,1.02,0.74,0.43,0.9483333333333334,11.700000000000001,11.5,11.5,11.0,11.533333333333333,0.6000000000000001,0.9,0.9,1.1,0.8500000000000001,180.760627400869,0.43700000643730164,96.3169250104734,99.22224549643904,99.39952520597681,0.295030415058136,0.020492527850556046,1.7297361411069323,4.946499447223121,7.552289402393691,3.0
34.5,-103.5,13.703286170959473,0.1863745152950287,7.6000000000000005,7.800000000000001,7.800000000000001,8.0,7.7666666666666675,7.5,7.5,7.5,7.6000000000000005,7.5,6.4,6.4,6.4,6.6000000000000005,6.4,1.27,1.1400000000000001,0.78,0.51,0.9816666666666667,11.0,10.8,10.700000000000001,10.600000000000001,10.783333333333335,1.6,1.9000000000000001,1.9000000000000001,1.9000000000000001,1.85,215.07944749687596,0.43700000643730164,97.74340277777777,99.86118055555555,98.84034722222222,0.3422163128852844,0.07277723523330208,1.7297361411069323,11.726751106552948,11.726751106552948,20.0
34.5,-102.5,13.25844955444336,0.19246584177017212,7.4,7.5,7.6000000000000005,8.0,7.533333333333333,7.5,7.5,7.6000000000000005,7.7,7.550000000000001,6.300000000000001,6.5,6.5,6.6000000000000005,6.466666666666667,1.81,1.09,0.8200000000000001,0.54,1.0750000000000002,18.7,18.0,17.900000000000002,18.0,18.06666666666667,1.7000000000000002,2.1,2.0,2.2,1.9833333333333334,263.759843292725,0.43700000643730164,98.25847222222222,100.0,99.00131944444445,0.5171706080436707,0.21577923366860524,2.1745254345344294,24.65216777313736,26.822825876831836,54.0
34.5,-101.5,14.352740287780762,0.19831225275993347,7.4,7.5,7.6000000000000005,7.9,7.533333333333333,7.1000000000000005,7.2,7.4,7.6000000000000005,7.283333333333333,6.5,6.4,6.5,6.6000000000000005,6.466666666666667,1.85,1.06,0.74,0.45,1.0316666666666667,17.3,17.7,18.400000000000002,18.2,17.983333333333334,2.0,2.2,2.2,2.3000000000000003,2.166666666666667,235.40822343986102,0.43700000643730164,97.78888888888889,100.0,98.73791666666666,0.5012799501419067,0.14344331194188806,2.1745254345344294,31.799999237060547,36.13999938964844,30.0
34.5,-100.5,16.378385543823242,0.20278514921665192,7.2,7.4,7.5,8.0,7.416666666666667,7.0,7.0,7.2,7.300000000000001,7.1,6.800000000000001,6.7,6.7,6.7,6.716666666666667,1.92,1.21,0.88,0.49,1.1633333333333333,13.700000000000001,13.200000000000001,13.4,13.0,13.383333333333333,1.7000000000000002,2.0,2.1,2.2,2.0,232.43006762265122,0.43700000643730164,95.71388888888889,98.1998611111111,96.73381944444445,0.3460678160190582,0.09621406916149883,2.1745254345344294,14.23720505292412,14.496574545909741,19.0
34.5,-99.5,16.657928466796875,0.20913229882717133,7.300000000000001,7.4,7.6000000000000005,7.7,7.483333333333334,7.6000000000000005,7.6000000000000005,7.7,7.7,7.65,6.800000000000001,6.800000000000001,6.800000000000001,6.800000000000001,6.800000000000001,1.98,1.25,0.8300000000000001,0.49,1.1616666666666666,12.100000000000001,11.700000000000001,12.0,13.100000000000001,11.916666666666666,1.8,1.9000000000000001,1.8,1.9000000000000001,1.8333333333333335,267.85748103184596,0.43700000643730164,96.32243055555556,99.1992361111111,97.38402777777777,0.16208577156066895,0.10315973744540757,2.1745254345344294,14.21680987147988,14.154290442096702,35.0
34.5,-98.5,16.648452758789062,0.22188584506511688,6.800000000000001,6.9,6.9,7.2,6.883333333333333,6.300000000000001,6.4,6.5,6.6000000000000005,6.433333333333334,5.800000000000001,5.6000000000000005,5.7,5.7,5.683333333333334,3.43,1.7,1.1400000000000001,0.77,1.7083333333333333,18.6,17.2,17.7,18.8,17.683333333333334,2.3000000000000003,2.3000000000000003,2.1,2.2,2.2,319.55851331435287,0.43700000643730164,96.01277777777777,98.89340277777778,97.02486111111111,0.11542998999357224,0.13890530185281794,2.1745254345344294,17.086033179468394,18.896128642368456,37.0
34.5,-97.5,16.471593856811523,0.24096554517745972,6.5,6.5,6.7,6.9,6.6,6.6000000000000005,6.7,6.7,6.800000000000001,6.683333333333334,5.7,5.5,5.5,5.4,5.533333333333333,3.68,1.3900000000000001,0.86,0.6900000000000001,1.5066666666666666,16.5,15.8,16.2,17.3,16.116666666666667,1.4000000000000001,1.5,1.4000000000000001,1.5,1.4333333333333336,343.4662378925265,0.43700000643730164,85.71351804033777,87.81059390048154,88.30023030218437,0.0939992293715477,0.16901728818344786,2.1745254345344294,12.193604541199559,13.6565481227892,32.0
34.5,-96.5,16.369510650634766,0.253184974193573,6.0,6.0,6.0,6.0,6.0,6.0,6.0,6.0,6.0,6.0,5.300000000000001,5.0,4.9,4.9,5.0,4.09,1.61,0.87,0.59,1.6533333333333335,13.0,10.700000000000001,11.0,13.0,11.233333333333333,1.5,1.6,1.5,1.6,1.5333333333333332,357.19794801128995,0.44699999690055847,80.82042302843536,81.79976187141057,83.57031797170472,0.08656159788370132,0.24590415660119652,2.1745254345344294,9.40018191921903,9.40018191921903,24.0
34.5,-95.5,16.01121711730957,0.2565867006778717,5.7,5.7,5.800000000000001,6.0,5.75,5.9,6.0,6.0,6.0,5.983333333333333,5.1000000000000005,4.9,4.9,4.9,4.933333333333334,3.0,1.35,1.05,0.6900000000000001,1.475,17.8,14.3,14.4,16.6,14.933333333333334,2.0,1.5,1.3,1.4000000000000001,1.4833333333333334,344.6922149048578,0.44699999690055847,56.096944444444446,54.306875,51.15972222222222,0.05566898360848427,0.33382663112062616,2.1745254345344294,0.0,0.0,11.0
34.5,-94.5,15.23434829711914,0.2617928981781006,5.7,5.7,5.6000000000000005,5.6000000000000005,5.65,5.300000000000001,5.300000000000001,5.300000000000001,5.300000000000001,5.300000000000001,4.800000000000001,4.4,4.4,4.3,4.466666666666667,5.3500000000000005,2.02,1.21,0.91,2.17,20.1,15.8,13.9,14.8,15.566666666666666,2.1,1.5,1.3,1.3,1.5,293.85518402595625,0.44699999690055847,51.06923611111111,47.80138888888889,43.18333333333333,0.021884240210056305,0.5041436371155195,2.1745254345344294,0.0,0.0,7.0
34.5,-93.5,15.50716495513916,0.2662620544433594,5.7,5.7,5.800000000000001,5.7,5.75,5.2,5.2,5.1000000000000005,5.1000000000000005,5.15,5.0,4.6000000000000005,4.5,4.5,4.616666666666667,3.25,1.49,0.93,0.53,1.5033333333333336,14.8,8.5,8.4,10.0,9.5,1.9000000000000001,1.5,1.3,1.5,1.4666666666666668,301.0393421265524,0.44699999690055847,52.98931041710333,47.813596031579685,44.08125480332565,0.022219499573111534,0.5302052627940966,0.8648680705534662,0.0,0.0,4.0
34.5,-92.5,16.32543182373047,0.27991509437561035,5.1000000000000005,5.1000000000000005,5.1000000000000005,5.0,5.1,5.4,5.300000000000001,5.300000000000001,5.300000000000001,5.316666666666666,5.2,4.800000000000001,4.5,4.5,4.716666666666667,3.2600000000000002,1.6500000000000001,0.97,0.51,1.5783333333333331,16.1,10.9,11.700000000000001,12.200000000000001,12.166666666666668,2.1,1.6,1.3,1.4000000000000001,1.5333333333333332,368.92309880285393,0.44699999690055847,51.35041666666667,48.97215277777778,43.939791666666665,0.07264292985200882,0.5205717433831754,0.8648680705534662,0.0,0.0,14.0
34.5,-91.5,16.622941970825195,0.294733464717865,5.5,5.4,5.4,5.4,5.416666666666667,6.0,5.9,5.800000000000001,5.800000000000001,5.866666666666667,5.300000000000001,5.1000000000000005,5.1000000000000005,5.1000000000000005,5.133333333333333,3.48,1.11,0.51,0.34,1.205,14.4,11.700000000000001,11.5,12.700000000000001,12.05,1.9000000000000001,1.9000000000000001,1.9000000000000001,1.9000000000000001,1.9,453.5905018715965,0.44999998807907104,67.31861111111111,70.27083333333333,73.98944444444444,0.10952416062355042,0.8616398982663243,0.8648680705534662,25.536920437870517,24.97190170966948,63.0
34.5,-90.5,16.442853927612305,0.29540300369262695,6.0,5.9,6.0,6.1000000000000005,5.966666666666667,5.6000000000000005,5.6000000000000005,5.5,5.5,5.55,4.800000000000001,4.6000000000000005,4.6000000000000005,4.5,4.633333333333333,3.06,1.07,0.66,0.35000000000000003,1.1966666666666668,18.8,10.3,11.0,12.5,12.066666666666666,2.7,1.7000000000000002,1.6,1.6,1.8166666666666667,485.8373432091419,0.44699999690055847,74.05868055555555,75.61868055555556,78.01770833333333,0.18857663869857788,0.7196295627884675,0.8648680705534662,28.232853015748262,20.927114801867564,68.0
34.5,-89.5,15.816462516784668,0.2913113534450531,5.5,5.5,5.4,5.4,5.45,5.2,5.2,5.1000000000000005,5.1000000000000005,5.15,4.800000000000001,4.4,4.2,4.1000000000000005,4.366666666666667,3.47,1.17,0.54,0.31,1.2383333333333333,19.6,11.200000000000001,10.9,11.100000000000001,12.45,2.5,1.6,1.3,1.4000000000000001,1.6,621.175546361179,0.44999998807907104,47.759770114942526,49.38721264367816,42.010416666666664,0.17445023357868195,0.6050005111637421,0.8648680705534662,0.0,0.0,42.0
34.5,-88.5,15.876221656799316,0.2887873947620392,5.5,5.4,5.300000000000001,5.300000000000001,5.366666666666667,5.300000000000001,5.300000000000001,5.300000000000001,5.300000000000001,5.300000000000001,4.800000000000001,4.4,4.3,4.1000000000000005,4.416666666666666,4.68,1.19,0.46,0.25,1.4066666666666667,16.900000000000002,8.6,8.9,9.4,10.133333333333333,2.5,1.8,1.6,1.7000000000000002,1.8166666666666667,658.7136017486608,0.44699999690055847,47.944042179261864,46.4385237258348,41.25595782073814,0.0381767600774765,0.6127824752705173,0.8648680705534662,0.0,0.0,35.0
34.5,-87.5,15.361504554748535,0.28750482201576233,5.300000000000001,5.300000000000001,5.2,5.1000000000000005,5.25,5.7,5.6000000000000005,5.6000000000000005,5.6000000000000005,5.616666666666667,5.2,4.800000000000001,4.6000000000000005,4.6000000000000005,4.7666666666666675,4.53,1.29,0.58,0.31,1.475,15.9,9.700000000000001,9.8,12.0,10.783333333333333,2.1,1.6,1.5,1.5,1.6333333333333333,690.7008727573868,0.44699999690055847,49.07559224694903,44.49956927494616,40.59195979899498,0.04227767512202263,0.6398959826760207,0.8401575542519385,0.0,0.0,41.0
34.5,-86.5,15.28288745880127,0.28592681884765625,5.300000000000001,5.300000000000001,5.300000000000001,5.300000000000001,5.300000000000001,5.6000000000000005,5.6000000000000005,5.6000000000000005,5.6000000000000005,5.6,5.1000000000000005,4.7,4.6000000000000005,4.5,4.716666666666667,3.56,1.46,0.5700000000000001,0.35000000000000003,1.3650000000000002,12.8,9.4,9.200000000000001,9.200000000000001,9.866666666666667,1.9000000000000001,1.5,1.4000000000000001,1.5,1.5166666666666666,716.239659698766,0.44699999690055847,47.82106176768407,43.67893823231593,38.61557934326631,0.02856398932635784,0.5966081678026411,0.8401575542519385,0.0,0.0,41.0
34.5,-85.5,14.628832817077637,0.2880617082118988,6.1000000000000005,6.1000000000000005,6.1000000000000005,6.2,6.1,5.300000000000001,5.300000000000001,5.300000000000001,5.300000000000001,5.300000000000001,4.9,4.5,4.4,4.2,4.516666666666667,4.98,3.09,1.19,0.55,2.455,16.400000000000002,17.6,18.2,17.1,17.7,2.3000000000000003,1.6,1.4000000000000001,1.3,1.6166666666666667,801.9526412786668,0.44699999690055847,49.408123111517114,43.08853910477127,39.452462933033516,0.03920428827404976,0.5480472267130069,0.8401575542519385,0.0,0.0,28.0
34.5,-84.5,14.444619178771973,0.29140761494636536,4.800000000000001,4.800000000000001,4.9,5.1000000000000005,4.8500000000000005,5.0,5.0,5.1000000000000005,5.1000000000000005,5.050000000000001,4.5,4.2,4.2,4.2,4.25,11.09,5.37,2.75,1.57,5.013333333333334,37.2,15.200000000000001,13.0,9.600000000000001,17.766666666666666,2.1,1.6,1.2000000000000002,1.2000000000000002,1.4833333333333334,774.9380779336996,0.44699999690055847,49.316944444444445,42.890277777777776,39.80965277777778,0.04029009863734245,0.6322620539080043,0.8401575542519385,8.115820031028605,10.42605346738789,13.0
34.5,-83.5,15.056754112243652,0.2922070026397705,5.300000000000001,5.300000000000001,5.4,5.4,5.35,4.800000000000001,4.800000000000001,4.800000000000001,5.0,4.800000000000001,4.7,4.4,4.4,4.3,4.45,8.84,4.64,1.59,0.6900000000000001,3.8150000000000004,22.1,11.3,10.200000000000001,9.200000000000001,12.55,2.1,1.3,1.1,1.0,1.3333333333333335,832.1405871478682,0.44699999690055847,51.33875,45.617222222222225,42.049305555555556,0.029920147731900215,0.6337783650948742,0.8401575542519385,4.300000190734863,4.300000190734863,10.0
34.5,-82.5,15.784892082214355,0.28485924005508423,5.300000000000001,5.300000000000001,5.300000000000001,5.300000000000001,5.300000000000001,5.5,5.5,5.5,5.5,5.5,4.9,4.4,4.3,4.2,4.433333333333334,4.57,1.6,0.85,0.38,1.72,17.8,9.3,8.200000000000001,7.6000000000000005,10.166666666666668,1.9000000000000001,1.4000000000000001,1.2000000000000002,1.2000000000000002,1.3833333333333333,784.2172895259183,0.44699999690055847,52.694890306301254,47.50543211607206,43.823368612882874,0.031665951013565063,0.40424114086394275,0.8401575542519385,3.925037916741849,3.925037916741849,18.0
34.5,-81.5,16.012365341186523,0.2769714295864105,5.5,5.5,5.4,5.5,5.45,4.9,5.0,5.0,5.0,4.983333333333333,4.7,4.3,4.1000000000000005,4.1000000000000005,4.2666666666666675,0.0,0.0,0.0,0.0,1.9383333333333335,13.700000000000001,8.0,6.9,7.1000000000000005,8.399999999999999,2.1,1.3,1.0,1.1,1.2833333333333332,834.9317840135095,0.44699999690055847,53.246345657781596,48.3920894239037,44.65176268271711,0.029470503330230713,0.2904558280025566,0.8401575542519385,5.562928324279383,6.675765629326533,8.0
34.5,-80.5,16.26557731628418,0.26981571316719055,6.1000000000000005,6.1000000000000005,6.2,6.300000000000001,6.15,5.2,5.1000000000000005,5.2,5.300000000000001,5.166666666666666,4.6000000000000005,4.4,4.3,4.2,4.383333333333333,3.67,1.1400000000000001,0.5700000000000001,0.33,1.2766666666666668,13.4,10.600000000000001,12.3,20.6,11.916666666666668,1.9000000000000001,1.5,1.1,1.2000000000000002,1.3666666666666667,816.0052213106469,0.44699999690055847,51.24221211060553,48.31494574728737,43.25299264963248,0.020521145313978195,0.2840286485740176,0.8401575542519385,0.6752046978599093,0.6752046978599093,27.0
34.5,-79.5,16.72956657409668,0.2708423137664795,5.300000000000001,5.4,5.4,5.4,5.383333333333334,5.1000000000000005,5.1000000000000005,5.2,5.2,5.15,4.3,4.1000000000000005,4.0,4.0,4.083333333333334,3.19,1.12,0.48,0.3,1.145,13.9,8.9,9.5,10.9,10.033333333333333,1.9000000000000001,1.0,0.8,0.8,1.0499999999999998,800.7716725801937,0.44699999690055847,49.253055555555555,42.507152777777776,37.29430555555555,0.025879420340061188,0.2862703265406738,0.8401575542519385,0.0,0.0,47.0
34.5,-78.5,16.622270584106445,0.26551368832588196,4.9,4.9,4.9,4.9,4.9,4.800000000000001,4.800000000000001,4.9,5.0,4.8500000000000005,4.2,4.0,3.9000000000000004,3.9000000000000004,3.9833333333333334,5.51,2.27,1.25,0.24,2.3000000000000003,14.5,5.9,6.800000000000001,7.4,7.783333333333333,2.2,1.7000000000000002,1.2000000000000002,1.2000000000000002,1.5333333333333334,979.3044546677629,0.44999998807907104,46.46513888888889,44.07819444444444,40.72951388888889,0.007964221760630608,0.34269057033062383,0.7907365216488834,0.37511371440853636,0.37511371440853636,31.0
34.5,-77.5,16.967092514038086,0.2510260343551636,4.9,5.1000000000000005,5.0,5.0,5.016666666666667,5.2,5.1000000000000005,5.1000000000000005,5.300000000000001,5.116666666666667,4.5,4.3,4.4,4.4,4.383333333333334,7.67,2.54,1.72,1.54,2.985,21.700000000000003,12.700000000000001,12.8,13.5,14.25,2.6,1.3,1.0,1.1,1.3666666666666667,603.6028541620831,0.44999998807907104,47.315609122060735,46.90960652250975,45.3033203355784,0.0062331329099833965,0.33247870954819647,0.7907365216488834,0.0,0.0,10.0
35.5,-120.5,14.7789306640625,0.19223928451538086,6.300000000000001,6.300000000000001,6.4,6.4,6.3500000000000005,7.1000000000000005,7.1000000000000005,7.1000000000000005,7.2,7.1,5.4,5.1000000000000005,5.1000000000000005,5.0,5.15,6.32,3.02,1.6600000000000001,1.1500000000000001,2.8900000000000006,21.8,21.0,20.6,20.5,20.933333333333334,2.2,2.4000000000000004,2.3000000000000003,2.4000000000000004,2.316666666666667,586.6552160132295,0.44699999690055847,82.87955333076627,86.055525606469,87.16757797458607,0.3704037070274353,0.06820778793983101,0.9389996194580489,3.565191884401372,3.565191884401372,12.0
35.5,-119.5,17.472105026245117,0.19631409645080566,7.7,7.7,7.800000000000001,8.0,7.75,8.200000000000001,8.1,8.200000000000001,8.1,8.166666666666668,6.300000000000001,6.300000000000001,6.4,6.4,6.3500000000000005,1.8900000000000001,0.84,0.63,0.36,0.9099999999999999,21.900000000000002,22.1,22.1,21.700000000000003,22.066666666666666,3.5,4.0,4.0,4.0,3.9166666666666665,375.6002425590512,0.43700000643730164,89.70864581859347,92.28774586104429,91.86826093108816,0.38828518986701965,0.21467019389286518,0.9389996194580489,6.059373467135134,7.499224658848611,38.0
35.5,-118.5,12.537165641784668,0.18691207468509674,7.6000000000000005,7.7,8.0,8.3,7.833333333333333,6.800000000000001,6.7,6.800000000000001,6.800000000000001,6.7666666666666675,5.300000000000001,5.2,5.1000000000000005,5.0,5.166666666666667,2.06,0.87,0.64,0.65,0.9533333333333334,19.5,17.7,16.900000000000002,17.2,17.6,2.5,2.4000000000000004,2.1,2.0,2.2666666666666666,370.59290556216354,0.41200000047683716,81.72548611111111,84.03222222222222,84.78527777777778,0.6225479245185852,0.0726831658424498,0.9389996194580489,11.399999618530273,11.399999618530273,14.0
35.5,-117.5,18.037912368774414,0.16856923699378967,7.4,7.4,7.4,7.7,7.4,9.1,9.200000000000001,9.1,9.200000000000001,9.133333333333333,7.800000000000001,7.7,7.6000000000000005,7.7,7.666666666666666,1.26,0.93,0.6900000000000001,0.42,0.865,13.9,13.200000000000001,14.0,13.9,13.716666666666667,1.5,2.0,2.1,2.2,1.9666666666666668,123.45573197169345,0.41200000047683716,95.22083333333333,99.0,99.0,0.27027973532676697,0.011057262268033783,0.9389996194580489,2.55026368752444,2.55026368752444,4.0
35.5,-116.5,18.546419143676758,0.15646269917488098,7.6000000000000005,7.7,7.7,7.9,7.683333333333334,8.4,8.4,8.4,8.4,8.399999999999999,7.5,7.6000000000000005,7.5,7.6000000000000005,7.533333333333333,0.87,0.79,0.64,0.47000000000000003,0.7283333333333334,12.100000000000001,12.9,12.9,13.200000000000001,12.766666666666666,1.1,1.6,1.6,1.7000000000000002,1.5166666666666666,60.39941200919057,0.41200000047683716,95.80208333333333,99.0,99.0,0.020711226388812065,0.008112196315065856,0.9389996194580489,2.2497673976545833,2.2497673976545833,0.0
35.5,-115.5,16.498390197753906,0.15667001903057098,8.200000000000001,8.3,8.3,8.4,8.283333333333333,7.800000000000001,7.9,7.9,8.0,7.883333333333334,6.7,6.5,6.6000000000000005,6.6000000000000005,6.583333333333334,0.48,0.39,0.23,0.19,0.325,10.4,11.100000000000001,10.4,9.200000000000001,10.633333333333333,1.1,1.4000000000000001,1.4000000000000001,1.6,1.35,114.16492958719023,0.41200000047683716,96.0,99.0,99.0,0.0022110589779913425,0.018092179444881284,0.9389996194580489,3.0850000381469727,3.1449999809265137,1.0
35.5,-114.5,19.397628784179688,0.16358955204486847,8.0,8.1,8.1,8.200000000000001,8.083333333333332,7.800000000000001,7.9,7.800000000000001,7.9,7.833333333333334,6.4,6.4,6.300000000000001,6.6000000000000005,6.3500000000000005,0.0,0.0,0.0,0.0,0.6183333333333334,12.700000000000001,13.200000000000001,12.700000000000001,11.8,12.866666666666667,1.4000000000000001,1.7000000000000002,1.9000000000000001,1.9000000000000001,1.75,108.33804174614676,0.41200000047683716,95.45085217391305,99.0,99.0,8.610559376620586e-08,0.014855425413339975,1.7297361411069323,10.582703895584258,12.265764352760304,4.0
35.5,-113.5,13.254502296447754,0.17660006880760193,8.200000000000001,8.200000000000001,8.3,8.3,8.25,8.0,8.0,8.0,8.0,8.0,7.1000000000000005,6.9,6.9,7.0,6.933333333333334,0.0,0.0,0.0,0.0,0.7516666666666667,10.0,10.0,9.600000000000001,9.5,9.8,1.2000000000000002,1.5,1.7000000000000002,1.8,1.55,164.50116988646553,0.43700000643730164,94.25083333333333,99.398125,99.0,0.010783362202346325,0.02546248609526932,1.7297361411069323,11.683622341390935,14.454481519553532,9.0
35.5,-112.5,11.047398567199707,0.19239795207977295,7.300000000000001,7.5,7.6000000000000005,8.0,7.5166666666666675,7.7,7.7,7.800000000000001,8.0,7.75,6.9,6.9,6.9,6.800000000000001,6.9,1.1400000000000001,0.92,0.9400000000000001,0.61,0.9666666666666668,14.5,15.8,17.3,15.9,16.333333333333336,1.3,1.6,1.6,1.7000000000000002,1.55,173.6756771842771,0.43700000643730164,97.17395833333333,99.28958333333334,98.55520833333334,0.11466949433088303,0.04599286400765317,1.7297361411069323,20.36086785917782,19.113754811615078,8.0
35.5,-111.5,11.285628318786621,0.199335515499115,6.9,6.9,7.0,7.1000000000000005,6.949999999999999,7.9,8.0,8.1,8.1,8.033333333333333,6.9,6.7,6.800000000000001,6.7,6.783333333333333,3.17,2.56,1.07,0.65,1.916666666666667,17.3,17.6,18.7,19.700000000000003,18.1,1.3,1.7000000000000002,1.7000000000000002,1.8,1.6333333333333333,153.55945742231646,0.43700000643730164,96.16270833333333,98.08826388888889,98.188125,0.07422575354576111,0.03837428810330966,1.7297361411069323,11.425457403639967,11.425457403639967,2.0
35.5,-110.5,12.233771324157715,0.19851195812225342,8.0,8.200000000000001,8.200000000000001,8.3,8.166666666666668,8.3,8.4,8.3,8.3,8.333333333333334,7.4,7.2,7.2,7.4,7.233333333333333,0.61,0.53,0.43,0.36,0.4933333333333333,12.0,12.5,12.100000000000001,12.3,12.216666666666669,0.9,1.2000000000000002,1.2000000000000002,1.4000000000000001,1.1500000000000001,96.47114894260721,0.43700000643730164,98.59965277777778,99.91993055555555,99.91993055555555,0.014717469923198223,0.013416569933906051,1.7297361411069323,9.374418494136458,9.374418494136458,0.0
35.5,-109.5,10.045245170593262,0.1978054940700531,7.6000000000000005,7.7,7.800000000000001,8.1,7.733333333333333,7.800000000000001,7.800000000000001,7.9,8.1,7.8500000000000005,7.2,7.0,7.1000000000000005,7.2,7.083333333333334,1.24,1.06,0.88,0.53,1.0,14.4,15.0,15.3,15.200000000000001,15.05,1.2000000000000002,1.6,1.6,1.6,1.5333333333333334,143.2315873359372,0.43700000643730164,95.890625,99.31965277777778,99.31965277777778,0.12746793031692505,0.014469933780744022,1.7297361411069323,3.248992056503194,3.7488369882729162,4.0
35.5,-108.5,8.040553092956543,0.19775480031967163,6.9,6.9,6.9,7.1000000000000005,6.9,7.800000000000001,7.9,7.9,8.1,7.883333333333334,6.9,6.800000000000001,6.800000000000001,7.0,6.816666666666666,2.2600000000000002,1.72,1.01,0.62,1.455,19.900000000000002,20.6,20.6,20.0,20.483333333333334,0.8,1.2000000000000002,1.2000000000000002,1.4000000000000001,1.1333333333333333,158.27734770814607,0.43700000643730164,92.15722222222222,97.19909722222222,97.19909722222222,0.08480258285999298,0.020858914515808104,1.7297361411069323,21.50477586302961,24.25562873829614,4.0
35.5,-107.5,8.746582984924316,0.19736824929714203,7.9,8.200000000000001,8.3,8.200000000000001,8.2,8.1,8.200000000000001,8.200000000000001,8.200000000000001,8.183333333333334,7.0,6.9,6.9,7.1000000000000005,6.916666666666667,1.09,0.8300000000000001,0.54,0.45,0.7283333333333334,18.2,18.8,19.5,19.0,19.05,1.8,2.2,2.2,2.2,2.1333333333333333,143.83806433702767,0.43700000643730164,87.49125,90.56458333333333,90.56159722222222,0.05788232013583183,0.020280014448691135,1.7297361411069323,20.20102325964412,22.95187613491065,1.0
35.5,-106.5,12.035037994384766,0.19707328081130981,7.4,7.7,7.9,8.1,7.75,6.9,7.0,7.0,7.2,6.983333333333333,6.2,6.2,6.2,6.300000000000001,6.199999999999999,1.07,0.8,0.72,0.67,0.8049999999999999,14.600000000000001,15.5,16.7,16.8,15.95,2.4000000000000004,2.4000000000000004,2.5,2.4000000000000004,2.45,211.6772707881329,0.43700000643730164,86.43305555555555,88.88305555555556,89.64618055555556,0.0661744773387909,0.03933023144589208,1.7297361411069323,7.387751914311656,7.38025418789929,4.0
35.5,-105.5,8.456828117370605,0.1968642622232437,6.300000000000001,6.300000000000001,6.300000000000001,6.5,6.300000000000001,6.300000000000001,6.300000000000001,6.300000000000001,6.4,6.300000000000001,4.7,4.800000000000001,4.800000000000001,4.9,4.783333333333333,5.19,2.82,1.42,0.91,2.515,21.400000000000002,19.8,18.7,18.400000000000002,19.516666666666666,2.7,2.4000000000000004,2.1,2.0,2.3,303.6339634150368,0.43700000643730164,84.46854166666667,87.38527777777777,88.94708333333334,0.09470663219690323,0.059592814111014546,1.7297361411069323,12.146052894204184,14.004129048997271,4.0
35.5,-104.5,12.661797523498535,0.19367223978042603,6.9,7.2,7.300000000000001,7.5,7.2,7.4,7.5,7.6000000000000005,7.800000000000001,7.533333333333333,6.7,6.5,6.5,6.7,6.533333333333333,3.17,2.06,1.4000000000000001,0.71,1.915,21.0,21.5,21.900000000000002,21.6,21.616666666666667,1.5,1.8,2.0,2.0,1.85,214.14991670407153,0.43700000643730164,93.87669699090273,99.02792162351295,99.02715185444367,0.2249426245689392,0.025093861554139084,1.7297361411069323,7.147215905931268,9.753023830490417,5.0
35.5,-103.5,13.73747730255127,0.19007597863674164,7.5,7.6000000000000005,7.800000000000001,8.1,7.683333333333334,7.9,7.9,8.0,8.200000000000001,7.95,7.4,7.300000000000001,7.300000000000001,7.4,7.316666666666666,2.74,1.27,0.84,0.51,1.3,16.6,16.5,16.6,16.6,16.566666666666666,1.4000000000000001,1.6,1.7000000000000002,1.8,1.6166666666666667,201.3173330040833,0.43700000643730164,96.224375,99.55909722222222,98.31631944444445,0.29241034388542175,0.0360005422637889,1.7297361411069323,2.0243720690052296,2.0243720690052296,10.0
35.5,-102.5,14.02664852142334,0.19592216610908508,7.300000000000001,7.4,7.5,7.9,7.433333333333334,7.800000000000001,7.800000000000001,7.9,8.0,7.8500000000000005,6.800000000000001,6.9,6.9,6.9,6.883333333333333,1.71,0.97,0.8,0.5,1.0083333333333333,15.3,14.4,15.700000000000001,15.9,15.2,1.1,1.5,1.4000000000000001,1.5,1.3833333333333333,226.2925562435696,0.43700000643730164,97.20923611111111,100.0,99.49854166666667,0.34691908955574036,0.11081053071342103,2.1745254345344294,21.731878133331893,24.316333881955096,18.0
35.5,-101.5,14.106558799743652,0.20090600848197937,7.5,7.6000000000000005,7.800000000000001,8.0,7.683333333333334,7.6000000000000005,7.6000000000000005,7.800000000000001,7.9,7.7,6.6000000000000005,6.6000000000000005,6.6000000000000005,6.800000000000001,6.6000000000000005,1.47,0.9500000000000001,0.77,0.5,0.9466666666666668,17.0,16.2,16.900000000000002,16.400000000000002,16.683333333333337,1.3,1.6,1.6,1.6,1.55,223.9422433916053,0.43700000643730164,97.106875,100.0,99.36520833333333,0.45413848757743835,0.08390015475283653,2.1745254345344294,21.731878133331893,24.316333881955096,15.0
35.5,-100.5,14.2803316116333,0.2077917456626892,7.4,7.6000000000000005,7.7,8.0,7.616666666666667,7.4,7.4,7.6000000000000005,7.800000000000001,7.5,6.7,6.6000000000000005,6.6000000000000005,6.7,6.616666666666667,2.34,1.18,0.8200000000000001,0.51,1.1933333333333334,14.3,14.4,14.100000000000001,13.700000000000001,14.233333333333334,1.5,1.7000000000000002,1.7000000000000002,1.8,1.6666666666666667,240.36427600071798,0.43700000643730164,91.25465277777778,93.37902777777778,93.7125,0.4753333330154419,0.07571349207268621,2.1745254345344294,14.57428071061618,23.286328782098266,15.0
35.5,-99.5,15.087183952331543,0.21327394247055054,7.1000000000000005,7.1000000000000005,7.300000000000001,7.5,7.2,6.9,6.9,6.9,7.0,6.9,6.7,6.6000000000000005,6.7,6.7,6.666666666666667,1.53,1.21,0.74,0.51,1.0283333333333333,11.700000000000001,11.4,11.200000000000001,11.8,11.350000000000001,1.5,1.6,1.5,1.7000000000000002,1.5333333333333332,270.2816113011758,0.43700000643730164,92.91458333333334,95.40493055555555,94.76944444444445,0.3915404975414276,0.0877530245259073,2.1745254345344294,11.772933453862429,11.500310136460556,33.0
35.5,-98.5,15.204486846923828,0.22176289558410645,7.0,7.0,7.2,7.4,7.1,6.5,6.6000000000000005,6.6000000000000005,6.9,6.583333333333334,6.5,6.2,6.300000000000001,6.300000000000001,6.3,2.19,1.28,0.86,0.59,1.2216666666666667,13.200000000000001,13.200000000000001,13.0,13.8,13.100000000000001,1.6,1.9000000000000001,1.8,1.9000000000000001,1.7999999999999998,339.0283198379849,0.43700000643730164,91.55083333333333,94.81111111111112,95.63444444444444,0.24181054532527924,0.12641524549953775,2.1745254345344294,13.925395137914489,14.675627740259905,48.0
35.5,-97.5,15.820631980895996,0.2402481883764267,6.300000000000001,6.4,6.6000000000000005,6.9,6.483333333333334,6.6000000000000005,6.6000000000000005,6.6000000000000005,6.800000000000001,6.6000000000000005,5.800000000000001,5.7,5.7,5.7,5.716666666666667,2.29,1.07,0.79,0.58,1.1333333333333333,15.5,14.200000000000001,14.600000000000001,16.5,14.616666666666667,1.8,1.8,1.8,1.9000000000000001,1.7999999999999998,323.89442908722737,0.43700000643730164,85.98166666666667,88.768125,90.47291666666666,0.10192450881004333,0.20420844079991446,2.1745254345344294,12.25,19.75,38.0
35.5,-96.5,15.779122352600098,0.25299185514450073,6.0,6.1000000000000005,6.2,6.5,6.133333333333333,6.1000000000000005,6.1000000000000005,6.1000000000000005,6.0,6.1,5.300000000000001,5.0,5.0,5.0,5.05,5.7700000000000005,1.6,0.97,0.64,1.98,17.1,14.200000000000001,14.200000000000001,14.4,14.683333333333334,1.6,1.2000000000000002,1.1,1.3,1.2166666666666668,347.06983453118795,0.44699999690055847,83.15527777777778,84.30847222222222,85.82152777777777,0.09956527501344681,0.22656396011131352,2.1745254345344294,9.62496123294243,9.62496123294243,30.0
35.5,-95.5,15.760401725769043,0.25835612416267395,6.0,6.0,6.0,6.2,6.0,5.9,5.9,5.7,5.7,5.8,5.0,4.9,4.800000000000001,4.7,4.866666666666667,0.0,0.0,0.0,0.0,1.7733333333333334,19.6,15.100000000000001,15.0,17.2,15.8,1.7000000000000002,1.7000000000000002,1.7000000000000002,1.8,1.7000000000000002,346.87868200515135,0.44699999690055847,72.11173611111111,71.28340277777778,74.18534722222222,0.06587477028369904,0.28843698546382235,2.1745254345344294,10.349891356900951,10.349891356900951,30.0
35.5,-94.5,15.530510902404785,0.26330095529556274,6.0,5.9,5.9,5.800000000000001,5.916666666666667,5.800000000000001,5.7,5.7,5.5,5.716666666666667,5.1000000000000005,4.9,4.800000000000001,4.800000000000001,4.883333333333334,5.98,1.77,0.87,0.65,2.021666666666667,22.400000000000002,13.5,12.8,14.4,14.633333333333335,2.0,1.4000000000000001,1.2000000000000002,1.3,1.4000000000000001,381.60879984585307,0.44999998807907104,54.348958333333336,53.47125,47.911944444444444,0.046767909079790115,0.38075593844521666,2.1745254345344294,0.0,0.0,23.0
35.5,-93.5,15.080899238586426,0.26674288511276245,5.5,5.4,5.4,5.300000000000001,5.416666666666667,5.4,5.4,5.5,5.4,5.45,4.7,4.4,4.3,4.3,4.4,3.64,2.1,0.9500000000000001,0.54,1.7816666666666667,15.200000000000001,13.4,11.600000000000001,14.0,12.8,2.4000000000000004,1.9000000000000001,1.5,1.5,1.7833333333333332,316.7370525112651,0.44699999690055847,56.02534722222222,52.17347222222222,49.10826388888889,0.09009336680173874,0.49201180366434566,0.8648680705534662,0.0,0.0,15.0
35.5,-92.5,14.94830322265625,0.2763460576534271,5.7,5.7,5.7,5.7,5.699999999999999,5.300000000000001,5.300000000000001,5.300000000000001,5.2,5.300000000000001,5.0,4.6000000000000005,4.6000000000000005,4.4,4.666666666666667,3.81,2.02,1.02,0.53,1.8183333333333334,13.0,11.8,11.9,13.100000000000001,12.05,2.2,1.3,1.2000000000000002,1.3,1.4000000000000001,426.27604019381533,0.44699999690055847,55.46930555555556,50.474513888888886,47.47972222222222,0.11458473652601242,0.4952015236618216,0.8648680705534662,0.0,0.0,21.0
35.5,-91.5,15.580448150634766,0.291308730840683,5.6000000000000005,5.6000000000000005,5.5,5.5,5.55,5.5,5.5,5.4,5.4,5.45,4.9,4.7,4.5,4.5,4.633333333333333,3.89,1.55,0.72,0.47000000000000003,1.525,12.700000000000001,8.3,7.9,10.4,8.833333333333332,2.2,1.3,1.3,1.3,1.4500000000000002,511.6625103374729,0.44999998807907104,52.61805555555556,50.999652777777776,50.405833333333334,0.12702994048595428,0.6896591020885696,0.8648680705534662,9.81088317532514,9.71401212963413,51.0
35.5,-90.5,15.87838077545166,0.29278579354286194,6.0,6.2,5.9,5.800000000000001,6.016666666666667,5.5,5.5,5.5,5.4,5.5,4.800000000000001,4.6000000000000005,4.5,4.4,4.583333333333333,5.59,1.3800000000000001,0.9500000000000001,0.64,1.866666666666667,20.0,18.0,19.200000000000003,20.200000000000003,18.933333333333337,2.0,1.4000000000000001,1.3,1.4000000000000001,1.4500000000000002,464.82710251610337,0.44699999690055847,72.71270833333334,74.51861111111111,76.70659722222223,0.1578124463558197,0.9390941580705356,0.8648680705534662,27.679411344168116,22.725895542624755,69.0
35.5,-89.5,15.498950958251953,0.28847914934158325,5.9,5.9,5.9,6.0,5.9,5.6000000000000005,5.5,5.4,5.4,5.466666666666667,4.7,4.5,4.4,4.2,4.483333333333333,4.51,1.53,0.84,0.6900000000000001,1.6816666666666666,17.5,9.700000000000001,10.200000000000001,11.600000000000001,11.25,2.3000000000000003,1.5,1.4000000000000001,1.4000000000000001,1.5833333333333335,559.7326531421597,0.44699999690055847,72.26611111111112,72.64263888888888,73.55527777777777,0.2221062332391739,0.5326394397470124,0.7907365216488834,0.0,0.0,66.0
35.5,-88.5,14.917214393615723,0.2872059941291809,5.6000000000000005,5.5,5.5,5.4,5.516666666666667,5.4,5.4,5.300000000000001,5.300000000000001,5.3500000000000005,4.6000000000000005,4.1000000000000005,4.1000000000000005,4.0,4.183333333333334,4.29,1.37,0.56,0.32,1.4516666666666669,14.4,9.9,10.0,11.100000000000001,10.7,2.3000000000000003,1.3,1.3,1.3,1.4666666666666668,637.3516898492195,0.44999998807907104,51.34143369175627,51.85899641577061,45.75283154121864,0.0933825746178627,0.5688650560281959,0.7907365216488834,1.4995347953091664,1.4995347953091664,45.0
35.5,-87.5,14.285422325134277,0.28929466009140015,5.4,5.4,5.300000000000001,5.300000000000001,5.3500000000000005,5.4,5.4,5.4,5.4,5.4,5.4,5.0,4.9,4.7,5.0166666666666675,4.8100000000000005,1.68,0.73,0.56,1.7266666666666668,15.200000000000001,10.700000000000001,10.8,11.9,11.5,2.0,1.4000000000000001,1.2000000000000002,1.2000000000000002,1.4000000000000001,670.674491123796,0.44699999690055847,52.636963696369634,48.62179622217541,46.45923741310301,0.07679658383131027,0.5894251343947233,0.7907365216488834,0.0,0.0,32.0
35.5,-86.5,14.451701164245605,0.29030293226242065,5.5,5.5,5.5,5.4,5.5,5.5,5.5,5.4,5.4,5.45,4.9,4.5,4.5,4.4,4.566666666666666,5.43,1.45,0.72,0.43,1.7483333333333335,14.4,10.3,10.3,11.0,10.983333333333334,2.3000000000000003,1.7000000000000002,1.4000000000000001,1.4000000000000001,1.65,755.1433135658965,0.44699999690055847,59.263333333333335,58.65631944444444,55.823819444444446,0.1539679616689682,0.5531927251778748,0.7907365216488834,3.1509770252477587,4.401364695823453,53.0
35.5,-85.5,13.21535587310791,0.29323261976242065,5.300000000000001,5.4,5.4,5.300000000000001,5.383333333333334,5.6000000000000005,5.6000000000000005,5.6000000000000005,5.5,5.6,4.800000000000001,4.4,4.4,4.2,4.466666666666667,5.45,2.22,0.92,0.55,2.1083333333333334,14.200000000000001,10.200000000000001,10.0,10.5,10.766666666666666,2.1,1.6,1.4000000000000001,1.4000000000000001,1.5833333333333335,747.1915659545313,0.43700000643730164,46.66042535151558,40.65710450081255,37.249417084717024,0.06108275428414345,0.6689619125061318,0.7907365216488834,0.0,0.0,31.0
35.5,-84.5,14.25399398803711,0.29541194438934326,5.1000000000000005,5.1000000000000005,5.1000000000000005,5.1000000000000005,5.1,5.7,5.7,5.7,5.7,5.699999999999999,4.9,4.5,4.5,4.3,4.566666666666666,4.5200000000000005,1.45,0.8200000000000001,0.24,1.646666666666667,16.2,8.8,7.800000000000001,6.5,9.533333333333333,1.9000000000000001,1.6,1.4000000000000001,1.4000000000000001,1.55,805.3827841630433,0.44699999690055847,48.22616552222624,42.07712323816408,39.488615829418144,0.056588441133499146,0.664841239295021,0.7907365216488834,0.0,0.0,25.0
35.5,-83.5,11.091117858886719,0.29734283685684204,5.7,5.7,5.7,5.800000000000001,5.699999999999999,5.1000000000000005,5.1000000000000005,5.2,5.2,5.15,4.4,4.1000000000000005,4.1000000000000005,4.0,4.15,4.24,1.87,0.91,0.43,1.7850000000000001,17.900000000000002,12.0,11.700000000000001,11.8,12.833333333333334,2.5,1.7000000000000002,1.2000000000000002,1.2000000000000002,1.5833333333333335,774.3380265999317,0.44699999690055847,49.50784753363229,43.96216367713004,41.89980381165919,0.03488801792263985,0.7403414696012216,0.7907365216488834,0.0,0.0,9.0
35.5,-82.5,12.543303489685059,0.29432934522628784,5.7,5.7,5.7,5.6000000000000005,5.699999999999999,5.300000000000001,5.300000000000001,5.300000000000001,5.4,5.300000000000001,4.800000000000001,4.4,4.4,4.4,4.466666666666667,5.54,1.92,0.8,0.43,1.9633333333333334,18.8,12.3,12.3,12.5,13.383333333333333,2.5,1.7000000000000002,1.4000000000000001,1.3,1.6833333333333336,808.2538517796884,0.44699999690055847,48.90472222222222,41.76555555555556,39.338125,0.02718500606715679,0.6392395808218864,0.7907365216488834,0.0,0.0,9.0
35.5,-81.5,14.446677207946777,0.28900259733200073,4.9,5.0,5.0,5.1000000000000005,4.983333333333333,5.300000000000001,5.4,5.4,5.5,5.383333333333334,4.800000000000001,4.4,4.3,4.3,4.416666666666666,5.98,3.7,1.81,1.0,3.135,18.7,11.9,9.0,8.200000000000001,11.583333333333334,1.9000000000000001,1.5,1.0,1.0,1.3166666666666667,820.5589442485218,0.44699999690055847,52.84225872982007,47.28098997226371,44.044378066993815,0.0501113198697567,0.43147391532021573,0.7907365216488834,4.074403035011935,4.074403035011935,23.0
35.5,-80.5,15.071094512939453,0.28540581464767456,5.2,5.300000000000001,5.300000000000001,5.300000000000001,5.283333333333333,5.2,5.2,5.2,5.2,5.2,4.800000000000001,4.4,4.4,4.3,4.466666666666667,0.0,0.0,0.0,0.0,2.0783333333333336,10.100000000000001,7.300000000000001,7.2,8.700000000000001,7.716666666666667,1.7000000000000002,1.3,1.1,1.1,1.2666666666666666,728.4270643458137,0.44699999690055847,54.063025799214806,48.21508693213685,44.84029725182277,0.05469244346022606,0.3776465139671236,0.7907365216488834,5.260229491447026,8.999069590618333,38.0
35.5,-79.5,15.261528968811035,0.281217098236084,5.4,5.5,5.5,5.5,5.483333333333333,5.4,5.300000000000001,5.300000000000001,5.300000000000001,5.316666666666666,4.9,4.5,4.4,4.3,4.516666666666667,4.1,1.51,0.6,0.29,1.4866666666666668,11.700000000000001,8.5,9.4,12.5,9.483333333333334,1.5,1.1,1.1,1.2000000000000002,1.1666666666666667,807.8661322636435,0.44699999690055847,52.684444444444445,48.82013888888889,44.590694444444445,0.03836873173713684,0.35736861152797966,0.7907365216488834,3.049999952316284,3.049999952316284,26.0
35.5,-78.5,15.658049583435059,0.2805185317993164,5.2,5.2,5.2,5.300000000000001,5.2,5.4,5.4,5.4,5.4,5.4,4.7,4.4,4.3,4.3,4.4,0.0,0.0,0.0,0.0,1.745,15.4,8.1,9.0,10.3,9.766666666666666,1.8,1.3,1.1,1.2000000000000002,1.2833333333333334,702.6937085870898,0.44699999690055847,52.14013888888889,45.86222222222222,41.83083333333333,0.032866284251213074,0.36517853114359,0.7907365216488834,1.5004652046908333,1.5004652046908333,54.0
35.5,-77.5,16.08859634399414,0.2803010940551758,5.2,5.300000000000001,5.300000000000001,5.300000000000001,5.283333333333333,4.9,4.9,4.9,4.9,4.9,4.4,4.1000000000000005,4.1000000000000005,4.1000000000000005,4.15,3.99,1.01,0.6900000000000001,0.33,1.3466666666666667,15.3,9.3,10.4,11.5,10.850000000000001,2.5,1.1,0.8,0.8,1.1833333333333333,763.312556168423,0.44699999690055847,47.93125,41.93402777777778,37.40756944444445,0.023493647575378418,0.3991323955127859,0.7907365216488834,0.0,0.0,56.0
35.5,-76.5,16.3550968170166,0.2684967517852783,5.2,5.2,5.2,5.300000000000001,5.2,4.800000000000001,4.800000000000001,5.0,5.1000000000000005,4.9,4.0,3.9000000000000004,3.9000000000000004,3.9000000000000004,3.916666666666667,0.0,0.0,0.0,0.0,1.5616666666666668,19.1,11.100000000000001,11.4,12.200000000000001,12.583333333333332,4.0,3.4000000000000004,3.2,3.2,3.4,597.9147242957401,0.44999998807907104,47.36832740213523,47.229537366548044,44.736654804270465,0.02168983221054077,0.531863050144291,0.7907365216488834,37.48836988272916,37.48836988272916,17.0
36.5,-121.5,13.66705322265625,0.19221216440200806,6.9,7.1000000000000005,7.2,7.5,7.116666666666667,6.300000000000001,6.300000000000001,6.300000000000001,6.300000000000001,6.300000000000001,5.300000000000001,5.0,5.0,5.0,5.05,0.0,0.0,0.0,0.0,1.305,27.200000000000003,26.700000000000003,27.0,28.0,26.933333333333334,2.9000000000000004,3.0,2.8000000000000003,2.8000000000000003,2.8833333333333337,644.1388714877015,0.44699999690055847,81.17788502243671,83.7002794005588,85.40682414698163,0.2207815945148468,0.1998107103094275,0.9389996194580489,18.647798106582677,18.647798106582677,11.0
36.5,-120.5,15.935454368591309,0.20932886004447937,7.1000000000000005,7.300000000000001,7.5,7.800000000000001,7.366666666666666,7.300000000000001,7.300000000000001,7.4,7.6000000000000005,7.35,6.1000000000000005,6.0,6.0,6.0,6.016666666666667,1.96,1.59,0.6900000000000001,0.43,1.2016666666666667,29.700000000000003,29.5,29.700000000000003,29.8,29.633333333333336,7.4,8.0,8.200000000000001,8.4,8.0,418.89068770331454,0.43700000643730164,86.67736111111111,89.225625,89.97215277777778,0.15119649469852448,0.1647302506139447,0.9389996194580489,6.9228061228029665,6.9228061228029665,41.0
36.5,-119.5,17.1550235748291,0.2077573835849762,7.7,7.9,8.0,8.4,7.916666666666666,7.7,7.7,7.7,7.800000000000001,7.699999999999999,5.800000000000001,5.6000000000000005,5.7,5.800000000000001,5.683333333333334,1.59,0.87,0.6900000000000001,0.35000000000000003,0.9000000000000001,22.6,20.200000000000003,20.8,20.900000000000002,20.9,1.3,1.5,1.5,1.4000000000000001,1.4666666666666668,405.4132295100301,0.44699999690055847,84.29204157076097,85.83964567203739,85.90562879263445,0.0015004421584308147,0.2969902285223472,0.9389996194580489,10.949920601038729,10.949920601038729,46.0
36.5,-118.5,1.8750985860824585,0.20242297649383545,5.800000000000001,5.800000000000001,5.9,5.9,5.85,6.0,6.0,6.0,6.0,6.0,5.1000000000000005,4.7,4.6000000000000005,4.6000000000000005,4.716666666666667,5.87,3.3200000000000003,2.04,1.78,3.105,12.9,11.5,11.100000000000001,10.3,11.533333333333335,3.3000000000000003,2.5,1.5,1.5,2.1333333333333333,291.8749630881827,0.44699999690055847,62.67638888888889,61.31402777777778,60.61763888888889,0.22491541504859924,0.22460155843236335,0.9389996194580489,21.49825741901905,20.497940586113426,3.0
36.5,-117.5,15.090510368347168,0.1825159639120102,7.300000000000001,7.300000000000001,7.4,7.6000000000000005,7.35,7.4,7.5,7.5,7.6000000000000005,7.483333333333333,6.1000000000000005,6.1000000000000005,6.1000000000000005,6.1000000000000005,6.1,1.72,1.06,1.1,0.71,1.19,12.700000000000001,12.3,12.5,11.9,12.466666666666667,0.9,1.1,1.3,1.4000000000000001,1.1666666666666665,77.86413155366397,0.43700000643730164,93.83895833333334,99.0,99.0,0.04750815033912659,0.012102642072542606,0.9389996194580489,2.2572600515094567,31.124801979433983,0.0
36.5,-116.5,17.16457176208496,0.1663350611925125,8.8,8.8,8.9,8.9,8.85,8.200000000000001,8.3,8.3,8.3,8.283333333333333,7.300000000000001,7.2,7.2,7.300000000000001,7.216666666666667,0.47000000000000003,0.49,0.29,0.24,0.38666666666666666,15.9,16.1,15.8,13.4,15.916666666666666,1.2000000000000002,1.3,1.4000000000000001,1.5,1.3333333333333335,80.73907769721842,0.41200000047683716,95.3575,99.0,99.0,9.850397873378824e-06,0.008895241094535782,1.7297361411069323,2.332288494955965,2.24976237532078,0.0
36.5,-115.5,14.673323631286621,0.1680794656276703,8.200000000000001,8.4,8.4,8.6,8.366666666666667,8.200000000000001,8.3,8.3,8.4,8.283333333333333,6.6000000000000005,6.5,6.5,6.6000000000000005,6.516666666666667,0.58,0.41000000000000003,0.35000000000000003,0.27,0.4083333333333334,11.4,11.8,11.700000000000001,10.5,11.683333333333334,1.1,1.5,1.5,1.7000000000000002,1.4333333333333333,103.23727321361196,0.41200000047683716,95.89354166666666,99.0,99.0,0.028327826410531998,0.023874565872642643,1.7297361411069323,2.730323188631182,12.00332674550908,0.0
36.5,-114.5,19.83333969116211,0.17510120570659637,7.4,7.5,7.7,7.9,7.583333333333334,8.200000000000001,8.200000000000001,8.3,8.3,8.25,7.300000000000001,7.2,7.2,7.300000000000001,7.216666666666667,1.19,1.08,1.1400000000000001,0.67,1.1283333333333334,13.9,14.0,14.3,12.8,14.133333333333333,0.8,1.1,1.1,1.2000000000000002,1.05,99.78198388945718,0.41200000047683716,96.69501274117219,99.0,99.0,0.05542578548192978,0.012619652106362778,1.7297361411069323,7.792407345442546,18.7464356298117,2.0
36.5,-113.5,12.07060718536377,0.18643373250961304,7.4,7.5,7.6000000000000005,7.9,7.533333333333333,7.5,7.5,7.6000000000000005,7.5,7.550000000000001,6.6000000000000005,6.6000000000000005,6.6000000000000005,6.6000000000000005,6.6000000000000005,1.35,1.09,0.88,0.59,1.0283333333333333,13.600000000000001,14.200000000000001,14.3,11.100000000000001,14.15,1.4000000000000001,1.6,1.7000000000000002,1.8,1.6166666666666667,155.21715546110727,0.43700000643730164,97.94833333333334,99.416875,99.0,0.08932283520698547,0.028192593862697644,1.7297361411069323,9.998415835471867,9.441092584221412,7.0
36.5,-112.5,11.491291999816895,0.193712517619133,7.4,7.6000000000000005,7.800000000000001,8.1,7.666666666666667,7.9,7.9,7.9,8.0,7.9,6.5,6.300000000000001,6.300000000000001,6.4,6.333333333333334,0.99,0.76,0.63,0.49,0.7333333333333334,9.8,10.4,10.5,9.700000000000001,10.35,1.1,1.4000000000000001,1.6,1.7000000000000002,1.4500000000000002,181.78327502251395,0.43700000643730164,98.01041666666667,99.60618055555555,99.00520833333333,0.11246871203184128,0.04277463309780753,1.7297361411069323,39.17061973738088,45.910854203270816,8.0
36.5,-111.5,10.9035005569458,0.19564461708068848,5.9,6.0,6.0,6.0,5.983333333333333,8.1,8.200000000000001,8.200000000000001,8.200000000000001,8.183333333333334,7.2,7.1000000000000005,7.0,7.2,7.066666666666666,7.29,2.5300000000000002,1.53,0.8300000000000001,2.8233333333333337,21.0,20.0,18.900000000000002,19.8,19.616666666666667,1.2000000000000002,1.5,1.5,1.6,1.45,111.26119169836305,0.43700000643730164,98.409375,99.57569444444445,99.48715277777778,0.0845358669757843,0.01657717129846175,1.7297361411069323,26.57386737003099,27.82505549342709,3.0
36.5,-110.5,10.279702186584473,0.19615352153778076,7.800000000000001,7.9,7.9,8.200000000000001,7.883333333333334,7.800000000000001,7.9,7.9,8.0,7.883333333333334,7.1000000000000005,7.0,6.9,7.1000000000000005,6.966666666666667,0.6900000000000001,0.67,0.62,0.36,0.6483333333333334,11.9,12.0,12.200000000000001,12.0,12.083333333333334,0.7000000000000001,1.0,1.1,1.2000000000000002,1.0,119.28332028171212,0.43700000643730164,97.46034722222223,99.63923611111112,99.63923611111112,0.006749827414751053,0.013413067007336901,1.7297361411069323,15.909584557980827,15.787115863951339,4.0
36.5,-109.5,11.819266319274902,0.1976783573627472,7.9,8.1,8.1,8.200000000000001,8.066666666666666,8.1,8.200000000000001,8.200000000000001,8.200000000000001,8.183333333333334,7.4,7.2,7.2,7.2,7.233333333333333,0.53,0.44,0.48,0.36,0.475,10.8,10.700000000000001,10.600000000000001,10.9,10.666666666666668,1.3,1.6,1.6,1.7000000000000002,1.55,133.82997994023847,0.43700000643730164,96.21256944444444,99.59465277777778,99.59465277777778,0.08503515273332596,0.018389089237852305,1.7297361411069323,5.083661965613943,5.126148519282897,4.0
36.5,-108.5,11.515911102294922,0.19989073276519775,8.1,8.3,8.3,8.200000000000001,8.266666666666667,8.3,8.4,8.3,8.3,8.333333333333334,7.300000000000001,7.2,7.2,7.4,7.216666666666667,0.54,0.52,0.5,0.37,0.5133333333333334,9.700000000000001,10.100000000000001,10.200000000000001,10.0,10.083333333333334,1.1,1.4000000000000001,1.4000000000000001,1.5,1.35,107.91280464844472,0.44699999690055847,89.4251388888889,99.24416666666667,99.12680555555555,0.02363865077495575,0.017630851214723405,1.7297361411069323,9.956377600352287,10.499049501283118,4.0
36.5,-107.5,9.496374130249023,0.20512783527374268,8.0,8.1,8.200000000000001,8.3,8.133333333333333,8.1,8.200000000000001,8.200000000000001,8.200000000000001,8.183333333333334,7.0,6.9,7.0,7.0,6.966666666666667,0.6900000000000001,0.6,0.5,0.42,0.565,13.100000000000001,13.5,13.700000000000001,13.4,13.533333333333335,1.3,1.6,1.7000000000000002,1.8,1.6,171.2084998084972,0.43700000643730164,88.74104166666666,91.58305555555556,91.86895833333334,0.024401124566793442,0.029214072165938812,1.7297361411069323,3.6663380343860568,3.688830943780567,4.0
36.5,-106.5,6.480640888214111,0.21189194917678833,7.1000000000000005,7.2,7.300000000000001,7.7,7.233333333333333,7.7,7.7,7.800000000000001,8.0,7.75,6.800000000000001,6.800000000000001,6.800000000000001,7.0,6.800000000000001,2.3000000000000003,1.52,1.12,0.59,1.4500000000000002,19.8,20.3,20.700000000000003,21.0,20.416666666666668,1.7000000000000002,1.8,1.9000000000000001,1.9000000000000001,1.8333333333333335,320.0077195520128,0.43700000643730164,71.79972222222223,73.16180555555556,77.31819444444444,0.012539118528366089,0.08545360477293149,1.7297361411069323,20.384999752044674,19.799999713897705,7.0
36.5,-105.5,4.516820907592773,0.20932301878929138,7.5,7.6000000000000005,7.800000000000001,8.0,7.683333333333334,7.1000000000000005,7.2,7.300000000000001,7.5,7.233333333333333,6.1000000000000005,6.0,6.0,6.2,6.016666666666667,1.73,1.6500000000000001,1.34,1.05,1.5083333333333333,14.9,15.600000000000001,16.6,16.6,15.983333333333334,2.5,2.5,2.2,2.2,2.35,373.23854967467815,0.43700000643730164,74.25923611111111,75.71284722222222,78.07930555555555,0.01701473630964756,0.09823269889574988,1.7297361411069323,19.19522306199851,21.052134621146084,3.0
36.5,-104.5,9.928046226501465,0.20517262816429138,6.4,6.5,6.5,6.6000000000000005,6.483333333333333,7.800000000000001,7.800000000000001,7.9,8.1,7.8500000000000005,6.9,6.9,6.9,7.0,6.9,4.7700000000000005,2.16,1.51,0.8,2.27,23.1,21.200000000000003,20.400000000000002,19.8,21.116666666666667,1.9000000000000001,2.1,2.1,2.2,2.0666666666666664,272.0056529064936,0.43700000643730164,90.02881944444445,91.875625,93.31173611111112,0.07371381670236588,0.03171147227240216,1.7297361411069323,18.0,18.0,4.0
36.5,-103.5,10.913856506347656,0.20070305466651917,7.300000000000001,7.5,7.5,7.9,7.466666666666667,7.4,7.4,7.6000000000000005,7.800000000000001,7.5,7.0,6.9,7.0,7.2,6.966666666666667,1.83,1.43,0.9500000000000001,0.54,1.2566666666666668,19.700000000000003,20.0,19.900000000000002,19.700000000000003,19.9,2.0,2.2,2.2,2.2,2.166666666666667,231.9954738731168,0.43700000643730164,96.20097222222222,99.99534722222222,99.44555555555556,0.12606564164161682,0.03649356188166258,1.7297361411069323,16.225784781375054,16.225784781375054,7.0
36.5,-102.5,12.677082061767578,0.20114895701408386,7.4,7.6000000000000005,7.7,8.1,7.616666666666667,7.4,7.5,7.6000000000000005,7.7,7.533333333333333,6.9,6.800000000000001,6.800000000000001,6.800000000000001,6.816666666666666,2.41,1.1400000000000001,0.8300000000000001,0.46,1.1966666666666668,16.8,15.8,16.0,16.1,16.066666666666666,1.4000000000000001,1.6,1.6,1.7000000000000002,1.5666666666666667,254.23123388537562,0.43700000643730164,96.99569444444444,99.9876388888889,99.15763888888888,0.18654750287532806,0.12588016734663612,2.1745254345344294,12.494253744211365,16.55554002856962,26.0
36.5,-101.5,13.550868034362793,0.20272193849086761,7.5,7.7,7.800000000000001,8.0,7.716666666666667,7.6000000000000005,7.6000000000000005,7.7,7.800000000000001,7.65,6.7,6.800000000000001,6.800000000000001,6.9,6.783333333333333,1.24,0.99,0.77,0.47000000000000003,0.9216666666666667,15.8,14.600000000000001,14.8,14.700000000000001,14.9,1.6,1.9000000000000001,1.8,1.8,1.7999999999999998,249.152852236429,0.43700000643730164,97.81444444444445,100.0,99.15243055555555,0.3120591938495636,0.1452796170300989,2.1745254345344294,27.100000381469727,27.100000381469727,30.0
36.5,-100.5,13.453453063964844,0.20474132895469666,7.300000000000001,7.4,7.5,7.9,7.433333333333334,7.1000000000000005,7.1000000000000005,7.300000000000001,7.6000000000000005,7.2,6.6000000000000005,6.6000000000000005,6.7,6.800000000000001,6.65,1.1400000000000001,0.9500000000000001,0.67,0.41000000000000003,0.8416666666666668,18.400000000000002,18.3,18.900000000000002,19.3,18.616666666666667,1.9000000000000001,2.3000000000000003,2.3000000000000003,2.4000000000000004,2.2333333333333334,236.80517194492023,0.43700000643730164,96.635625,99.93354166666667,99.636875,0.552308976650238,0.05791888055529856,2.1745254345344294,25.5,25.5,22.0
36.5,-99.5,14.26364803314209,0.20687547326087952,7.300000000000001,7.5,7.5,7.800000000000001,7.466666666666667,7.2,7.1000000000000005,7.300000000000001,7.4,7.216666666666667,6.6000000000000005,6.5,6.6000000000000005,6.7,6.566666666666666,1.58,1.25,0.8,0.5,1.08,14.3,14.3,15.200000000000001,15.3,14.75,1.1,1.2000000000000002,1.3,1.3,1.2333333333333334,259.85950434590603,0.41200000047683716,87.97930555555556,91.15743055555555,93.56708333333333,0.40490272641181946,0.05988736130855855,2.1745254345344294,13.125014257504926,15.748970293056711,28.0
36.5,-98.5,14.929519653320312,0.2201564908027649,6.7,6.6000000000000005,6.7,7.1000000000000005,6.666666666666667,6.6000000000000005,6.6000000000000005,6.6000000000000005,6.7,6.6000000000000005,6.1000000000000005,6.0,6.0,6.1000000000000005,6.016666666666667,1.97,1.04,0.67,0.51,1.01,12.600000000000001,10.600000000000001,9.200000000000001,9.1,10.233333333333334,1.1,1.1,1.0,1.1,1.0499999999999998,312.642792965049,0.43700000643730164,87.61184026808154,90.7055291817928,93.63159731918458,0.28874966502189636,0.09474507569982335,2.1745254345344294,7.250396041132032,8.300633618127536,51.0
36.5,-97.5,15.008899688720703,0.2396886646747589,7.1000000000000005,7.2,7.300000000000001,7.7,7.233333333333333,6.300000000000001,6.300000000000001,6.4,6.800000000000001,6.3500000000000005,5.800000000000001,5.7,5.800000000000001,5.7,5.7666666666666675,2.2800000000000002,1.12,1.0,0.63,1.2533333333333334,14.0,14.0,16.7,19.900000000000002,15.35,1.8,1.8,1.8,1.9000000000000001,1.7999999999999998,355.4313551911189,0.43700000643730164,88.78145833333333,92.64895833333334,95.54541666666667,0.08555004745721817,0.17918075847883147,2.1745254345344294,13.994684636854242,25.50674056490913,62.0
36.5,-96.5,15.0426664352417,0.25466394424438477,6.4,6.4,6.4,6.6000000000000005,6.4,6.0,6.0,6.0,6.1000000000000005,6.0,5.7,5.4,5.4,5.4,5.45,2.68,1.28,1.05,0.71,1.3983333333333334,17.900000000000002,16.5,17.2,21.200000000000003,17.083333333333336,2.4000000000000004,2.3000000000000003,2.3000000000000003,2.4000000000000004,2.3166666666666664,314.4355227937067,0.43700000643730164,83.05895833333334,84.14340277777778,87.28486111111111,0.08282458782196045,0.22750949971116044,2.1745254345344294,18.25215446381869,19.77686711000878,29.0
36.5,-95.5,14.941703796386719,0.26203861832618713,6.1000000000000005,6.1000000000000005,6.2,6.300000000000001,6.15,6.1000000000000005,6.1000000000000005,6.0,6.0,6.05,5.4,5.2,5.1000000000000005,5.0,5.183333333333334,2.95,1.77,1.08,0.8200000000000001,1.6216666666666668,21.1,18.5,18.400000000000002,23.5,18.883333333333333,2.0,2.3000000000000003,2.2,2.3000000000000003,2.2,346.68021307828553,0.44699999690055847,76.52900619820322,76.57914896580542,81.3535761543283,0.17138250172138214,0.2846946148405482,2.1745254345344294,10.0,10.0,39.0
36.5,-94.5,14.18774700164795,0.26741859316825867,5.9,5.800000000000001,5.7,5.800000000000001,5.766666666666667,6.1000000000000005,6.1000000000000005,6.1000000000000005,6.1000000000000005,6.1,5.2,5.0,4.9,4.9,4.983333333333333,3.89,1.3900000000000001,1.08,0.72,1.6516666666666668,18.2,15.0,14.600000000000001,22.5,15.333333333333334,1.9000000000000001,1.7000000000000002,1.5,1.5,1.6333333333333333,378.307522556514,0.44999998807907104,47.62433558396782,48.419120815974715,38.78767418474357,0.07200056314468384,0.3703115421925652,0.8648680705534662,6.805289730435185,9.259917852253857,46.0
36.5,-93.5,13.915780067443848,0.26965591311454773,5.7,5.7,5.6000000000000005,5.6000000000000005,5.65,5.6000000000000005,5.6000000000000005,5.5,5.6000000000000005,5.55,4.7,4.5,4.5,4.5,4.533333333333333,5.16,2.96,1.41,0.67,2.5516666666666667,17.7,14.600000000000001,13.8,18.1,14.716666666666667,2.0,1.6,1.5,1.6,1.6166666666666667,372.76396559679984,0.44699999690055847,50.49118055555556,48.422291666666666,41.65965277777778,0.1020691990852356,0.4035915902378809,0.8648680705534662,16.30840693898339,22.50142574807532,35.0
36.5,-92.5,14.135554313659668,0.27569806575775146,5.5,5.5,5.4,5.4,5.45,6.2,6.2,6.2,6.1000000000000005,6.199999999999999,4.800000000000001,4.4,4.4,4.4,4.466666666666667,4.3100000000000005,2.31,0.85,0.43,1.9133333333333333,15.5,11.600000000000001,9.8,13.5,11.350000000000001,2.5,2.1,2.1,2.1,2.166666666666667,387.99063133017376,0.44699999690055847,53.79378986472279,49.34534239854209,46.89689493236139,0.09338299185037613,0.4033504066096859,0.8648680705534662,16.6208080478719,24.025942673231455,26.0
36.5,-91.5,14.001189231872559,0.28362852334976196,5.9,5.9,5.9,5.800000000000001,5.9,5.7,5.7,5.6000000000000005,5.6000000000000005,5.65,4.9,4.5,4.4,4.4,4.516666666666667,3.59,1.41,0.87,0.31,1.5033333333333334,13.0,8.700000000000001,7.7,9.700000000000001,8.916666666666666,1.5,1.4000000000000001,1.2000000000000002,1.2000000000000002,1.3166666666666669,476.16768116292906,0.44699999690055847,51.46083333333333,48.00298611111111,46.31236111111111,0.04474448785185814,0.47353339742027667,0.8648680705534662,8.342301397141938,13.409464876620628,32.0
36.5,-90.5,14.537349700927734,0.28553062677383423,5.5,5.4,5.4,5.300000000000001,5.416666666666667,6.0,6.0,5.9,5.9,5.95,5.0,4.9,4.9,4.800000000000001,4.916666666666667,3.8200000000000003,1.59,0.61,0.43,1.4716666666666667,12.3,10.0,8.6,10.5,9.683333333333334,1.9000000000000001,1.1,1.0,1.1,1.1833333333333333,477.4616981085219,0.44999998807907104,54.773402777777775,54.279583333333335,54.65972222222222,0.279234915971756,0.784875861852107,1.0131311683626316,11.874801979433983,11.857927008585932,58.0
36.5,-89.5,14.617451667785645,0.2842251658439636,6.0,6.0,5.9,5.800000000000001,5.95,6.0,6.0,6.0,5.9,6.0,5.0,4.800000000000001,4.800000000000001,4.7,4.833333333333334,2.61,0.9,0.59,0.39,1.03,18.400000000000002,15.5,15.8,16.7,16.133333333333333,1.9000000000000001,1.6,1.6,1.6,1.65,516.1438874110511,0.43700000643730164,79.01743055555555,80.83638888888889,81.82340277777777,0.5674615502357483,0.6403122932800269,0.7907365216488834,18.436946880978574,22.5023762467922,72.0
36.5,-88.5,14.23944091796875,0.28657639026641846,5.5,5.4,5.300000000000001,5.1000000000000005,5.366666666666667,5.300000000000001,5.2,5.1000000000000005,5.1000000000000005,5.166666666666667,4.7,4.4,4.2,4.0,4.35,4.91,1.51,0.65,0.44,1.6466666666666667,18.900000000000002,9.4,9.5,11.200000000000001,11.033333333333333,2.2,1.4000000000000001,1.3,1.3,1.4833333333333334,627.6322783941571,0.44699999690055847,64.08885442056282,63.367604697540436,61.642883521678115,0.1325303465127945,0.5432030613654151,0.7907365216488834,0.0,0.0,62.0
36.5,-87.5,14.045894622802734,0.2899623513221741,5.300000000000001,5.300000000000001,5.2,5.2,5.25,5.5,5.5,5.5,5.4,5.5,5.1000000000000005,4.7,4.7,4.5,4.766666666666667,4.98,1.33,0.78,0.48,1.6633333333333336,16.1,13.0,13.200000000000001,13.700000000000001,13.616666666666667,2.0,1.4000000000000001,1.3,1.4000000000000001,1.4500000000000002,646.9260129963717,0.44699999690055847,51.316606676547394,46.91686075234667,43.95864210600607,0.10990450531244278,0.5447631571652226,0.7907365216488834,9.300665062969305,9.300665062969305,46.0
36.5,-86.5,14.025691986083984,0.29198727011680603,5.800000000000001,5.9,5.800000000000001,5.5,5.833333333333334,5.4,5.4,5.300000000000001,5.300000000000001,5.3500000000000005,5.1000000000000005,4.800000000000001,4.7,4.4,4.800000000000001,4.12,1.45,0.8,0.44,1.5700000000000003,16.400000000000002,11.5,11.9,13.5,12.516666666666666,2.0,1.4000000000000001,1.2000000000000002,1.3,1.4000000000000001,678.0139130146348,0.44699999690055847,55.91909722222222,53.34701388888889,50.68527777777778,0.10675062239170074,0.537911053874174,0.7907365216488834,1.8005702515313045,1.8005702515313045,62.0
36.5,-85.5,13.904316902160645,0.29495668411254883,5.4,5.4,5.4,5.300000000000001,5.4,5.4,5.300000000000001,5.2,5.300000000000001,5.266666666666667,4.800000000000001,4.4,4.3,4.1000000000000005,4.416666666666666,4.1,1.79,0.85,0.45,1.705,16.2,8.5,8.1,8.200000000000001,9.583333333333332,2.1,1.3,1.4000000000000001,1.3,1.4833333333333334,752.6893211001094,0.44699999690055847,50.67803431476382,44.44489161900727,42.16776106757043,0.06898999214172363,0.5821230768924938,0.7907365216488834,1.5754990595251857,1.5754990595251857,34.0
36.5,-84.5,12.834195137023926,0.2973708510398865,5.4,5.5,5.5,5.4,5.483333333333333,5.2,5.2,5.1000000000000005,5.1000000000000005,5.15,4.7,4.3,4.2,4.0,4.316666666666666,5.47,2.9,1.48,0.73,2.618333333333333,16.900000000000002,8.9,8.4,8.5,9.983333333333334,2.4000000000000004,1.6,1.2000000000000002,1.2000000000000002,1.5333333333333334,765.8679607646188,0.43700000643730164,48.19754816112084,39.47159369527145,38.25408056042031,0.050706591457128525,0.6343105796026292,0.7907365216488834,1.974374278845691,1.974374278845691,15.0
36.5,-83.5,12.685840606689453,0.29515641927719116,5.4,5.5,5.4,5.4,5.433333333333334,5.6000000000000005,5.6000000000000005,5.6000000000000005,5.5,5.6,5.0,4.7,4.6000000000000005,4.5,4.7,5.8100000000000005,2.57,1.23,0.49,2.4400000000000004,18.900000000000002,12.600000000000001,11.100000000000001,10.3,12.9,2.1,1.6,1.4000000000000001,1.4000000000000001,1.5833333333333335,775.4981767412268,0.43700000643730164,50.33642355327008,43.67023973346853,42.326066488013325,0.05824819207191467,0.5089594121586021,0.7907365216488834,1.9756257688380245,1.9756257688380245,27.0
36.5,-82.5,12.902260780334473,0.2932492196559906,5.6000000000000005,5.7,5.7,5.800000000000001,5.683333333333334,5.5,5.5,5.5,5.5,5.5,5.0,4.7,4.7,4.6000000000000005,4.75,6.0600000000000005,3.0,1.2,0.55,2.61,21.200000000000003,13.4,13.100000000000001,10.700000000000001,14.55,2.4000000000000004,1.8,1.4000000000000001,1.4000000000000001,1.7000000000000002,787.3884705595503,0.44699999690055847,53.321527777777774,47.92340277777778,46.48083333333334,0.031473055481910706,0.4884614438451214,0.7907365216488834,0.0,0.0,26.0
36.5,-81.5,10.145569801330566,0.29410409927368164,5.300000000000001,5.2,5.300000000000001,5.4,5.2666666666666675,5.1000000000000005,5.0,5.0,5.1000000000000005,5.016666666666667,4.2,4.2,4.2,4.2,4.199999999999999,7.62,2.34,0.92,0.53,2.51,24.1,14.200000000000001,12.100000000000001,12.700000000000001,14.8,3.7,2.7,1.7000000000000002,1.4000000000000001,2.3666666666666667,816.7734633686238,0.44699999690055847,49.857708333333335,42.79222222222222,40.57069444444444,0.019462423399090767,0.554207161796183,0.7907365216488834,0.0,0.0,15.0
36.5,-80.5,13.126843452453613,0.29009583592414856,5.4,5.5,5.5,5.5,5.483333333333333,5.300000000000001,5.2,5.300000000000001,5.300000000000001,5.2666666666666675,4.800000000000001,4.3,4.3,4.2,4.383333333333333,5.68,2.43,1.29,0.56,2.401666666666667,19.0,12.4,8.700000000000001,9.0,11.649999999999999,2.1,1.3,1.0,1.0,1.2833333333333332,814.3423107755991,0.44699999690055847,52.193888888888885,46.085,43.28791666666667,0.03260376304388046,0.44986889668014896,0.7907365216488834,3.974944578060711,3.974944578060711,32.0
36.5,-79.5,14.224104881286621,0.2860462963581085,5.1000000000000005,5.2,5.2,5.4,5.183333333333334,5.2,5.2,5.2,5.2,5.2,4.5,4.0,4.1000000000000005,4.0,4.133333333333333,3.97,1.46,0.7000000000000001,0.38,1.4983333333333335,12.3,7.4,7.7,9.600000000000001,8.366666666666667,2.2,1.4000000000000001,1.2000000000000002,1.3,1.4333333333333333,754.0402582329284,0.44699999690055847,55.0,50.0,47.0,0.0396251454949379,0.3865847296098974,0.7907365216488834,4.799619752814424,4.799619752814424,39.0
36.5,-78.5,14.504376411437988,0.2847030460834503,5.1000000000000005,5.2,5.2,5.4,5.183333333333334,4.9,4.9,5.0,5.0,4.95,4.3,4.1000000000000005,4.0,4.0,4.083333333333334,5.66,1.6400000000000001,0.7000000000000001,0.46,1.8400000000000003,19.900000000000002,8.8,9.200000000000001,9.700000000000001,10.850000000000001,1.9000000000000001,1.4000000000000001,1.2000000000000002,1.3,1.3833333333333333,778.1802107893316,0.44699999690055847,54.704861111111114,49.704861111111114,46.58680555555556,0.04495273157954216,0.35845018305732035,0.7907365216488834,3.024041556626175,3.024041556626175,30.0
36.5,-77.5,14.974282264709473,0.28085869550704956,4.9,5.0,5.1000000000000005,5.0,5.033333333333333,5.300000000000001,5.2,5.300000000000001,5.300000000000001,5.2666666666666675,4.2,4.1000000000000005,4.0,4.0,4.066666666666666,5.5,1.29,0.59,0.29,1.6416666666666666,15.9,7.800000000000001,8.4,12.3,9.45,1.6,0.9,0.7000000000000001,0.8,0.9166666666666667,811.4338032656773,0.44699999690055847,51.82881944444444,43.93763888888889,39.729166666666664,0.047425344586372375,0.3646083529493624,0.7907365216488834,1.3002217949510906,1.3002217949510906,35.0
36.5,-76.5,15.221985816955566,0.26324814558029175,5.300000000000001,5.300000000000001,5.300000000000001,5.2,5.300000000000001,4.9,4.800000000000001,4.9,5.0,4.866666666666667,4.2,4.1000000000000005,4.1000000000000005,4.1000000000000005,4.116666666666667,6.71,1.1500000000000001,0.55,0.28,1.7766666666666668,21.8,6.9,7.2,8.0,9.533333333333333,3.5,3.2,2.8000000000000003,2.7,3.05,658.2452137481323,0.44999998807907104,47.40253838921968,46.498981510498275,43.72743654026951,0.023437825962901115,0.4546229447582787,0.7907365216488834,0.0,0.0,35.0
37.5,-121.5,14.938735961914062,0.21625840663909912,6.7,6.800000000000001,6.9,7.2,6.833333333333334,6.6000000000000005,6.6000000000000005,6.7,6.7,6.65,5.2,4.9,4.800000000000001,4.800000000000001,4.9,2.91,1.55,0.81,0.58,1.4066666666666667,24.6,23.8,24.200000000000003,26.1,24.133333333333333,2.5,2.6,2.5,2.5,2.533333333333333,563.7231162139727,0.44699999690055847,77.49541551448115,79.39484791151216,79.74603405617815,0.14806650578975677,0.14967086043764682,0.9389996194580489,19.527464933429197,19.527464933429197,25.0
37.5,-120.5,16.471410751342773,0.22145196795463562,7.5,7.7,7.7,7.800000000000001,7.666666666666666,6.800000000000001,6.800000000000001,6.9,6.9,6.85,5.2,5.0,5.0,5.0,5.033333333333333,4.93,1.73,0.76,0.75,1.7783333333333333,19.900000000000002,17.0,16.2,16.0,17.083333333333336,1.4000000000000001,1.6,1.5,1.6,1.5166666666666666,466.94514255113177,0.44699999690055847,82.3645138888889,84.14805555555556,84.358125,0.1339128166437149,0.18280753517069925,0.9389996194580489,8.225573887017934,10.807238894084849,37.0
37.5,-119.5,7.276281833648682,0.22167712450027466,5.800000000000001,5.800000000000001,5.800000000000001,5.7,5.800000000000001,6.0,6.0,6.0,6.0,6.0,5.2,4.9,4.800000000000001,4.7,4.9,6.5,3.19,2.04,1.5,3.166666666666667,22.200000000000003,14.100000000000001,11.600000000000001,10.3,14.200000000000001,3.0,2.8000000000000003,1.8,1.7000000000000002,2.3333333333333335,370.66143251971494,0.44699999690055847,57.32186007305423,54.60241640910368,53.926524304579935,0.2372015416622162,0.3418971224794391,0.9389996194580489,13.137520016764308,12.717494074896091,3.0
37.5,-118.5,11.264050483703613,0.21149039268493652,6.300000000000001,6.4,6.5,6.7,6.433333333333334,6.7,6.7,6.9,6.9,6.800000000000001,5.9,5.800000000000001,5.9,5.800000000000001,5.866666666666667,5.47,3.59,1.87,1.25,3.0433333333333334,12.100000000000001,10.600000000000001,9.0,8.700000000000001,10.05,1.3,1.4000000000000001,1.4000000000000001,1.4000000000000001,1.3833333333333333,128.93329035002176,0.43700000643730164,78.19330620263823,80.10335391523996,79.48379174852653,0.007393932901322842,0.17902877130684736,0.9389996194580489,7.299062443571724,47.003556519854186,2.0
37.5,-117.5,10.167241096496582,0.19082501530647278,6.9,7.1000000000000005,7.0,7.300000000000001,7.016666666666667,8.4,8.5,8.4,8.5,8.433333333333334,6.6000000000000005,6.6000000000000005,6.5,6.6000000000000005,6.550000000000001,1.72,1.55,1.04,0.8300000000000001,1.3233333333333335,11.600000000000001,12.600000000000001,13.200000000000001,13.0,12.733333333333334,1.1,1.5,1.5,1.6,1.4333333333333333,77.26478922064364,0.43700000643730164,93.24520833333334,99.0,99.0,7.5095135798619594e-06,0.014113414864687387,1.7297361411069323,5.375848714965203,29.0,0.0
37.5,-116.5,10.84381103515625,0.1815783977508545,8.3,8.4,8.4,8.4,8.383333333333333,8.200000000000001,8.3,8.3,8.3,8.283333333333333,6.6000000000000005,6.6000000000000005,6.7,6.7,6.65,0.44,0.39,0.46,0.32,0.43333333333333335,13.100000000000001,16.6,19.0,18.3,17.21666666666667,1.3,1.7000000000000002,1.8,1.9000000000000001,1.6833333333333333,101.33510647872842,0.43700000643730164,93.95479166666667,99.10604166666667,99.10604166666667,2.120143108186312e-06,0.017346438770505953,1.7297361411069323,16.0,58.0,0.0
37.5,-115.5,10.989105224609375,0.18523772060871124,8.3,8.4,8.4,8.5,8.383333333333333,8.1,8.1,8.1,8.200000000000001,8.100000000000001,6.4,6.4,6.4,6.4,6.4,0.36,0.28,0.32,0.23,0.31333333333333335,13.4,16.0,18.1,17.6,16.616666666666667,0.9,1.3,1.3,1.4000000000000001,1.2333333333333334,107.21604114303415,0.43700000643730164,95.14625,99.0,99.0,0.03764420002698898,0.02237829911213025,1.7297361411069323,0.874717095011599,29.884093374627177,0.0
37.5,-114.5,11.323677062988281,0.19178706407546997,8.1,8.200000000000001,8.200000000000001,8.3,8.183333333333334,7.2,7.300000000000001,7.300000000000001,7.4,7.283333333333333,6.5,6.5,6.4,6.5,6.45,0.49,0.45,0.48,0.47000000000000003,0.4716666666666667,14.100000000000001,16.400000000000002,17.6,15.5,16.616666666666667,1.7000000000000002,1.9000000000000001,2.1,2.1,1.9666666666666668,155.0612910334413,0.43700000643730164,96.24680555555555,99.0,99.08444444444444,0.07541273534297943,0.028219678844602473,1.7297361411069323,15.70287805790911,58.0,2.0
37.5,-113.5,8.425841331481934,0.19823437929153442,8.0,8.1,8.200000000000001,8.3,8.133333333333333,7.4,7.4,7.5,7.6000000000000005,7.45,6.300000000000001,6.4,6.4,6.5,6.383333333333334,0.8200000000000001,0.66,0.6,0.48,0.6566666666666667,15.200000000000001,16.400000000000002,16.3,15.8,16.15,2.0,2.2,2.3000000000000003,2.4000000000000004,2.216666666666667,180.77148685013583,0.43700000643730164,97.97395833333333,98.60458333333334,98.99458333333334,0.07561317831277847,0.06412504588690517,1.7297361411069323,49.3077124685367,57.57529888031454,9.0
37.5,-112.5,5.981852054595947,0.2029670625925064,7.9,8.0,8.200000000000001,8.3,8.083333333333334,7.5,7.5,7.6000000000000005,7.6000000000000005,7.550000000000001,6.1000000000000005,6.2,6.2,6.300000000000001,6.183333333333334,1.3900000000000001,1.07,0.8300000000000001,0.53,1.0033333333333334,13.9,14.100000000000001,15.0,12.9,14.516666666666666,2.4000000000000004,2.4000000000000004,2.4000000000000004,2.3000000000000003,2.4000000000000004,201.29855936531018,0.43700000643730164,95.99541666666667,97.15805555555555,97.17875,0.0759759321808815,0.07630661421605246,1.7297361411069323,9.027917581287301,9.027917581287301,11.0
37.5,-111.5,10.28630256652832,0.20049944519996643,7.6000000000000005,7.7,7.9,8.0,7.783333333333333,7.300000000000001,7.2,7.300000000000001,7.300000000000001,7.266666666666667,6.1000000000000005,6.0,6.0,6.1000000000000005,6.016666666666667,1.24,1.06,0.85,0.53,0.9850000000000001,15.9,16.2,16.2,15.600000000000001,16.15,2.1,2.1,1.9000000000000001,1.9000000000000001,2.0,136.21401910762663,0.43700000643730164,91.71333333333334,98.88256944444444,98.73965277777778,0.04418470337986946,0.033408891747813106,1.7297361411069323,10.381815303149283,8.7797801137772,3.0
37.5,-110.5,13.384718894958496,0.19865763187408447,8.0,8.1,8.1,8.200000000000001,8.083333333333332,8.1,8.200000000000001,8.200000000000001,8.3,8.183333333333334,7.4,7.4,7.300000000000001,7.4,7.3500000000000005,0.67,0.59,0.5700000000000001,0.41000000000000003,0.5933333333333334,7.5,8.5,8.5,8.6,8.333333333333334,0.8,1.0,1.0,1.1,0.9666666666666667,106.00278304352281,0.43700000643730164,94.530625,99.20069444444445,99.27305555555556,0.039319735020399094,0.018490037259364628,1.7297361411069323,33.74797925008285,46.24878755004971,3.0
37.5,-109.5,11.360855102539062,0.20150068402290344,8.1,8.200000000000001,8.200000000000001,8.1,8.183333333333334,7.9,8.0,8.0,8.1,7.983333333333333,6.7,6.6000000000000005,6.7,6.7,6.666666666666667,0.73,0.67,0.65,0.4,0.67,5.9,6.1000000000000005,6.2,6.2,6.116666666666667,1.1,1.5,1.5,1.6,1.4333333333333333,152.96214531409578,0.43700000643730164,91.53013888888889,97.48416666666667,98.04590277777778,0.06328337639570236,0.02981911891122369,1.7297361411069323,8.234736627706706,28.74312945028169,7.0
37.5,-108.5,7.79315710067749,0.20831209421157837,7.2,7.300000000000001,7.4,7.7,7.333333333333333,6.5,6.5,6.5,6.7,6.5,5.4,5.300000000000001,5.300000000000001,5.4,5.316666666666666,2.71,1.69,1.11,0.7000000000000001,1.5700000000000003,20.5,20.700000000000003,22.3,26.6,21.46666666666667,2.5,2.5,2.3000000000000003,2.1,2.4000000000000004,256.6964200740157,0.43700000643730164,85.06645833333333,87.96104166666667,88.38097222222223,0.01913284696638584,0.09567368378360908,1.7297361411069323,19.170719463387787,24.625989359295104,15.0
37.5,-107.5,1.4402433633804321,0.2199563980102539,5.7,5.7,5.800000000000001,5.800000000000001,5.75,5.5,5.5,5.6000000000000005,5.800000000000001,5.550000000000001,4.800000000000001,4.800000000000001,4.800000000000001,5.0,4.800000000000001,11.83,4.41,2.13,1.27,4.506666666666668,28.3,17.7,16.2,15.3,18.71666666666667,2.1,2.2,1.9000000000000001,1.8,2.033333333333333,335.9609322641441,0.43700000643730164,70.825625,71.08756944444444,72.74069444444444,0.015851717442274094,0.27311126787520323,1.7297361411069323,29.626010374958575,34.767332605637584,7.0
37.5,-106.5,1.1956355571746826,0.2234809398651123,5.9,5.9,6.0,6.0,5.949999999999999,6.0,6.0,6.0,6.1000000000000005,6.0,5.2,5.1000000000000005,5.1000000000000005,5.300000000000001,5.116666666666667,7.59,4.14,2.02,1.6600000000000001,3.6550000000000002,29.400000000000002,18.8,17.7,17.400000000000002,20.016666666666666,2.5,2.3000000000000003,2.1,2.0,2.2333333333333334,337.2678704284166,0.43700000643730164,74.884375,75.51416666666667,77.23576388888888,0.0020371563732624054,0.2841699110278422,1.7297361411069323,6.397067612235575,8.027594738291887,12.0
37.5,-105.5,4.549190521240234,0.21262115240097046,7.800000000000001,7.800000000000001,7.9,8.1,7.8500000000000005,7.800000000000001,7.800000000000001,7.800000000000001,8.0,7.800000000000001,6.9,6.9,7.0,7.300000000000001,6.949999999999999,1.29,1.06,0.66,0.9400000000000001,0.8983333333333334,18.400000000000002,17.900000000000002,18.6,18.2,18.333333333333336,1.6,1.8,1.8,1.8,1.7666666666666666,288.23592689481285,0.43700000643730164,82.98236111111112,84.74854166666667,86.04229166666667,0.005505351349711418,0.11930745732047318,1.7297361411069323,8.71977232646282,8.211015501357846,10.0
37.5,-104.5,10.6284761428833,0.2102210968732834,7.5,7.6000000000000005,7.7,8.0,7.633333333333333,7.7,7.7,7.800000000000001,8.0,7.75,6.9,6.800000000000001,6.9,7.0,6.866666666666667,2.08,1.5,0.96,0.63,1.3266666666666667,18.400000000000002,18.900000000000002,19.1,18.400000000000002,18.916666666666668,1.8,2.1,2.1,2.2,2.05,261.2862409191669,0.43700000643730164,93.11604166666666,95.55069444444445,95.87805555555556,0.051601432263851166,0.030899768019353985,1.7297361411069323,16.73390084552864,17.774102882373384,5.0
37.5,-103.5,11.5729341506958,0.2038533091545105,7.7,7.9,8.0,8.200000000000001,7.916666666666666,7.6000000000000005,7.7,7.800000000000001,7.9,7.733333333333333,6.800000000000001,6.6000000000000005,6.6000000000000005,6.800000000000001,6.633333333333334,1.26,1.06,0.79,0.41000000000000003,0.9583333333333334,16.6,17.900000000000002,18.2,17.2,17.833333333333336,1.4000000000000001,1.7000000000000002,1.8,1.9000000000000001,1.7000000000000002,206.87310169059452,0.44699999690055847,92.318125,99.47729166666667,99.47729166666667,0.06086715683341026,0.02134356416790451,1.7297361411069323,12.199999809265137,50.0,3.0
37.5,-102.5,11.912558555603027,0.2040904462337494,7.9,7.9,7.9,8.0,7.9,7.6000000000000005,7.7,7.800000000000001,7.9,7.733333333333333,7.0,6.9,6.9,7.0,6.916666666666667,1.57,0.96,0.75,0.4,0.9566666666666667,19.400000000000002,21.400000000000002,21.0,19.200000000000003,20.866666666666667,1.9000000000000001,1.9000000000000001,1.8,1.9000000000000001,1.85,215.112545907571,0.41200000047683716,95.80916666666667,99.04909722222222,98.87006944444444,0.08663775026798248,0.04580718915108725,1.7297361411069323,18.700000762939453,16.649999618530273,9.0
37.5,-101.5,12.623473167419434,0.20193004608154297,7.6000000000000005,7.6000000000000005,7.7,8.0,7.65,7.4,7.4,7.5,7.6000000000000005,7.45,6.7,6.6000000000000005,6.7,6.800000000000001,6.666666666666667,1.59,0.98,0.72,0.44,0.9516666666666667,20.3,20.5,21.200000000000003,21.0,20.81666666666667,1.7000000000000002,1.9000000000000001,1.9000000000000001,2.0,1.8666666666666667,255.69386012974297,0.43700000643730164,97.37027777777777,99.5813888888889,98.39444444444445,0.12907038629055023,0.12533167339576165,1.1613942661717973,18.950000762939453,15.4399995803833,49.0
37.5,-100.5,12.54940414428711,0.20534299314022064,7.1000000000000005,7.2,7.300000000000001,7.9,7.233333333333333,6.9,6.9,7.0,7.300000000000001,6.949999999999999,6.300000000000001,6.2,6.300000000000001,6.4,6.266666666666667,1.33,1.03,0.78,0.49,0.9550000000000001,17.5,17.8,18.3,17.900000000000002,18.0,1.6,1.9000000000000001,1.8,1.9000000000000001,1.7999999999999998,263.2003175918889,0.43700000643730164,96.508125,99.56125,98.66319444444444,0.22237706184387207,0.15952752416685273,1.1613942661717973,24.761874330465137,23.884090321442144,59.0
37.5,-99.5,12.988581657409668,0.21378391981124878,6.800000000000001,6.9,7.1000000000000005,7.5,6.983333333333333,6.7,6.7,6.800000000000001,7.0,6.75,6.6000000000000005,6.6000000000000005,6.6000000000000005,6.7,6.6000000000000005,1.41,1.1500000000000001,0.86,0.53,1.0483333333333333,20.3,19.400000000000002,20.400000000000002,20.6,20.05,1.5,1.7000000000000002,1.6,1.7000000000000002,1.6166666666666667,273.3540153664518,0.43700000643730164,93.20222222222222,95.17125,95.88944444444445,0.4884060323238373,0.09506659753969664,1.1613942661717973,24.100000381469727,24.100000381469727,44.0
37.5,-98.5,13.581645965576172,0.22886957228183746,6.2,6.1000000000000005,6.300000000000001,6.7,6.216666666666667,6.7,6.7,6.800000000000001,6.9,6.75,6.300000000000001,6.1000000000000005,6.2,6.2,6.183333333333334,2.38,0.8200000000000001,0.61,0.42,0.9750000000000001,11.5,8.8,9.200000000000001,10.200000000000001,9.45,1.7000000000000002,1.8,1.8,1.9000000000000001,1.7833333333333332,308.8438682841006,0.43700000643730164,90.27423611111111,91.48333333333333,93.72229166666666,0.3196846544742584,0.1277790163658293,1.1613942661717973,10.300000190734863,8.06000018119812,50.0
37.5,-97.5,13.859997749328613,0.24512037634849548,6.2,6.300000000000001,6.4,6.800000000000001,6.333333333333334,6.300000000000001,6.300000000000001,6.300000000000001,6.6000000000000005,6.300000000000001,5.800000000000001,5.6000000000000005,5.6000000000000005,5.7,5.633333333333334,2.49,0.97,0.79,0.54,1.1333333333333333,12.700000000000001,11.100000000000001,11.3,11.5,11.466666666666667,1.7000000000000002,1.7000000000000002,1.7000000000000002,1.8,1.7000000000000002,331.60202137992434,0.43700000643730164,89.66104166666666,92.31277777777778,94.945,0.1552392840385437,0.22012953192469595,1.1613942661717973,16.30035536585229,18.82703832712435,51.0
37.5,-96.5,13.46200180053711,0.25966328382492065,6.1000000000000005,6.1000000000000005,6.2,6.7,6.15,6.5,6.5,6.5,6.7,6.5,5.7,5.6000000000000005,5.5,5.5,5.566666666666666,2.7800000000000002,1.95,1.09,0.6900000000000001,1.6583333333333332,20.8,19.200000000000003,20.0,21.5,19.866666666666667,3.0,3.1,3.0,3.1,3.033333333333333,306.65233014586937,0.43700000643730164,88.46923611111112,90.33569444444444,92.0598611111111,0.1269012838602066,0.270339915808115,1.1613942661717973,25.949999809265137,36.15499973297119,29.0
37.5,-95.5,13.748902320861816,0.265188604593277,6.300000000000001,6.300000000000001,6.300000000000001,6.4,6.300000000000001,6.4,6.4,6.4,6.5,6.4,5.2,5.2,5.2,5.1000000000000005,5.2,3.67,2.54,1.84,1.11,2.3783333333333334,25.400000000000002,25.1,25.0,26.3,25.1,2.6,2.7,2.6,2.7,2.6333333333333337,377.19890770982255,0.44699999690055847,79.34930555555556,79.4732638888889,84.71875,0.1840468794107437,0.31630620983140967,1.1613942661717973,18.10059804657721,19.905598351752992,46.0
37.5,-94.5,13.536118507385254,0.26874637603759766,6.300000000000001,6.300000000000001,6.300000000000001,6.4,6.300000000000001,6.2,6.2,6.2,6.2,6.199999999999999,5.1000000000000005,5.0,4.9,4.9,4.966666666666667,3.21,2.2600000000000002,1.7,1.23,2.1383333333333336,26.3,25.200000000000003,24.900000000000002,23.700000000000003,25.233333333333334,5.300000000000001,2.9000000000000004,2.8000000000000003,2.9000000000000004,3.25,448.3663079514919,0.44699999690055847,68.42138888888888,71.08659722222222,74.27270833333333,0.14277106523513794,0.37942405978669974,1.0131311683626316,20.1526346762989,27.869303622204505,67.0
37.5,-93.5,13.093600273132324,0.27204564213752747,6.0,6.0,6.0,5.800000000000001,6.0,5.6000000000000005,5.6000000000000005,5.6000000000000005,5.5,5.6,4.9,4.7,4.6000000000000005,4.5,4.683333333333334,5.48,2.29,1.6400000000000001,0.8,2.496666666666667,21.900000000000002,18.3,19.0,22.5,19.25,2.1,1.6,1.5,1.6,1.6333333333333333,452.4813534530488,0.44999998807907104,46.886180555555555,47.52611111111111,38.37798611111111,0.09884888678789139,0.39519126718996167,1.0131311683626316,10.35494020489444,18.816733276132364,63.0
37.5,-92.5,12.939187049865723,0.27488386631011963,5.5,5.5,5.4,5.4,5.45,6.0,6.0,5.800000000000001,5.800000000000001,5.9,5.300000000000001,5.1000000000000005,5.0,4.9,5.083333333333333,3.31,1.71,0.81,0.42,1.5266666666666668,16.1,13.600000000000001,14.5,20.0,14.466666666666667,1.9000000000000001,1.8,1.7000000000000002,1.8,1.7666666666666666,441.7983671792409,0.44699999690055847,51.90763888888889,47.97361111111111,45.85486111111111,0.04185584560036659,0.4181658486415802,1.0131311683626316,10.19817468254784,13.169494095097896,45.0
37.5,-91.5,12.744186401367188,0.2801479697227478,5.7,5.7,5.6000000000000005,5.6000000000000005,5.65,5.800000000000001,5.800000000000001,5.7,5.7,5.75,4.9,4.6000000000000005,4.5,4.5,4.6,4.59,1.78,0.78,0.42,1.7483333333333335,14.9,10.4,9.8,12.8,10.850000000000001,1.7000000000000002,1.5,1.3,1.4000000000000001,1.4333333333333333,329.6874995570845,0.44699999690055847,52.0,48.0,46.0,0.052040956914424896,0.40613270629424564,1.0131311683626316,5.410067863792406,8.18797938149039,19.0
37.5,-90.5,12.765534400939941,0.28140753507614136,6.0,6.1000000000000005,6.0,5.7,6.033333333333333,6.0,6.0,6.0,5.9,6.0,4.800000000000001,4.7,4.7,4.6000000000000005,4.716666666666667,3.37,1.55,0.85,0.41000000000000003,1.5033333333333334,17.3,13.8,14.700000000000001,18.8,14.833333333333332,1.7000000000000002,1.5,1.3,1.4000000000000001,1.4333333333333333,375.72869345877376,0.44699999690055847,60.547847222222224,57.94701388888889,56.88458333333333,0.28366023302078247,0.41340060286195573,1.0131311683626316,8.280859764086596,9.604979003255847,20.0
37.5,-89.5,13.523882865905762,0.28206682205200195,6.1000000000000005,6.1000000000000005,5.9,5.7,6.0,5.7,5.7,5.7,5.6000000000000005,5.699999999999999,5.0,4.7,4.6000000000000005,4.5,4.7,3.24,1.1500000000000001,0.61,0.32,1.2283333333333333,17.400000000000002,12.5,13.200000000000001,16.8,13.666666666666668,2.0,1.5,1.5,1.6,1.5833333333333333,559.3752224481317,0.44699999690055847,77.95951388888889,80.6973611111111,81.14395833333333,0.4915803074836731,0.4923148379808663,1.0131311683626316,13.525315332323673,15.580315637499455,62.0
37.5,-88.5,13.52297592163086,0.2863895297050476,5.6000000000000005,5.7,5.5,5.300000000000001,5.583333333333333,5.1000000000000005,5.1000000000000005,5.0,5.1000000000000005,5.05,4.6000000000000005,4.4,4.3,4.1000000000000005,4.383333333333333,2.65,1.26,0.62,0.29,1.1716666666666669,20.200000000000003,11.200000000000001,11.4,15.200000000000001,12.8,2.1,1.6,1.3,1.4000000000000001,1.5333333333333332,591.7650174083058,0.44699999690055847,77.38428948465065,80.07952493401861,80.42721211279344,0.21686697006225586,0.506730513923444,1.0131311683626316,3.826236746648429,3.826236746648429,60.0
37.5,-87.5,13.7129487991333,0.2892230451107025,5.9,6.0,5.7,5.300000000000001,5.833333333333334,6.0,5.800000000000001,5.7,5.7,5.783333333333333,5.1000000000000005,4.9,4.9,4.800000000000001,4.933333333333334,4.3100000000000005,1.29,0.65,0.32,1.4733333333333334,20.900000000000002,14.4,14.5,17.400000000000002,15.533333333333333,1.9000000000000001,1.5,1.5,1.5,1.5666666666666667,618.016382015346,0.44699999690055847,69.36125,67.67284722222222,66.91375,0.4547421932220459,0.4906462259122838,0.7907365216488834,14.654999732971191,9.800000190734863,68.0
37.5,-86.5,13.237549781799316,0.29352128505706787,5.800000000000001,5.800000000000001,5.800000000000001,5.6000000000000005,5.800000000000001,5.2,5.1000000000000005,5.1000000000000005,5.1000000000000005,5.116666666666667,5.1000000000000005,4.7,4.5,4.5,4.666666666666666,4.28,1.69,0.88,0.46,1.7166666666666668,28.1,12.600000000000001,13.100000000000001,13.4,15.433333333333334,2.0,1.7000000000000002,1.5,1.5,1.65,692.823461809677,0.44699999690055847,53.18861111111111,46.08756944444445,43.939305555555556,0.06530699878931046,0.5551981187526691,0.7907365216488834,0.0,0.0,52.0
37.5,-85.5,13.29576587677002,0.29792821407318115,5.5,5.5,5.4,5.300000000000001,5.45,5.6000000000000005,5.6000000000000005,5.6000000000000005,5.6000000000000005,5.6,5.1000000000000005,4.800000000000001,4.800000000000001,4.800000000000001,4.8500000000000005,4.94,1.51,0.8200000000000001,0.47000000000000003,1.7366666666666668,16.3,11.5,10.9,12.0,12.0,2.5,1.8,1.6,1.6,1.8166666666666667,740.4186272143467,0.44699999690055847,53.861666666666665,48.651805555555555,47.03527777777778,0.08385175466537476,0.5313446233534457,0.7907365216488834,5.919413265101211,9.438050466835971,57.0
37.5,-84.5,12.783302307128906,0.2994610071182251,6.0,6.0,5.9,6.0,5.95,5.800000000000001,5.9,5.800000000000001,5.7,5.833333333333334,5.0,4.800000000000001,4.5,4.5,4.683333333333334,4.59,2.9,1.34,0.76,2.401666666666667,22.3,19.900000000000002,19.1,20.700000000000003,19.9,2.3000000000000003,1.9000000000000001,1.7000000000000002,1.7000000000000002,1.8666666666666667,769.4169937328425,0.44699999690055847,59.84854166666667,55.93666666666667,55.389583333333334,0.08571235835552216,0.5415508031242527,0.7907365216488834,5.786870253486089,12.824144656955609,52.0
37.5,-83.5,12.478160858154297,0.29679492115974426,5.300000000000001,5.300000000000001,5.300000000000001,5.4,5.300000000000001,5.2,5.2,5.2,5.2,5.2,4.6000000000000005,4.1000000000000005,4.0,4.0,4.133333333333333,6.0600000000000005,2.07,1.1500000000000001,0.68,2.2750000000000004,22.200000000000003,11.9,11.4,11.0,13.366666666666667,2.8000000000000003,1.7000000000000002,1.2000000000000002,1.3,1.6333333333333333,743.8441919790245,0.43700000643730164,46.981944444444444,37.46388888888889,36.888888888888886,0.051211293786764145,0.518325839273643,0.7907365216488834,0.0,0.0,9.0
37.5,-82.5,12.612334251403809,0.2947187125682831,5.800000000000001,5.800000000000001,5.800000000000001,5.800000000000001,5.800000000000001,5.4,5.4,5.300000000000001,5.300000000000001,5.3500000000000005,4.5,4.2,4.1000000000000005,4.0,4.2,7.890000000000001,2.71,1.35,0.61,2.8933333333333335,22.200000000000003,14.9,12.8,11.3,15.066666666666666,2.4000000000000004,1.6,1.4000000000000001,1.3,1.6333333333333333,733.8094607770723,0.43700000643730164,45.1125,35.16875,35.135,0.02961469441652298,0.5166419153937317,0.7907365216488834,0.0,0.0,4.0
37.5,-81.5,11.358166694641113,0.2945193648338318,5.300000000000001,5.4,5.300000000000001,5.4,5.333333333333334,5.2,5.2,5.2,5.2,5.2,4.5,4.1000000000000005,4.0,3.8000000000000003,4.116666666666667,7.94,4.3100000000000005,1.46,1.0,3.49,24.900000000000002,20.400000000000002,22.3,20.3,22.1,2.7,1.9000000000000001,1.3,1.2000000000000002,1.7333333333333334,728.926158403835,0.43700000643730164,45.27513888888889,37.330416666666665,37.76291666666667,0.021358199417591095,0.5292654153866707,0.7907365216488834,5.449999809265137,5.449999809265137,6.0
37.5,-80.5,10.495298385620117,0.29123497009277344,4.800000000000001,4.7,4.7,4.800000000000001,4.716666666666667,5.7,5.7,5.7,5.7,5.699999999999999,5.300000000000001,5.300000000000001,5.4,5.2,5.35,13.540000000000001,2.92,1.3800000000000001,0.41000000000000003,3.9200000000000004,36.4,13.0,11.4,10.8,16.099999999999998,2.3000000000000003,1.9000000000000001,1.8,1.9000000000000001,1.9166666666666665,742.6488255277131,0.43700000643730164,51.19145833333334,44.48319444444444,43.467708333333334,0.03175432235002518,0.41594607496883246,0.7907365216488834,0.0,0.0,14.0
37.5,-79.5,12.514447212219238,0.28855079412460327,5.0,5.0,5.1000000000000005,5.300000000000001,5.050000000000001,5.4,5.4,5.4,5.4,5.4,4.800000000000001,4.7,4.5,4.5,4.616666666666667,10.84,4.62,1.6500000000000001,0.68,4.171666666666667,26.5,10.600000000000001,8.6,8.8,12.25,2.6,1.5,1.3,1.2000000000000002,1.5833333333333335,758.670219620807,0.44699999690055847,52.579930555555556,46.58222222222222,44.03944444444444,0.03717077523469925,0.4208547364253615,0.7907365216488834,0.899708988177781,0.899708988177781,20.0
37.5,-78.5,13.530684471130371,0.2852746248245239,6.2,6.2,6.300000000000001,6.2,6.25,5.2,5.2,5.2,5.300000000000001,5.2,4.2,4.1000000000000005,4.0,4.0,4.066666666666666,4.55,2.04,0.88,0.43,1.8783333333333334,19.700000000000003,10.3,10.8,12.0,12.116666666666667,2.3000000000000003,1.4000000000000001,1.1,1.1,1.4,784.9520865678311,0.44699999690055847,54.92534722222222,49.91041666666667,46.89548611111111,0.035686686635017395,0.3754688182831491,0.7907365216488834,0.9996766800132559,0.9996766800132559,16.0
37.5,-77.5,14.474556922912598,0.2794798016548157,5.2,5.2,5.2,5.2,5.2,5.1000000000000005,5.1000000000000005,5.1000000000000005,5.1000000000000005,5.1,4.7,4.5,4.5,4.4,4.533333333333333,4.63,1.5,0.7000000000000001,0.49,1.6216666666666668,14.200000000000001,10.0,11.0,15.4,11.2,2.2,1.3,1.0,1.1,1.3,734.6000565262152,0.44699999690055847,51.4467129727075,44.08096541079071,39.91412334245422,0.04836109280586243,0.40051581683819426,0.7907365216488834,2.0,2.0,20.0
37.5,-76.5,14.454838752746582,0.2708207964897156,4.7,4.800000000000001,4.9,4.9,4.833333333333334,4.7,4.7,4.7,4.7,4.7,4.4,4.3,4.2,4.2,4.266666666666667,5.4,2.66,0.98,0.58,2.2766666666666664,19.900000000000002,8.700000000000001,8.5,9.1,10.466666666666667,2.5,1.4000000000000001,1.0,0.9,1.3833333333333333,476.20987189846056,0.44699999690055847,47.58281641810743,41.929919493203116,37.41335620958163,0.055789295583963394,0.5389733959356225,0.7907365216488834,0.0,0.0,12.0
38.5,-122.5,14.392123222351074,0.22276559472084045,6.0,6.0,5.9,5.9,5.95,5.800000000000001,5.800000000000001,5.800000000000001,5.9,5.800000000000001,5.1000000000000005,4.7,4.7,4.7,4.766666666666667,7.3500000000000005,3.68,1.79,1.04,3.346666666666667,20.6,17.7,17.0,16.900000000000002,17.833333333333336,2.7,2.6,2.2,2.1,2.416666666666667,866.5145064337745,0.44699999690055847,78.71608598962194,81.02683469236472,84.1885100074129,0.357380747795105,0.24110975619855737,0.9389996194580489,13.8502637906608,13.8502637906608,10.0
38.5,-121.5,16.17272186279297,0.23479074239730835,6.7,6.800000000000001,6.800000000000001,6.9,6.783333333333333,7.0,7.1000000000000005,7.1000000000000005,7.300000000000001,7.083333333333334,5.2,5.300000000000001,5.300000000000001,5.4,5.283333333333333,3.41,1.78,1.29,0.65,1.8066666666666666,25.8,24.8,24.3,24.3,24.71666666666667,2.5,2.4000000000000004,2.5,2.6,2.466666666666667,455.9086225913102,0.43700000643730164,77.15094075680213,79.96838497586906,80.72987340001399,0.10327691584825516,0.254523325992428,0.9389996194580489,38.25,42.40999984741211,42.0
38.5,-120.5,11.822464942932129,0.23579144477844238,5.800000000000001,5.800000000000001,5.800000000000001,5.7,5.800000000000001,5.9,5.9,5.9,5.800000000000001,5.9,5.0,4.6000000000000005,4.5,4.5,4.616666666666667,7.32,4.78,2.12,0.96,3.8733333333333335,24.3,21.700000000000003,15.8,13.9,19.183333333333334,5.4,3.1,2.3000000000000003,2.2,3.083333333333333,526.0165755034976,0.44699999690055847,58.33412820872493,55.95925094683686,55.43687754243232,0.06125005707144737,0.3645863543146123,0.9389996194580489,11.351927827861644,11.351927827861644,3.0
38.5,-119.5,5.510197162628174,0.23149070143699646,5.5,5.5,5.5,5.5,5.5,6.2,6.2,6.2,6.300000000000001,6.199999999999999,5.7,5.4,5.300000000000001,5.300000000000001,5.4,5.5600000000000005,2.74,1.56,0.9400000000000001,2.62,12.5,10.200000000000001,8.3,7.0,9.633333333333333,1.8,1.9000000000000001,1.8,1.7000000000000002,1.8333333333333335,211.9748991001247,0.43700000643730164,73.34454959691553,72.13676831405537,71.25881528215913,0.04379371181130409,0.3204914801193547,0.9389996194580489,7.772437769976952,7.272602549742807,6.0
38.5,-118.5,10.604268074035645,0.21446052193641663,7.800000000000001,8.0,8.1,8.3,8.016666666666666,8.1,8.1,8.1,8.1,8.100000000000001,6.6000000000000005,6.4,6.300000000000001,6.4,6.383333333333334,0.46,0.42,0.43,0.38,0.43166666666666664,10.4,11.4,12.9,14.0,11.983333333333334,0.9,1.1,1.1,1.2000000000000002,1.0666666666666667,74.43478963416588,0.43700000643730164,95.07038626609442,99.17868383404864,99.17868383404864,0.004003867972642183,0.015482619664560453,1.7297361411069323,6.497857863043881,43.49522138679019,0.0
38.5,-117.5,10.02042293548584,0.19935773313045502,7.5,7.6000000000000005,7.7,8.1,7.633333333333333,7.5,7.6000000000000005,7.6000000000000005,7.800000000000001,7.583333333333334,6.2,6.1000000000000005,6.2,6.300000000000001,6.166666666666666,2.17,1.86,1.33,0.6,1.6466666666666667,16.900000000000002,19.400000000000002,20.8,20.700000000000003,19.683333333333334,1.9000000000000001,2.1,2.4000000000000004,2.5,2.216666666666667,84.38670360039825,0.43700000643730164,95.88833333333334,99.48138888888889,99.48138888888889,0.0006671425653621554,0.023417140827545903,1.7297361411069323,4.001318238126842,24.998681761873158,0.0
38.5,-116.5,7.622346878051758,0.19418832659721375,8.3,8.4,8.4,8.5,8.383333333333333,7.0,7.1000000000000005,7.2,7.2,7.133333333333333,6.4,6.300000000000001,6.2,6.300000000000001,6.2666666666666675,0.5,0.38,0.41000000000000003,0.27,0.41500000000000004,15.9,17.2,18.8,18.400000000000002,17.78333333333333,2.3000000000000003,2.5,2.5,2.5,2.466666666666667,119.76121930772554,0.43700000643730164,97.50833333333334,99.68354166666667,99.68354166666667,0.012260579504072666,0.0309751941145017,1.7297361411069323,0.0,0.0,1.0
38.5,-115.5,8.750893592834473,0.19756938517093658,7.7,7.800000000000001,8.0,8.200000000000001,7.883333333333333,8.200000000000001,8.3,8.3,8.4,8.283333333333333,6.800000000000001,6.800000000000001,6.800000000000001,6.800000000000001,6.800000000000001,2.4,1.6500000000000001,0.92,0.67,1.4100000000000001,17.1,21.5,23.0,21.6,21.516666666666666,1.3,1.6,1.8,1.8,1.65,112.76767087319661,0.43700000643730164,96.0,99.0,99.0,0.036124087870121,0.025757017430191015,1.7297361411069323,2.6041415164870942,2.499176101170723,1.0
38.5,-114.5,8.789095878601074,0.20141753554344177,7.9,7.9,7.9,7.9,7.9,7.4,7.5,7.6000000000000005,7.6000000000000005,7.533333333333333,6.4,6.300000000000001,6.300000000000001,6.4,6.316666666666667,1.6,1.27,0.78,0.7000000000000001,1.08,22.0,21.1,20.200000000000003,18.5,20.8,2.0,2.1,2.3000000000000003,2.3000000000000003,2.1833333333333336,161.52505313073954,0.43700000643730164,95.34083333333334,99.0,99.0,0.054308366030454636,0.04051724404391088,1.7297361411069323,5.2919916734895365,5.624382075878042,2.0
38.5,-113.5,9.631918907165527,0.2042534351348877,7.800000000000001,8.0,8.1,8.200000000000001,8.016666666666666,7.6000000000000005,7.6000000000000005,7.7,7.800000000000001,7.65,6.5,6.5,6.5,6.5,6.5,1.07,0.98,0.8,0.72,0.905,15.4,15.8,15.4,13.9,15.533333333333333,2.4000000000000004,2.7,2.7,2.7,2.6500000000000004,124.5842355931653,0.43700000643730164,92.54520833333333,99.07472222222222,99.09770833333333,0.07432635128498077,0.03634515947524558,1.7297361411069323,5.625617924121957,5.625617924121957,1.0
38.5,-112.5,5.887239456176758,0.209550142288208,8.3,8.4,8.4,8.4,8.383333333333333,7.4,7.4,7.4,7.6000000000000005,7.4,6.2,6.300000000000001,6.300000000000001,6.300000000000001,6.283333333333333,0.62,0.45,0.45,0.34,0.4783333333333334,11.100000000000001,12.100000000000001,12.3,12.200000000000001,12.033333333333333,2.4000000000000004,2.6,2.5,2.4000000000000004,2.5166666666666666,198.35393258923258,0.43700000643730164,97.25055555555555,97.58354166666666,97.81423611111111,0.04245971515774727,0.08740810660505446,1.7297361411069323,6.566042874628598,8.461346288846581,10.0
38.5,-111.5,5.67820405960083,0.2151927947998047,8.1,8.200000000000001,8.3,8.3,8.233333333333334,6.6000000000000005,6.300000000000001,6.300000000000001,6.5,6.3500000000000005,5.1000000000000005,5.0,4.9,5.0,4.966666666666667,1.59,1.47,0.7000000000000001,0.47000000000000003,1.1050000000000002,13.4,14.200000000000001,14.3,13.700000000000001,14.116666666666667,3.2,3.0,2.5,2.4000000000000004,2.783333333333333,164.24350008912495,0.44699999690055847,94.52319444444444,96.993125,96.53006944444445,0.024345697835087776,0.08462941574817255,1.7297361411069323,9.19116645945299,7.688171716011583,8.0
38.5,-110.5,11.222881317138672,0.21021631360054016,7.9,8.0,8.0,8.200000000000001,7.983333333333333,8.200000000000001,8.200000000000001,8.200000000000001,8.200000000000001,8.2,7.2,7.0,6.9,7.1000000000000005,6.983333333333333,0.9500000000000001,0.9500000000000001,0.65,0.46,0.8,12.600000000000001,12.4,12.100000000000001,11.200000000000001,12.283333333333333,1.2000000000000002,1.4000000000000001,1.4000000000000001,1.5,1.3666666666666667,91.70697177072415,0.43700000643730164,92.14930555555556,99.46840277777778,99.41631944444444,0.009578246623277664,0.019742135714890603,1.7297361411069323,4.974528753728798,5.749423270819506,1.0
38.5,-109.5,11.43707275390625,0.2117260992527008,8.1,8.3,8.3,8.200000000000001,8.266666666666667,8.0,8.1,8.1,8.200000000000001,8.083333333333332,7.2,7.1000000000000005,7.0,7.2,7.066666666666666,1.1300000000000001,0.8200000000000001,0.66,0.48,0.7916666666666667,13.200000000000001,13.3,13.4,13.9,13.333333333333334,1.4000000000000001,1.5,1.4000000000000001,1.5,1.4333333333333336,137.0989576648649,0.43700000643730164,93.34215277777778,98.32673611111112,98.41381944444444,0.024896200746297836,0.03842922527346695,1.7297361411069323,7.397492623044937,7.374958805058536,6.0
38.5,-108.5,6.606238842010498,0.2199891060590744,6.7,6.7,6.800000000000001,6.9,6.75,6.6000000000000005,6.6000000000000005,6.7,6.9,6.65,6.2,6.1000000000000005,6.1000000000000005,6.300000000000001,6.116666666666667,5.11,2.98,2.15,1.2,2.92,30.200000000000003,27.0,25.6,25.3,26.833333333333336,1.9000000000000001,2.1,2.1,2.1,2.0666666666666664,233.06023110366473,0.44699999690055847,88.11902777777777,91.57638888888889,92.91472222222222,0.0315207913517952,0.060019438200190664,1.7297361411069323,17.30271858111365,17.627212516547896,14.0
38.5,-107.5,3.74786114692688,0.23066020011901855,6.0,6.0,6.0,6.1000000000000005,6.0,7.1000000000000005,7.2,7.300000000000001,7.5,7.233333333333333,6.6000000000000005,6.7,6.7,6.800000000000001,6.683333333333334,4.88,2.96,2.13,1.45,2.865,26.900000000000002,23.700000000000003,20.900000000000002,19.900000000000002,22.833333333333336,2.1,2.2,2.0,2.1,2.083333333333333,310.71630638097275,0.43700000643730164,79.88027777777778,82.103125,83.06895833333333,0.029113072901964188,0.15012189058452227,1.7297361411069323,28.485255542182905,29.704458275119833,15.0
38.5,-106.5,1.0008450746536255,0.2302846610546112,5.4,5.4,5.5,5.7,5.45,5.2,5.300000000000001,5.4,5.6000000000000005,5.333333333333334,4.4,4.5,4.5,4.7,4.483333333333333,16.52,3.67,1.5,1.06,4.726666666666667,35.0,15.700000000000001,11.5,9.3,16.816666666666666,4.0,2.5,1.5,1.4000000000000001,2.25,327.5858300699424,0.43700000643730164,72.34576388888888,73.23715277777778,74.69458333333333,0.0019329863134771585,0.16803198055701346,1.7297361411069323,15.289052716696512,18.624052754843483,5.0
38.5,-105.5,6.140237331390381,0.21950200200080872,6.9,7.0,7.1000000000000005,7.300000000000001,7.033333333333333,6.5,6.5,6.6000000000000005,6.800000000000001,6.550000000000001,5.9,5.9,6.0,6.0,5.949999999999999,5.41,2.8000000000000003,1.6500000000000001,0.93,2.66,24.400000000000002,21.1,20.400000000000002,18.6,21.3,2.5,2.4000000000000004,2.2,2.2,2.316666666666667,339.52738823670467,0.43700000643730164,86.428125,87.4504861111111,88.76666666666667,0.00695831049233675,0.06406320401727088,1.7297361411069323,14.350312986281981,14.350312986281981,5.0
38.5,-104.5,10.771992683410645,0.20985202491283417,6.0,5.9,5.9,6.0,5.916666666666667,7.300000000000001,7.300000000000001,7.4,7.7,7.35,6.6000000000000005,6.6000000000000005,6.6000000000000005,6.800000000000001,6.6000000000000005,8.11,2.63,1.1400000000000001,0.65,2.798333333333334,19.900000000000002,16.7,15.8,16.2,16.78333333333333,1.5,1.6,1.6,1.6,1.5833333333333335,223.87468949643818,0.41200000047683716,93.64381944444445,96.021875,96.35756944444445,0.05330874025821686,0.02927475209432021,1.7297361411069323,14.015829880741395,13.805899050108653,4.0
38.5,-103.5,10.998000144958496,0.20352867245674133,7.300000000000001,7.5,7.7,7.9,7.566666666666666,7.800000000000001,7.800000000000001,8.0,8.1,7.9,6.9,6.9,6.9,7.1000000000000005,6.9,2.0100000000000002,1.24,0.76,0.44,1.1283333333333334,14.8,15.0,16.2,15.700000000000001,15.566666666666666,2.0,2.0,2.1,2.1,2.05,208.5150863995189,0.41200000047683716,96.03479166666666,98.9275,98.92229166666667,0.06126876547932625,0.02169097940888542,1.7297361411069323,17.537356199174603,17.299934278891378,4.0
38.5,-102.5,10.901557922363281,0.2010500133037567,7.4,7.6000000000000005,7.7,8.1,7.616666666666667,7.4,7.4,7.6000000000000005,7.800000000000001,7.5,6.800000000000001,6.7,6.7,6.9,6.716666666666667,1.94,1.01,0.78,0.47000000000000003,1.05,18.0,18.400000000000002,18.900000000000002,19.0,18.583333333333336,1.3,1.5,1.5,1.6,1.4666666666666668,234.98389474088458,0.41200000047683716,95.77097222222223,98.77097222222223,98.41638888888889,0.03478617966175079,0.03477919415530912,1.7297361411069323,14.124019798764593,14.124019798764593,19.0
38.5,-101.5,11.40847396850586,0.20621828734874725,7.300000000000001,7.300000000000001,7.5,8.0,7.3999999999999995,7.300000000000001,7.2,7.5,7.800000000000001,7.366666666666666,6.9,6.800000000000001,6.7,7.0,6.766666666666667,1.54,1.12,0.79,0.53,1.0250000000000001,20.200000000000003,20.3,21.700000000000003,21.400000000000002,20.983333333333334,1.8,1.9000000000000001,1.9000000000000001,2.0,1.8833333333333333,250.78627866365525,0.43700000643730164,97.02576388888889,99.95569444444445,97.86430555555556,0.04878786951303482,0.08025379660870571,1.1613942661717973,18.950000762939453,15.4399995803833,41.0
38.5,-100.5,11.911537170410156,0.21200509369373322,7.2,7.300000000000001,7.5,8.0,7.383333333333333,7.4,7.4,7.6000000000000005,7.7,7.5,6.2,6.2,6.300000000000001,6.300000000000001,6.25,1.56,1.35,1.02,0.53,1.22,19.1,19.1,20.1,20.0,19.6,1.7000000000000002,1.9000000000000001,1.8,1.9000000000000001,1.8166666666666667,264.4055537734981,0.43700000643730164,97.25416666666666,99.99833333333333,97.48833333333333,0.04507293552160263,0.08164516974239316,1.1613942661717973,24.100000381469727,24.100000381469727,41.0
38.5,-99.5,12.348403930664062,0.22300374507904053,7.0,7.0,7.2,7.7,7.1,6.9,6.800000000000001,7.0,7.2,6.916666666666666,6.4,6.2,6.300000000000001,6.4,6.283333333333333,1.59,1.2,0.8200000000000001,0.5,1.0750000000000002,18.3,18.3,20.200000000000003,20.400000000000002,19.25,1.9000000000000001,2.2,2.2,2.4000000000000004,2.15,292.8756973251451,0.43700000643730164,91.70041666666667,95.07673611111112,96.226875,0.17506450414657593,0.0748407939100448,1.1613942661717973,24.100000381469727,24.100000381469727,44.0
38.5,-98.5,12.591564178466797,0.23906362056732178,7.1000000000000005,7.2,7.4,7.5,7.283333333333333,6.800000000000001,6.7,6.9,7.0,6.816666666666666,6.5,6.4,6.4,6.4,6.416666666666667,3.04,1.95,1.1400000000000001,0.67,1.7266666666666668,17.7,16.900000000000002,17.2,17.7,17.18333333333333,2.1,2.2,2.2,2.3000000000000003,2.1833333333333336,327.84799095442423,0.43700000643730164,89.83083333333333,91.97375,94.40201388888889,0.1958952099084854,0.12009114973780213,1.1613942661717973,24.100000381469727,24.100000381469727,51.0
38.5,-97.5,12.918296813964844,0.2541739344596863,6.4,6.300000000000001,6.5,6.9,6.416666666666667,6.4,6.4,6.5,6.7,6.45,6.1000000000000005,6.1000000000000005,6.2,6.2,6.15,2.97,1.94,1.22,0.79,1.751666666666667,18.3,16.0,15.4,16.6,16.083333333333332,1.9000000000000001,2.0,2.0,2.1,1.9833333333333334,344.23345698926806,0.43700000643730164,89.54388888888889,92.45611111111111,95.01638888888888,0.14549894630908966,0.17764211536382196,1.1613942661717973,24.366676753427033,26.00168192581499,37.0
38.5,-96.5,12.690948486328125,0.2681908905506134,6.4,6.5,6.6000000000000005,6.800000000000001,6.533333333333333,6.5,6.4,6.5,6.6000000000000005,6.466666666666667,5.4,5.4,5.300000000000001,5.300000000000001,5.3500000000000005,2.83,2.2,1.61,0.92,2.0100000000000002,22.6,21.8,22.5,23.200000000000003,22.28333333333333,3.0,3.3000000000000003,3.3000000000000003,3.4000000000000004,3.25,318.72676238532017,0.43700000643730164,89.7863888888889,91.77638888888889,93.7713888888889,0.12968601286411285,0.2339480723478138,1.1613942661717973,28.875700314004884,43.60192171351445,27.0
38.5,-95.5,12.78056812286377,0.27539515495300293,6.2,6.2,6.2,6.6000000000000005,6.199999999999999,6.5,6.5,6.5,6.6000000000000005,6.5,5.5,5.5,5.4,5.300000000000001,5.45,2.45,2.12,1.54,0.87,1.885,21.900000000000002,21.5,22.900000000000002,24.900000000000002,22.266666666666666,3.0,3.2,3.1,3.2,3.1166666666666667,371.3717324969612,0.44699999690055847,87.88263888888889,87.88263888888889,89.44131944444445,0.1264810711145401,0.2729549003920222,1.1613942661717973,15.554540092798172,16.256677096749787,46.0
38.5,-94.5,12.673423767089844,0.27383899688720703,6.300000000000001,6.4,6.4,6.4,6.383333333333334,6.2,6.300000000000001,6.2,6.2,6.233333333333333,5.5,5.5,5.4,5.300000000000001,5.45,4.8500000000000005,2.12,1.3,0.78,2.165,23.8,23.400000000000002,24.900000000000002,26.400000000000002,24.21666666666667,5.2,2.6,2.7,2.8000000000000003,3.0833333333333335,456.9623453357715,0.44699999690055847,81.70416666666667,83.79083333333334,87.2226388888889,0.19120483100414276,0.34037180666840355,1.0131311683626316,19.66475114436887,26.84896179207625,72.0
38.5,-93.5,12.432866096496582,0.27142980694770813,6.4,6.5,6.4,6.300000000000001,6.433333333333334,6.0,6.0,5.9,5.9,5.95,5.300000000000001,5.1000000000000005,5.0,4.9,5.083333333333333,3.66,2.2800000000000002,1.27,0.8,2.005,24.8,23.1,22.900000000000002,23.400000000000002,23.28333333333333,2.3000000000000003,2.1,2.0,2.1,2.083333333333333,428.39204215038654,0.44699999690055847,68.00715940197937,71.24966659647644,72.39460939145083,0.11269094794988632,0.36351680965432404,1.0131311683626316,19.10750631931843,24.074948032228185,62.0
38.5,-92.5,12.668309211730957,0.2740517854690552,6.300000000000001,6.2,6.2,6.1000000000000005,6.216666666666667,5.9,5.9,5.800000000000001,5.800000000000001,5.85,5.1000000000000005,4.9,4.800000000000001,4.7,4.883333333333334,3.19,1.72,1.19,0.74,1.7,21.6,17.5,18.400000000000002,21.5,18.633333333333333,2.2,2.0,1.9000000000000001,2.1,1.9833333333333334,440.62686311415456,0.44699999690055847,67.24545130217624,69.03417766678558,68.60156974669997,0.0592915341258049,0.4175159539137271,1.0131311683626316,16.57681191093172,23.225190335037983,52.0
38.5,-91.5,12.562808990478516,0.2786614000797272,5.800000000000001,5.800000000000001,5.6000000000000005,5.6000000000000005,5.7,6.1000000000000005,6.0,6.0,6.0,6.016666666666667,5.0,4.800000000000001,4.800000000000001,4.7,4.833333333333334,4.41,1.62,0.9,0.54,1.725,22.400000000000002,19.3,21.400000000000002,25.0,20.866666666666667,2.2,1.9000000000000001,1.8,1.9000000000000001,1.9,449.90390906033144,0.44699999690055847,72.35701388888889,72.16979166666667,72.6998611111111,0.09978603571653366,0.3761626746124597,1.0131311683626316,14.084642466042494,21.053700192923756,44.0
38.5,-90.5,12.892440795898438,0.27723413705825806,6.7,6.800000000000001,6.6000000000000005,5.7,6.683333333333334,6.9,6.9,6.800000000000001,6.800000000000001,6.85,5.2,5.1000000000000005,5.0,5.0,5.066666666666666,2.95,1.69,0.93,0.6900000000000001,1.5200000000000002,22.5,20.0,23.0,27.400000000000002,21.916666666666668,2.3000000000000003,2.1,2.0,2.1,2.083333333333333,401.72487114725425,0.44699999690055847,82.23868055555556,84.01756944444445,83.95958333333333,0.10160822421312332,0.38802037059850175,1.0131311683626316,17.44216196772962,27.526685316696017,44.0
38.5,-89.5,12.692536354064941,0.2779507339000702,6.6000000000000005,6.6000000000000005,6.5,6.4,6.550000000000001,6.5,6.4,6.300000000000001,6.2,6.366666666666667,5.1000000000000005,5.0,4.9,4.800000000000001,4.966666666666667,2.3000000000000003,1.34,0.84,0.47000000000000003,1.25,19.900000000000002,15.100000000000001,15.8,20.6,16.25,2.3000000000000003,2.1,2.0,2.2,2.083333333333333,564.2093151259927,0.44699999690055847,71.75298611111111,76.57263888888889,81.89236111111111,0.1658744215965271,0.4034740725329544,1.0131311683626316,19.54981893292956,19.117384135453428,77.0
38.5,-88.5,12.663010597229004,0.2837200164794922,6.2,6.1000000000000005,5.9,5.7,6.016666666666667,6.2,6.1000000000000005,5.9,5.7,6.016666666666667,4.800000000000001,4.6000000000000005,4.5,4.4,4.583333333333333,4.17,1.6400000000000001,1.01,0.8,1.7466666666666666,20.900000000000002,15.100000000000001,15.100000000000001,18.2,16.066666666666666,2.1,1.8,1.7000000000000002,1.9000000000000001,1.8,584.8971493966897,0.44699999690055847,72.68666666666667,77.47583333333333,82.73791666666666,0.0971970483660698,0.419369048357472,1.0131311683626316,18.450642450289113,18.450642450289113,81.0
38.5,-87.5,12.769925117492676,0.2880505323410034,6.2,6.2,6.1000000000000005,6.1000000000000005,6.15,5.9,5.800000000000001,5.7,5.6000000000000005,5.766666666666667,5.2,5.0,5.0,4.800000000000001,5.033333333333333,3.7,1.33,1.43,0.76,1.775,22.400000000000002,18.900000000000002,18.3,17.8,19.183333333333334,2.3000000000000003,1.9000000000000001,1.8,1.8,1.9166666666666665,590.1085402845296,0.44699999690055847,77.58173611111111,80.31194444444445,80.77819444444444,0.20657718181610107,0.49274228392986674,1.0131311683626316,14.426079259735491,15.758524039434157,83.0
38.5,-86.5,12.223690032958984,0.2909562587738037,5.300000000000001,5.300000000000001,5.300000000000001,5.2,5.300000000000001,5.300000000000001,5.300000000000001,5.2,5.1000000000000005,5.25,4.800000000000001,4.5,4.5,4.4,4.55,5.8,1.56,1.1400000000000001,0.49,2.0566666666666666,21.400000000000002,14.700000000000001,14.9,18.5,15.916666666666668,2.4000000000000004,1.8,1.5,1.4000000000000001,1.75,646.9095035634845,0.44699999690055847,58.759791666666665,54.503055555555555,54.55555555555556,0.1191704273223877,0.5494156588202291,1.0131311683626316,8.250939244633946,8.250939244633946,44.0
38.5,-85.5,12.438496589660645,0.29697385430336,6.2,6.2,6.0,6.0,6.1,5.6000000000000005,5.5,5.4,5.4,5.466666666666667,5.2,4.800000000000001,4.800000000000001,4.7,4.866666666666667,5.58,1.4000000000000001,0.65,0.38,1.7216666666666667,19.400000000000002,14.100000000000001,14.600000000000001,14.8,15.233333333333334,2.5,1.5,1.3,1.3,1.5666666666666669,649.9843453011943,0.44699999690055847,72.2286111111111,71.37319444444445,72.685,0.07380057871341705,0.5648037862751946,1.0131311683626316,15.815620800176005,18.19983502949928,57.0
38.5,-84.5,12.053868293762207,0.3004108965396881,5.6000000000000005,5.6000000000000005,5.5,5.5,5.55,5.800000000000001,5.800000000000001,5.7,5.7,5.75,4.9,4.7,4.7,4.6000000000000005,4.733333333333333,4.23,1.47,0.89,0.33,1.6400000000000001,21.900000000000002,15.100000000000001,15.4,18.2,16.383333333333333,2.8000000000000003,1.8,1.5,1.6,1.8166666666666667,735.3551084721071,0.44699999690055847,74.52652777777777,74.90729166666667,75.72222222222223,0.08494038879871368,0.5182118088909489,0.7907365216488834,23.299999237060547,23.299999237060547,54.0
38.5,-83.5,11.828154563903809,0.2984420955181122,5.9,5.9,5.7,5.5,5.8,5.5,5.4,5.4,5.4,5.416666666666667,4.6000000000000005,4.3,4.2,4.1000000000000005,4.300000000000001,7.99,1.9000000000000001,0.78,0.53,2.3550000000000004,22.900000000000002,15.100000000000001,15.5,16.5,16.6,2.6,1.7000000000000002,1.5,1.4000000000000001,1.75,718.2178127939127,0.43700000643730164,62.383541666666666,59.160069444444446,59.906527777777775,0.07049993425607681,0.5056991609435355,0.7907365216488834,14.574035609232018,14.574035609232018,33.0
38.5,-82.5,12.181607246398926,0.29713577032089233,5.300000000000001,5.4,5.300000000000001,5.1000000000000005,5.333333333333334,5.300000000000001,5.300000000000001,5.300000000000001,5.300000000000001,5.300000000000001,4.4,4.1000000000000005,4.1000000000000005,3.9000000000000004,4.15,10.97,3.13,1.1400000000000001,0.74,3.4416666666666673,23.200000000000003,15.9,14.700000000000001,15.8,16.516666666666666,2.8000000000000003,1.9000000000000001,1.4000000000000001,1.4000000000000001,1.8000000000000003,698.6643431619204,0.41200000047683716,47.50826388888889,45.12236111111111,48.35916666666667,0.034541476517915726,0.4541564258685667,1.0131311683626316,10.799406983514924,10.799406983514924,12.0
38.5,-81.5,12.108002662658691,0.29817771911621094,5.5,5.6000000000000005,5.6000000000000005,5.6000000000000005,5.583333333333334,5.300000000000001,5.300000000000001,5.2,5.2,5.25,4.5,4.3,4.2,4.2,4.283333333333333,13.75,3.11,1.1300000000000001,0.5,3.8933333333333335,29.900000000000002,16.5,12.4,12.100000000000001,16.683333333333334,2.7,1.8,1.6,1.6,1.85,683.1886411449657,0.41200000047683716,46.855555555555554,45.23652777777778,49.12277777777778,0.012980098836123943,0.49252144017783017,0.7907365216488834,11.426968832068246,11.426968832068246,6.0
38.5,-80.5,10.255684852600098,0.29734528064727783,5.4,5.5,5.4,5.4,5.433333333333334,5.1000000000000005,5.1000000000000005,5.1000000000000005,5.1000000000000005,5.1,4.3,4.2,4.2,4.1000000000000005,4.216666666666667,14.49,3.64,1.4000000000000001,0.65,4.328333333333333,30.200000000000003,14.4,10.9,10.0,15.283333333333331,3.4000000000000004,1.9000000000000001,1.6,1.3,2.0,670.9584537793751,0.43700000643730164,45.91673611111111,40.75333333333333,42.66791666666666,0.02398816868662834,0.7129678516394471,0.7907365216488834,0.0,0.0,2.0
38.5,-79.5,9.097705841064453,0.29204362630844116,4.6000000000000005,4.5,4.6000000000000005,4.800000000000001,4.566666666666666,4.1000000000000005,4.0,4.0,4.3,4.016666666666667,3.9000000000000004,3.8000000000000003,3.8000000000000003,3.9000000000000004,3.8166666666666664,15.74,4.5200000000000005,1.7,0.79,4.98,49.900000000000006,17.0,12.8,11.200000000000001,20.383333333333333,6.1000000000000005,3.9000000000000004,2.6,2.2,3.6166666666666663,693.1382835591942,0.43700000643730164,48.7725,42.977777777777774,44.215625,0.03300880268216133,0.4828415189265099,0.7907365216488834,0.0,0.0,11.0
38.5,-78.5,11.266670227050781,0.28573840856552124,5.0,5.0,5.1000000000000005,5.2,5.050000000000001,6.2,6.2,6.2,6.2,6.199999999999999,5.5,5.300000000000001,5.2,5.1000000000000005,5.283333333333333,11.32,4.66,1.07,0.58,3.9750000000000005,30.3,13.5,10.8,10.4,14.950000000000001,2.2,1.7000000000000002,1.4000000000000001,1.5,1.6333333333333333,733.4346176417616,0.44699999690055847,54.444652777777776,50.93618055555555,50.69104166666666,0.02793651632964611,0.37890583965955316,0.7907365216488834,3.020995250705994,3.8237597317700773,27.0
38.5,-77.5,13.183731079101562,0.28230297565460205,5.800000000000001,5.800000000000001,5.800000000000001,5.800000000000001,5.800000000000001,5.4,5.300000000000001,5.4,5.300000000000001,5.366666666666667,4.6000000000000005,4.5,4.5,4.4,4.516666666666667,10.35,2.49,0.98,0.56,3.045,27.400000000000002,10.0,8.3,8.4,12.05,3.1,1.8,1.5,1.5,1.8666666666666667,628.9791277976892,0.44699999690055847,51.50273547242348,47.89405589235546,45.69118734289516,0.04888404160737991,0.42033270285484003,0.7907365216488834,1.699439796464093,4.327805771372979,23.0
38.5,-76.5,13.661014556884766,0.2742954194545746,5.1000000000000005,5.2,5.2,5.300000000000001,5.183333333333334,5.0,5.0,5.0,5.0,5.0,4.7,4.6000000000000005,4.6000000000000005,4.6000000000000005,4.616666666666667,0.0,0.0,0.0,0.0,2.72,25.5,9.5,8.3,8.4,11.566666666666666,2.3000000000000003,1.7000000000000002,1.3,1.2000000000000002,1.6,424.3674033648308,0.44699999690055847,50.90640819854303,48.12915174712928,42.39943202864551,0.08732207119464874,0.5101389761819943,0.6671839401412454,0.0,0.0,20.0
38.5,-75.5,13.354717254638672,0.2443895936012268,4.7,5.0,4.9,4.9,4.9,4.9,4.9,5.0,5.0,4.95,4.3,4.2,4.1000000000000005,4.1000000000000005,4.166666666666667,10.5,2.05,0.98,0.22,2.923333333333334,23.3,6.0,6.4,6.5,9.083333333333332,2.5,1.2000000000000002,0.7000000000000001,0.7000000000000001,1.1666666666666667,593.4868642558519,0.44699999690055847,57.33537795417644,55.81490167779181,48.603283420530396,0.10607393831014633,0.4548905040418704,0.6671839401412454,0.0,0.0,41.0
39.5,-123.5,11.96865463256836,0.23700657486915588,5.7,5.800000000000001,5.800000000000001,5.7,5.783333333333333,5.4,5.4,5.4,5.4,5.4,5.2,4.7,4.6000000000000005,4.800000000000001,4.733333333333334,0.0,0.0,0.0,0.0,5.081666666666667,26.700000000000003,21.0,18.0,17.0,20.45,3.4000000000000004,3.3000000000000003,2.5,2.3000000000000003,2.916666666666667,1076.675831517712,0.44699999690055847,58.14882282179069,58.678123388898435,61.2930056710775,0.2063244879245758,0.5101963154447732,0.9389996194580489,16.724806465856513,17.322506825907393,1.0
39.5,-122.5,15.297646522521973,0.2418481409549713,6.0,6.0,6.0,5.9,6.0,6.0,6.0,6.0,6.0,6.0,5.2,4.800000000000001,4.800000000000001,4.800000000000001,4.866666666666667,6.79,3.06,1.37,0.91,2.836666666666667,20.5,18.5,17.1,17.3,18.133333333333333,2.4000000000000004,2.5,2.3000000000000003,2.2,2.3833333333333337,763.0494784748422,0.44699999690055847,69.56999155880698,69.87359313449635,70.87851716375914,0.24953007698059082,0.29615031862046065,0.9389996194580489,15.848607222318712,15.848607222318712,19.0
39.5,-121.5,16.129764556884766,0.24493908882141113,6.300000000000001,6.4,6.5,6.7,6.433333333333334,5.7,5.7,5.7,5.800000000000001,5.699999999999999,5.2,4.800000000000001,4.7,4.800000000000001,4.816666666666666,0.0,0.0,0.0,0.0,3.0700000000000003,25.700000000000003,25.400000000000002,24.700000000000003,23.0,25.1,2.5,2.4000000000000004,2.1,2.0,2.2666666666666666,570.3390006674973,0.43700000643730164,67.76652777777778,67.94590277777777,67.73270833333333,0.07895567268133163,0.483729499171316,0.9389996194580489,13.884597287136842,13.709291713109451,20.0
39.5,-120.5,6.2089056968688965,0.2459312081336975,5.800000000000001,5.800000000000001,5.800000000000001,5.6000000000000005,5.800000000000001,6.1000000000000005,6.1000000000000005,6.2,6.2,6.15,4.7,4.4,4.3,4.4,4.4,9.11,6.47,3.73,1.79,5.54,29.400000000000002,27.200000000000003,21.400000000000002,18.1,24.666666666666668,2.5,2.6,2.1,2.0,2.3333333333333335,448.90314517351885,0.44699999690055847,47.269116903747566,41.845548415048015,39.98086504440754,0.010965545661747456,0.5612894442861298,0.9389996194580489,8.275763553758768,8.275763553758768,2.0
39.5,-119.5,10.152665138244629,0.22982382774353027,6.1000000000000005,6.1000000000000005,6.1000000000000005,6.2,6.1,7.6000000000000005,7.6000000000000005,7.800000000000001,7.800000000000001,7.7,6.2,6.1000000000000005,6.1000000000000005,6.2,6.116666666666667,0.0,0.0,0.0,0.0,2.423333333333334,29.6,25.1,24.700000000000003,23.6,25.650000000000002,1.5,1.9000000000000001,1.9000000000000001,2.0,1.8333333333333335,130.01270803308208,0.43700000643730164,92.00338519158744,93.33779890521464,93.15442235666954,0.0011226567439734936,0.04966706852511982,1.7297361411069323,9.42613279379541,9.42613279379541,4.0
39.5,-118.5,10.807926177978516,0.21090662479400635,7.6000000000000005,7.7,7.9,8.1,7.783333333333333,8.700000000000001,8.8,8.8,9.0,8.783333333333333,6.4,6.4,6.5,6.5,6.45,1.48,1.02,0.84,0.55,1.0066666666666666,21.200000000000003,24.700000000000003,24.700000000000003,24.0,24.116666666666667,3.0,3.4000000000000004,3.3000000000000003,3.4000000000000004,3.283333333333333,63.28521877526274,0.43700000643730164,98.58368055555556,99.16944444444445,99.16944444444445,2.2349714093317097e-11,0.011728152806316502,1.7297361411069323,0.0,0.0,2.0
39.5,-117.5,8.256208419799805,0.20564424991607666,7.4,7.5,7.6000000000000005,7.800000000000001,7.533333333333333,7.800000000000001,7.800000000000001,7.9,8.0,7.8500000000000005,6.800000000000001,6.7,6.7,6.800000000000001,6.716666666666667,3.36,2.5100000000000002,1.57,0.98,2.1816666666666666,19.1,21.1,22.1,21.700000000000003,21.266666666666666,2.4000000000000004,2.7,2.8000000000000003,2.9000000000000004,2.7,119.96714438284869,0.43700000643730164,99.0,100.0,100.0,1.173068478292627e-12,0.032901269219342846,1.7297361411069323,15.724936143255887,18.39805291624637,1.0
39.5,-116.5,7.673223495483398,0.20291149616241455,7.9,8.0,8.1,8.4,8.033333333333333,7.300000000000001,7.4,7.6000000000000005,7.6000000000000005,7.483333333333334,6.6000000000000005,6.5,6.7,6.800000000000001,6.616666666666667,1.09,0.8200000000000001,0.58,0.43,0.7450000000000001,17.8,19.5,21.400000000000002,22.3,20.166666666666668,2.2,2.4000000000000004,2.5,2.6,2.416666666666667,127.32757172616996,0.43700000643730164,98.268125,99.75604166666666,99.75604166666666,0.013105304911732674,0.03703678226473129,1.7297361411069323,11.825344023380026,11.825344023380026,2.0
39.5,-115.5,7.567251682281494,0.20557451248168945,8.0,8.200000000000001,8.200000000000001,8.4,8.166666666666668,8.5,8.4,8.5,8.5,8.466666666666667,6.6000000000000005,6.300000000000001,6.4,6.6000000000000005,6.4,0.88,0.84,0.67,0.41000000000000003,0.7616666666666667,15.0,15.5,16.5,14.700000000000001,15.916666666666668,2.3000000000000003,2.6,3.1,3.1,2.8,128.31840435825035,0.43700000643730164,96.0,99.0,99.0,0.03614892065525055,0.03863719287487639,1.7297361411069323,10.984927202730036,12.627978326566621,2.0
39.5,-114.5,7.09706449508667,0.20736168324947357,7.1000000000000005,7.4,7.5,7.4,7.4,7.1000000000000005,7.1000000000000005,7.2,7.300000000000001,7.15,5.800000000000001,5.7,5.7,5.7,5.716666666666667,5.9,3.74,2.4,1.55,3.4300000000000006,31.1,25.5,22.400000000000002,19.400000000000002,24.883333333333333,2.5,2.8000000000000003,2.7,2.7,2.7,142.80923863761592,0.43700000643730164,94.79291666666667,99.0,99.0,0.02255389653146267,0.04465757640005348,1.7297361411069323,13.439531914628503,13.999496620861981,2.0
39.5,-113.5,11.2168550491333,0.20794621109962463,7.7,7.800000000000001,7.9,8.1,7.833333333333334,8.200000000000001,8.200000000000001,8.200000000000001,8.3,8.2,6.6000000000000005,6.6000000000000005,6.6000000000000005,6.7,6.6000000000000005,1.8,1.5,1.34,0.84,1.4700000000000002,20.3,21.5,21.0,19.200000000000003,21.05,2.5,2.8000000000000003,2.9000000000000004,2.9000000000000004,2.8000000000000003,80.33795665418019,0.43700000643730164,90.52467909535453,99.05508863080685,99.05508863080685,2.7653343157019172e-11,0.030234614991509288,1.7297361411069323,5.625629223922526,5.625629223922526,0.0
39.5,-112.5,10.764945983886719,0.217402383685112,8.1,8.1,8.200000000000001,8.200000000000001,8.150000000000002,8.200000000000001,8.200000000000001,8.200000000000001,8.3,8.2,7.1000000000000005,7.0,7.0,7.1000000000000005,7.016666666666667,1.8800000000000001,1.26,1.11,0.54,1.2883333333333336,15.4,17.1,18.1,16.900000000000002,17.316666666666666,2.4000000000000004,3.0,3.0,3.0,2.9,125.14483693189125,0.43700000643730164,95.55826308705815,99.50896082737125,99.54870014875682,0.047423288226127625,0.051080888624130634,1.7297361411069323,13.125629223922527,13.125629223922527,9.0
39.5,-111.5,7.082968235015869,0.2320617139339447,7.9,8.0,8.1,8.4,8.033333333333333,7.300000000000001,7.300000000000001,7.300000000000001,7.4,7.3,6.300000000000001,6.300000000000001,6.300000000000001,6.5,6.300000000000001,1.9100000000000001,1.31,0.77,0.51,1.1400000000000001,16.6,16.5,15.9,13.0,16.216666666666665,2.3000000000000003,2.3000000000000003,2.3000000000000003,2.2,2.3,216.22054253582633,0.43700000643730164,94.91090277777778,96.13423611111111,95.78805555555556,0.03840724751353264,0.1254993415108487,1.7297361411069323,24.732824279071224,25.175880388890654,20.0
39.5,-110.5,8.946596145629883,0.2243746519088745,6.300000000000001,6.4,6.5,6.800000000000001,6.433333333333334,7.1000000000000005,7.2,7.300000000000001,7.300000000000001,7.233333333333333,5.6000000000000005,5.6000000000000005,5.6000000000000005,5.7,5.6,13.120000000000001,3.89,2.7,1.99,4.833333333333334,41.0,29.900000000000002,27.700000000000003,24.400000000000002,30.650000000000002,2.1,2.3000000000000003,2.1,2.1,2.166666666666667,147.25113543258692,0.43700000643730164,95.37736111111111,97.59097222222222,96.88416666666667,0.0219588465988636,0.047516063740737524,1.7297361411069323,6.502181309598088,6.502181309598088,4.0
39.5,-109.5,8.43240737915039,0.21725156903266907,7.4,7.5,7.6000000000000005,7.800000000000001,7.533333333333333,8.200000000000001,8.3,8.3,8.200000000000001,8.283333333333333,7.300000000000001,7.2,7.2,7.2,7.216666666666667,3.5300000000000002,2.86,2.21,1.1300000000000001,2.6466666666666665,21.5,20.1,19.400000000000002,17.0,19.983333333333334,1.9000000000000001,2.0,2.1,2.1,2.033333333333333,159.39228540047299,0.43700000643730164,96.27854166666667,97.57375,97.09847222222223,0.03709396719932556,0.0387783033072278,1.7297361411069323,13.91492109923662,14.715575682786902,4.0
39.5,-108.5,6.932064056396484,0.22293445467948914,7.2,7.300000000000001,7.300000000000001,7.300000000000001,7.283333333333333,6.9,6.9,6.9,7.1000000000000005,6.9,5.9,5.800000000000001,5.800000000000001,6.0,5.816666666666666,3.8200000000000003,3.15,2.13,1.05,2.751666666666667,21.1,21.6,19.8,19.200000000000003,20.616666666666667,2.7,2.8000000000000003,2.3000000000000003,2.3000000000000003,2.533333333333333,222.6847504174145,0.44699999690055847,93.3254861111111,97.49097222222223,98.32763888888888,0.042788513004779816,0.06513372522992814,1.7297361411069323,12.306777233558599,14.476049088007272,12.0
39.5,-107.5,5.206132888793945,0.23383404314517975,6.9,6.9,7.0,6.9,6.949999999999999,6.2,6.1000000000000005,6.2,6.4,6.166666666666666,5.2,5.1000000000000005,5.1000000000000005,5.2,5.116666666666667,3.48,2.45,1.6600000000000001,1.21,2.226666666666667,19.6,19.8,19.0,18.400000000000002,19.366666666666667,2.9000000000000004,2.9000000000000004,2.6,2.5,2.75,339.8260106407373,0.43700000643730164,73.21097222222222,74.64375,77.04520833333333,0.031990356743335724,0.2595440667023165,1.7297361411069323,15.577204491585189,17.746476346033862,16.0
39.5,-106.5,0.8762606978416443,0.23478326201438904,5.4,5.4,5.5,5.7,5.45,7.1000000000000005,7.1000000000000005,7.2,7.6000000000000005,7.15,6.6000000000000005,6.5,6.6000000000000005,6.6000000000000005,6.566666666666666,10.69,4.5,1.95,0.9500000000000001,4.256666666666667,26.200000000000003,17.2,15.100000000000001,14.4,17.65,2.2,2.5,2.5,2.5,2.45,355.37882286478,0.43700000643730164,66.20618055555556,66.36868055555556,68.63868055555555,0.00789686944335699,0.2677496687310843,1.7297361411069323,14.052835416311213,14.052835416311213,7.0
39.5,-105.5,2.9663078784942627,0.22599726915359497,5.6000000000000005,5.6000000000000005,5.7,5.9,5.65,5.4,5.4,5.4,5.5,5.4,4.7,4.4,4.5,4.7,4.5,9.65,3.35,1.21,0.58,3.33,22.5,17.0,13.600000000000001,11.8,16.21666666666667,2.3000000000000003,2.5,1.5,1.4000000000000001,1.9666666666666668,380.97984051823164,0.43700000643730164,71.156875,71.97729166666667,76.26284722222222,0.0066445679403841496,0.1477696827757716,1.7297361411069323,11.309683052363571,16.274136199583076,3.0
39.5,-104.5,8.894219398498535,0.21675404906272888,5.9,5.9,5.800000000000001,5.9,5.85,7.5,7.6000000000000005,7.7,7.800000000000001,7.633333333333333,6.800000000000001,6.7,6.800000000000001,7.0,6.7666666666666675,8.24,2.91,1.23,0.75,2.958333333333334,19.200000000000003,16.2,14.9,14.5,16.05,1.9000000000000001,2.0,1.9000000000000001,2.0,1.9333333333333333,260.81215323044205,0.43700000643730164,90.54777777777778,93.25763888888889,93.8698611111111,0.04578990116715431,0.04466016564085304,1.7297361411069323,12.13000011444092,9.510000228881836,14.0
39.5,-103.5,8.847363471984863,0.20590874552726746,7.2,7.5,7.7,8.1,7.550000000000001,7.4,7.5,7.6000000000000005,7.800000000000001,7.533333333333333,6.7,6.6000000000000005,6.6000000000000005,6.800000000000001,6.616666666666667,1.81,1.3,0.92,0.51,1.195,17.3,17.5,19.0,18.400000000000002,18.21666666666667,1.9000000000000001,2.0,2.0,2.1,1.9833333333333334,248.75722052950528,0.43700000643730164,95.94319444444444,98.94319444444444,98.10965277777778,0.07006514817476273,0.04010254740109153,1.7297361411069323,22.156248351661663,23.61380454326499,15.0
39.5,-102.5,10.273259162902832,0.20291480422019958,6.9,7.1000000000000005,7.4,7.9,7.216666666666667,6.9,7.0,7.300000000000001,7.4,7.133333333333334,6.300000000000001,6.2,6.4,6.6000000000000005,6.316666666666666,1.56,1.16,0.84,0.61,1.0666666666666667,17.5,18.5,21.200000000000003,21.900000000000002,19.683333333333337,1.3,1.4000000000000001,1.4000000000000001,1.4000000000000001,1.3833333333333333,278.32492529299765,0.43700000643730164,96.81583333333333,99.16208333333333,98.21791666666667,0.07033336162567139,0.08581640537290833,1.7297361411069323,20.502403576251012,22.56276091823775,27.0
39.5,-101.5,10.626441955566406,0.20993997156620026,7.1000000000000005,7.1000000000000005,7.300000000000001,7.9,7.2,6.9,6.9,7.1000000000000005,7.4,7.0,6.2,6.1000000000000005,6.1000000000000005,6.300000000000001,6.116666666666667,1.53,1.07,0.87,0.56,1.0466666666666666,16.3,16.0,17.3,16.3,16.700000000000003,1.9000000000000001,2.0,1.9000000000000001,2.0,1.9333333333333333,276.4373481475323,0.43700000643730164,97.19298611111111,100.0,97.61402777777778,0.03960290178656578,0.07453033526712885,1.1613942661717973,18.275159022051998,18.18512866666462,34.0
39.5,-100.5,11.059365272521973,0.219518780708313,7.0,7.1000000000000005,7.4,7.7,7.233333333333333,6.800000000000001,6.800000000000001,7.0,7.300000000000001,6.9,6.2,6.1000000000000005,6.1000000000000005,6.2,6.116666666666667,1.81,1.3,0.99,0.52,1.23,18.3,18.1,19.3,19.400000000000002,18.733333333333334,1.8,2.0,1.9000000000000001,2.1,1.9166666666666665,292.02856211143427,0.43700000643730164,96.15388888888889,99.24020833333333,97.73847222222223,0.04308987408876419,0.06868494654583944,1.1613942661717973,17.59993231064102,17.59993231064102,42.0
39.5,-99.5,11.597968101501465,0.229970782995224,6.7,6.6000000000000005,6.9,7.4,6.7666666666666675,6.800000000000001,6.800000000000001,7.0,7.300000000000001,6.9,6.300000000000001,6.1000000000000005,6.1000000000000005,6.300000000000001,6.133333333333333,2.31,1.45,0.99,0.58,1.3633333333333333,18.1,17.7,19.5,20.5,18.666666666666668,1.8,1.8,1.8,1.9000000000000001,1.7999999999999998,317.26576902662254,0.43700000643730164,89.09666666666666,93.08458333333333,96.02416666666667,0.034035567194223404,0.06658897668481446,1.1613942661717973,18.675025359627757,19.360255178861127,56.0
39.5,-98.5,11.843541145324707,0.24188867211341858,6.9,7.0,7.1000000000000005,7.6000000000000005,7.033333333333333,7.0,7.0,7.2,7.300000000000001,7.1,6.2,6.2,6.2,6.4,6.199999999999999,2.09,1.55,1.1,0.5700000000000001,1.415,21.400000000000002,20.900000000000002,22.6,23.400000000000002,21.833333333333336,2.0,2.2,2.1,2.2,2.1166666666666667,346.4177203194491,0.43700000643730164,89.03111111111112,92.96888888888888,95.93777777777778,0.05092265456914902,0.09444638047303724,1.1613942661717973,20.888578356454893,19.951392968416158,65.0
39.5,-97.5,12.04110336303711,0.25707516074180603,6.6000000000000005,6.5,6.7,7.300000000000001,6.616666666666667,6.7,6.7,6.800000000000001,7.0,6.75,5.7,5.7,5.7,5.7,5.699999999999999,2.34,1.51,1.01,0.73,1.3983333333333334,20.400000000000002,19.8,20.3,21.5,20.15,2.0,2.2,2.1,2.2,2.1166666666666667,360.09672451013535,0.43700000643730164,89.56159722222222,92.43840277777778,94.87680555555555,0.11286399513483047,0.14837546620909883,1.1613942661717973,29.23508523116912,27.72775369153818,50.0
39.5,-96.5,11.8851900100708,0.271087646484375,6.2,6.2,6.300000000000001,6.9,6.25,6.4,6.4,6.300000000000001,6.4,6.3500000000000005,5.9,5.800000000000001,5.800000000000001,5.7,5.816666666666666,2.84,2.3000000000000003,1.55,0.9500000000000001,2.015,22.200000000000003,21.400000000000002,21.400000000000002,23.3,21.53333333333333,2.9000000000000004,2.9000000000000004,2.8000000000000003,2.9000000000000004,2.85,350.07863281468724,0.43700000643730164,89.41236111111111,90.85402777777777,92.5748611111111,0.09476515650749207,0.1945509006949426,1.1613942661717973,30.651024109849242,35.479986118485414,42.0
39.5,-95.5,11.984416961669922,0.27686789631843567,6.7,6.7,6.7,6.800000000000001,6.7,6.300000000000001,6.300000000000001,6.300000000000001,6.300000000000001,6.300000000000001,5.6000000000000005,5.6000000000000005,5.5,5.4,5.55,4.65,2.0300000000000002,1.42,0.81,2.1616666666666666,25.400000000000002,24.200000000000003,24.6,23.900000000000002,24.6,5.1000000000000005,2.9000000000000004,2.8000000000000003,2.9000000000000004,3.216666666666667,381.0154119409026,0.44699999690055847,88.79611111111112,89.10569444444444,89.90180555555555,0.08585992455482483,0.24984597067989206,1.1613942661717973,30.7590136055921,26.371956958542405,67.0
39.5,-94.5,11.799429893493652,0.276424765586853,6.1000000000000005,6.1000000000000005,6.2,6.2,6.15,6.300000000000001,6.300000000000001,6.2,6.300000000000001,6.25,5.6000000000000005,5.4,5.300000000000001,5.2,5.383333333333334,3.04,2.07,1.31,0.92,1.8516666666666668,25.1,24.200000000000003,24.400000000000002,24.900000000000002,24.450000000000003,2.5,2.6,2.6,2.6,2.5833333333333335,431.3707934043707,0.44699999690055847,88.28645833333333,89.50666666666666,91.0429861111111,0.08997458964586258,0.34539149769057464,1.0131311683626316,21.602795878298274,22.568160379987347,73.0
39.5,-93.5,11.755859375,0.2758199870586395,6.2,6.2,6.2,6.1000000000000005,6.199999999999999,6.300000000000001,6.2,6.2,6.1000000000000005,6.216666666666667,5.4,5.300000000000001,5.300000000000001,5.2,5.316666666666666,3.81,1.83,1.1500000000000001,0.7000000000000001,1.8200000000000003,24.0,22.6,22.6,24.0,22.833333333333336,3.6,3.6,3.5,3.4000000000000004,3.55,458.6045808065118,0.44699999690055847,87.48965277777778,89.25944444444444,90.853125,0.07041744887828827,0.34416657459600564,1.0131311683626316,16.900436834188216,19.74563893863619,78.0
39.5,-92.5,11.763108253479004,0.27621346712112427,6.5,6.5,6.300000000000001,6.2,6.4,6.0,6.0,5.9,5.800000000000001,5.95,5.4,5.300000000000001,5.2,5.1000000000000005,5.266666666666667,2.8000000000000003,1.75,1.12,0.66,1.61,21.700000000000003,20.0,21.700000000000003,22.6,21.133333333333333,2.6,2.5,2.4000000000000004,2.6,2.466666666666667,507.57342429183404,0.44699999690055847,75.30270833333333,77.77638888888889,82.07506944444444,0.07258334755897522,0.36400037794216283,1.0131311683626316,20.000000000000004,18.629999160766605,76.0
39.5,-91.5,11.6972074508667,0.28117796778678894,6.300000000000001,6.300000000000001,6.2,6.1000000000000005,6.25,6.2,6.2,5.9,5.9,6.05,5.6000000000000005,5.4,5.5,5.300000000000001,5.483333333333333,4.49,1.6500000000000001,0.9,0.6900000000000001,1.7483333333333333,21.700000000000003,19.6,20.6,22.3,20.450000000000003,2.2,2.1,2.0,2.1,2.0666666666666664,511.3656336045363,0.44699999690055847,75.966875,78.35319444444444,82.14840277777778,0.09168311208486557,0.3374599282404761,1.0131311683626316,14.022474809993028,14.747921044262393,75.0
39.5,-90.5,11.680709838867188,0.28613176941871643,6.4,6.4,6.300000000000001,6.2,6.3500000000000005,6.4,6.300000000000001,6.1000000000000005,6.0,6.216666666666667,5.800000000000001,5.800000000000001,5.7,5.7,5.75,4.22,1.73,1.22,0.62,1.8900000000000001,20.5,18.900000000000002,20.200000000000003,22.3,19.81666666666667,2.2,2.2,2.0,2.1,2.0999999999999996,503.8320258914007,0.44699999690055847,84.05361111111111,85.23388888888888,86.11805555555556,0.07974731177091599,0.32389585609626625,1.0131311683626316,16.32999992370606,15.60000038146973,75.0
39.5,-89.5,11.638096809387207,0.2891792356967926,5.9,5.9,5.9,5.9,5.9,6.4,6.2,6.1000000000000005,6.0,6.183333333333334,5.4,5.4,5.300000000000001,5.300000000000001,5.3500000000000005,3.06,1.8900000000000001,1.72,1.11,2.0,22.0,22.0,21.8,24.0,21.9,2.4000000000000004,2.4000000000000004,2.2,2.3000000000000003,2.3000000000000003,489.5295730599835,0.44699999690055847,82.93597222222222,85.22444444444444,88.13666666666667,0.06720426678657532,0.350037066347053,1.0131311683626316,26.23558189843168,22.670043702204275,82.0
39.5,-88.5,11.5141019821167,0.289026141166687,6.0,6.0,5.800000000000001,5.800000000000001,5.9,6.300000000000001,6.1000000000000005,6.0,6.0,6.083333333333333,5.2,5.2,5.1000000000000005,5.2,5.15,3.0500000000000003,1.72,1.35,0.8200000000000001,1.7566666666666668,20.8,17.900000000000002,18.5,22.700000000000003,18.683333333333334,2.4000000000000004,2.7,2.4000000000000004,2.4000000000000004,2.5,505.97805629007263,0.44699999690055847,80.49347222222222,83.81319444444445,87.37611111111111,0.0835786834359169,0.3803372453352467,1.0131311683626316,26.600000381469727,19.57999992370606,84.0
39.5,-87.5,11.546051025390625,0.2880435883998871,6.5,6.5,6.4,6.4,6.45,6.300000000000001,6.300000000000001,6.2,6.2,6.25,5.2,5.2,5.2,5.1000000000000005,5.2,4.25,1.41,0.93,0.41000000000000003,1.6433333333333335,21.3,15.9,16.0,17.900000000000002,16.85,2.5,2.5,2.5,2.5,2.5,563.371981243091,0.44699999690055847,78.23666666666666,81.16034722222223,82.48166666666667,0.1100420355796814,0.4532800452531677,1.0131311683626316,13.599295173871345,15.749295746075937,80.0
39.5,-86.5,11.138707160949707,0.2897385060787201,6.2,6.2,5.9,5.7,6.05,6.2,6.1000000000000005,6.1000000000000005,6.0,6.116666666666667,4.9,4.800000000000001,4.800000000000001,4.6000000000000005,4.816666666666667,3.17,1.32,0.92,0.51,1.4283333333333332,21.400000000000002,15.4,15.8,18.0,16.6,2.2,2.0,1.9000000000000001,2.0,1.9833333333333334,545.4875235003927,0.44699999690055847,75.92083333333333,76.06680555555556,76.27145833333333,0.0556640587747097,0.5555283540624472,1.0131311683626316,11.309986757847254,14.150218464697815,53.0
39.5,-85.5,10.798797607421875,0.2933676242828369,6.800000000000001,6.800000000000001,6.800000000000001,6.800000000000001,6.800000000000001,6.5,6.5,6.5,6.4,6.5,5.5,5.4,5.4,5.300000000000001,5.416666666666667,4.01,1.68,1.1300000000000001,0.74,1.7933333333333334,21.5,18.6,18.7,21.1,19.133333333333333,2.2,1.9000000000000001,1.8,1.8,1.9,593.1445729083966,0.44699999690055847,81.05611111111111,80.91659722222222,81.10868055555555,0.046087950468063354,0.5075399452139709,1.0131311683626316,10.385000228881838,17.315000057220463,84.0
39.5,-84.5,11.232845306396484,0.2950873076915741,5.6000000000000005,5.7,5.6000000000000005,5.7,5.633333333333333,6.6000000000000005,6.5,6.4,6.4,6.466666666666667,5.5,5.300000000000001,5.300000000000001,5.300000000000001,5.333333333333334,6.86,2.11,0.6900000000000001,0.41000000000000003,2.191666666666667,22.5,14.5,14.5,16.2,15.833333333333332,2.4000000000000004,2.1,2.0,2.0,2.1,562.0481548408504,0.44699999690055847,81.21201388888889,81.58305555555556,82.27965277777778,0.056727249175310135,0.5056753589817363,1.0131311683626316,11.184971894786077,12.949379451864075,67.0
39.5,-83.5,10.911370277404785,0.2960760295391083,6.300000000000001,6.2,6.300000000000001,6.300000000000001,6.266666666666667,6.4,6.4,6.300000000000001,6.2,6.3500000000000005,5.4,5.300000000000001,5.300000000000001,5.300000000000001,5.316666666666666,3.74,1.6400000000000001,0.89,0.51,1.6150000000000002,24.5,16.900000000000002,18.6,20.5,19.016666666666666,2.5,2.3000000000000003,2.2,2.2,2.283333333333333,603.6072448851705,0.44699999690055847,80.22847222222222,80.51958333333333,80.9901388888889,0.07057366520166397,0.4305652524811597,1.0131311683626316,14.351091036268773,14.351091036268773,71.0
39.5,-82.5,10.869383811950684,0.2972618639469147,6.4,6.4,6.5,6.5,6.45,6.300000000000001,6.4,6.300000000000001,6.300000000000001,6.333333333333334,5.4,5.300000000000001,5.2,5.300000000000001,5.266666666666667,6.26,2.17,1.22,0.54,2.376666666666667,21.6,17.400000000000002,17.6,20.0,18.200000000000003,2.9000000000000004,2.1,1.8,1.8,2.0833333333333335,648.7042466987882,0.41200000047683716,61.47326388888889,62.10604166666667,65.15020833333334,0.035986170172691345,0.4523880188561912,1.0131311683626316,2.1757298520504116,2.5930897341317607,35.0
39.5,-81.5,11.265767097473145,0.2989756464958191,5.300000000000001,5.4,5.4,5.4,5.383333333333334,5.6000000000000005,5.6000000000000005,5.5,5.5,5.55,4.4,4.2,4.2,4.1000000000000005,4.233333333333333,9.540000000000001,2.5100000000000002,0.98,0.56,2.916666666666667,28.5,13.700000000000001,13.3,14.9,15.966666666666667,3.2,2.1,1.8,1.8,2.1333333333333333,698.0085419348318,0.41200000047683716,48.0,49.0,54.0,0.013669056817889214,0.4602990620883433,1.0131311683626316,21.601208491528997,21.601208491528997,17.0
39.5,-80.5,10.670188903808594,0.2995852828025818,4.7,4.800000000000001,4.800000000000001,4.9,4.783333333333333,4.9,4.800000000000001,4.800000000000001,5.0,4.816666666666667,4.1000000000000005,4.0,3.9000000000000004,3.9000000000000004,3.966666666666667,11.8,2.94,1.22,0.56,3.5566666666666666,36.2,15.100000000000001,12.3,12.100000000000001,17.21666666666667,3.8000000000000003,2.8000000000000003,1.9000000000000001,1.7000000000000002,2.5166666666666666,684.1840043317811,0.41200000047683716,47.62784722222222,48.411319444444445,53.250277777777775,0.013740484602749348,0.5066439138516696,0.7907365216488834,0.0,8.13494908142033,9.0
39.5,-79.5,8.905899047851562,0.2973511517047882,4.9,4.9,5.0,5.0,4.95,4.2,4.2,4.2,4.5,4.199999999999999,3.7,3.6,3.6,3.7,3.6166666666666667,15.290000000000001,4.91,1.29,0.59,4.83,32.800000000000004,14.700000000000001,11.600000000000001,10.700000000000001,16.166666666666668,5.1000000000000005,3.6,2.0,1.6,3.05,672.8558765527708,0.43700000643730164,46.26277777777778,43.48243055555555,46.62284722222222,0.03246801346540451,0.6390480353213649,0.7907365216488834,0.0,0.0,18.0
39.5,-78.5,10.965690612792969,0.290955513715744,4.3,4.3,4.5,4.6000000000000005,4.4,5.0,4.9,5.0,5.2,4.966666666666667,4.7,4.6000000000000005,4.6000000000000005,4.7,4.616666666666667,19.17,4.3,1.6400000000000001,0.93,5.448333333333334,41.0,16.0,12.5,11.100000000000001,18.416666666666664,3.3000000000000003,2.6,1.6,1.4000000000000001,2.216666666666667,688.077576511625,0.41200000047683716,47.71083333333333,45.988055555555555,49.69694444444445,0.10626056790351868,0.36581433854943896,0.7907365216488834,0.0,0.0,21.0
39.5,-77.5,11.617789268493652,0.2886850833892822,5.5,5.7,5.7,5.6000000000000005,5.666666666666666,6.2,6.2,6.2,6.1000000000000005,6.199999999999999,5.4,5.300000000000001,5.300000000000001,5.2,5.316666666666666,6.05,1.6300000000000001,0.85,0.3,1.9766666666666668,32.2,11.4,10.700000000000001,13.0,14.516666666666666,2.5,1.9000000000000001,1.7000000000000002,1.6,1.9000000000000001,671.721054002705,0.41200000047683716,54.20097222222222,52.661319444444445,55.02430555555556,0.06848861277103424,0.43761758643392384,0.6671839401412454,2.7584253118691224,6.5321913485610175,55.0
39.5,-76.5,12.187446594238281,0.28291815519332886,5.1000000000000005,5.2,5.2,5.5,5.183333333333334,5.800000000000001,5.800000000000001,5.800000000000001,5.800000000000001,5.800000000000001,5.1000000000000005,4.9,4.9,4.800000000000001,4.933333333333334,8.44,2.15,1.02,0.53,2.6333333333333337,31.200000000000003,13.4,9.8,9.4,14.566666666666668,2.9000000000000004,1.9000000000000001,1.4000000000000001,1.3,1.8166666666666669,520.1344465612424,0.41200000047683716,45.78529900332226,43.39194352159468,44.816694352159466,0.03373685106635094,0.563813041323288,0.6671839401412454,2.2742366369760973,1.564474864967256,42.0
39.5,-75.5,12.550318717956543,0.26450055837631226,5.5,5.6000000000000005,5.6000000000000005,5.6000000000000005,5.583333333333334,5.5,5.4,5.5,5.4,5.466666666666667,4.800000000000001,4.6000000000000005,4.6000000000000005,4.5,4.633333333333333,8.9,2.59,1.8800000000000001,0.89,3.2866666666666666,25.6,11.700000000000001,9.200000000000001,9.3,12.766666666666666,2.9000000000000004,1.9000000000000001,1.2000000000000002,1.2000000000000002,1.7166666666666668,503.0877708500561,0.41200000047683716,51.459538039089,48.66685511225973,43.797447908253915,0.04026962071657181,0.5708130569392421,0.6671839401412454,0.0,0.0,41.0
39.5,-74.5,12.254673957824707,0.2213999629020691,5.300000000000001,5.5,5.5,5.5,5.466666666666667,4.3,4.3,4.4,4.7,4.35,3.9000000000000004,3.9000000000000004,4.0,4.1000000000000005,3.95,15.370000000000001,3.14,1.24,0.46,4.2283333333333335,33.300000000000004,13.3,9.8,9.1,14.883333333333335,3.8000000000000003,1.9000000000000001,1.2000000000000002,1.0,1.8666666666666667,403.57916083944247,0.41200000047683716,42.711934156378604,39.6652557319224,39.75496766607878,0.03784165531396866,0.3754171744632793,0.6671839401412454,0.0,0.0,13.0
40.5,-123.5,10.017121315002441,0.25469252467155457,5.7,5.800000000000001,5.800000000000001,5.800000000000001,5.783333333333333,5.7,5.7,5.7,5.7,5.699999999999999,4.9,4.6000000000000005,4.6000000000000005,4.6000000000000005,4.65,9.09,6.91,7.0,4.74,7.318333333333333,26.8,19.3,16.6,15.4,19.200000000000003,2.9000000000000004,2.5,2.3000000000000003,2.2,2.466666666666667,1068.9388479411361,0.44699999690055847,46.6475,43.36708333333333,43.229166666666664,0.13192738592624664,0.8220751021531042,0.9389996194580489,9.099999904632568,9.02999997138977,2.0
40.5,-122.5,15.961856842041016,0.2522696852684021,6.0,6.0,6.0,6.0,6.0,5.800000000000001,5.800000000000001,5.9,5.9,5.85,5.300000000000001,5.0,4.9,4.9,5.0,5.71,2.7800000000000002,1.21,0.68,2.4833333333333334,20.700000000000003,15.0,14.3,14.100000000000001,15.6,2.6,2.4000000000000004,2.1,2.0,2.283333333333333,693.2770294731537,0.44699999690055847,55.85147739409042,52.750587397650406,51.72830188679245,0.11473367363214493,0.4429089207006671,0.9389996194580489,13.067386379088077,12.524701180656143,3.0
40.5,-121.5,6.254018306732178,0.25241386890411377,5.800000000000001,5.800000000000001,5.800000000000001,5.7,5.800000000000001,6.0,6.0,6.1000000000000005,6.1000000000000005,6.050000000000001,4.9,4.800000000000001,4.7,4.800000000000001,4.7666666666666675,3.45,2.08,1.6300000000000001,0.77,2.0833333333333335,24.200000000000003,22.900000000000002,22.0,21.700000000000003,22.666666666666664,2.8000000000000003,3.2,2.4000000000000004,2.2,2.7333333333333334,562.0139999388713,0.44699999690055847,52.842171717171716,49.09680134680135,48.05892255892256,0.07367462664842606,0.3964365514047324,0.9389996194580489,9.923848153210553,9.923848153210553,1.0
40.5,-120.5,8.558329582214355,0.24910889565944672,6.2,6.300000000000001,6.300000000000001,6.4,6.283333333333333,6.5,6.6000000000000005,6.7,6.7,6.633333333333333,5.6000000000000005,5.4,5.4,5.300000000000001,5.433333333333334,7.74,2.84,1.68,0.9400000000000001,3.0766666666666667,17.6,19.200000000000003,18.1,17.8,18.383333333333333,2.7,3.0,3.0,3.0,2.95,287.267386481295,0.44699999690055847,73.29834176503654,71.43802698145025,70.11698988195616,0.03604235127568245,0.07697479473080601,0.9389996194580489,22.320501471223842,25.125538094408185,3.0
40.5,-119.5,10.443560600280762,0.2305971384048462,7.800000000000001,7.9,8.0,8.3,7.933333333333334,8.6,8.700000000000001,8.700000000000001,8.700000000000001,8.683333333333334,7.1000000000000005,7.1000000000000005,7.2,7.300000000000001,7.15,0.81,0.51,0.41000000000000003,0.33,0.51,26.200000000000003,27.3,30.6,31.400000000000002,28.766666666666666,1.5,1.8,1.8,1.9000000000000001,1.75,91.11172179535862,0.43700000643730164,96.84330031094078,99.25142815821823,98.94439221924941,0.0186263807117939,0.0305892784476792,1.7297361411069323,0.0,0.0,1.0
40.5,-118.5,10.025718688964844,0.21473009884357452,7.5,7.6000000000000005,7.7,8.1,7.633333333333333,7.9,7.9,8.0,8.1,7.95,6.1000000000000005,6.2,6.300000000000001,6.300000000000001,6.233333333333333,1.26,0.92,0.66,0.51,0.8466666666666667,19.8,20.8,21.8,24.0,21.133333333333333,2.2,2.5,2.5,2.7,2.45,95.98096288092192,0.43700000643730164,97.73279295646705,98.83760743484034,98.83760743484034,0.056260861456394196,0.02508925882248115,1.7297361411069323,7.448651737178681,6.948651737178681,2.0
40.5,-117.5,9.694499969482422,0.21016532182693481,8.5,8.6,8.700000000000001,8.700000000000001,8.633333333333333,7.6000000000000005,7.7,7.800000000000001,8.0,7.733333333333333,6.5,6.5,6.5,6.7,6.5,0.64,0.49,0.32,0.3,0.43000000000000005,19.700000000000003,20.400000000000002,22.0,21.900000000000002,21.083333333333332,1.8,2.1,2.1,2.1,2.05,116.74259892748064,0.43700000643730164,99.0,100.0,100.0,0.018755093216896057,0.03772111209802606,1.7297361411069323,17.16389059246354,21.09952202240147,5.0
40.5,-116.5,9.391897201538086,0.2082519829273224,7.300000000000001,7.4,7.4,7.7,7.383333333333334,7.5,7.5,7.7,7.9,7.6,6.4,6.300000000000001,6.4,6.5,6.366666666666667,2.48,1.83,1.03,0.8,1.5383333333333336,20.400000000000002,21.400000000000002,23.3,24.3,22.183333333333334,2.4000000000000004,2.8000000000000003,2.7,2.9000000000000004,2.6833333333333336,125.12200108043051,0.43700000643730164,98.35125,99.80451388888889,99.74222222222222,0.011838169768452644,0.038466778837393405,1.7297361411069323,13.707565689605113,12.337529724537433,8.0
40.5,-115.5,6.209039211273193,0.2125777304172516,7.0,7.1000000000000005,7.1000000000000005,7.2,7.083333333333334,7.7,7.800000000000001,7.800000000000001,7.9,7.783333333333333,6.5,6.5,6.5,6.6000000000000005,6.5,2.54,1.81,1.1300000000000001,0.8200000000000001,1.5916666666666668,20.6,21.200000000000003,21.8,23.200000000000003,21.4,1.8,2.1,2.2,2.2,2.1,138.4710834206771,0.43700000643730164,96.0,99.0,99.0,0.02389439009130001,0.07676901777551823,1.7297361411069323,16.354892495559284,20.69710853613822,11.0
40.5,-114.5,7.387847423553467,0.21222452819347382,7.9,7.9,7.9,8.200000000000001,7.9,7.300000000000001,7.4,7.4,7.5,7.383333333333334,6.4,6.4,6.5,6.7,6.45,1.53,1.08,0.79,0.53,1.01,20.5,20.0,20.900000000000002,18.3,20.533333333333335,2.4000000000000004,2.5,2.7,2.7,2.5833333333333335,103.49747406904065,0.43700000643730164,94.0143614054657,99.0,99.0,0.01866816356778145,0.03442437579655636,1.7297361411069323,0.0,0.0,1.0
40.5,-113.5,10.403512001037598,0.21172426640987396,8.200000000000001,8.4,8.4,8.3,8.366666666666667,8.5,8.5,8.5,8.5,8.5,7.2,7.2,7.300000000000001,7.300000000000001,7.25,1.1400000000000001,0.88,0.47000000000000003,0.39,0.7183333333333334,16.6,17.900000000000002,17.8,17.900000000000002,17.633333333333333,2.6,2.8000000000000003,3.3000000000000003,3.3000000000000003,3.0166666666666666,26.290306459798288,0.43700000643730164,92.70890658942795,99.30098962104755,99.30098962104755,0.020450390875339508,0.023548635337495034,1.7297361411069323,3.4086631597568173,3.0010240332826017,0.0
40.5,-112.5,9.175374031066895,0.22660593688488007,7.4,7.4,7.6000000000000005,7.7,7.5,7.5,7.5,7.6000000000000005,7.7,7.550000000000001,6.1000000000000005,6.1000000000000005,6.1000000000000005,6.1000000000000005,6.1,2.82,2.04,1.4000000000000001,0.99,1.85,19.8,19.8,19.200000000000003,16.0,19.5,2.1,2.4000000000000004,2.5,2.6,2.4,110.7625320946654,0.43700000643730164,95.97908299866131,99.42871485943775,99.61311914323963,0.034163929522037506,0.0756952291616256,1.7297361411069323,4.164999961853027,17.504778821985475,8.0
40.5,-111.5,5.538832187652588,0.24447238445281982,6.9,6.9,6.9,7.0,6.9,5.9,5.7,5.7,5.800000000000001,5.733333333333333,5.2,5.1000000000000005,5.2,5.300000000000001,5.166666666666666,11.15,4.22,2.24,1.1,4.385,28.900000000000002,24.8,22.700000000000003,19.700000000000003,24.433333333333334,3.4000000000000004,3.3000000000000003,2.5,2.3000000000000003,2.916666666666667,223.25505322350693,0.44699999690055847,92.82301656495206,94.01198779424585,94.36152281313572,0.02116141840815544,0.21722150116251573,1.7297361411069323,22.775298771904293,22.60477985192424,24.0
40.5,-110.5,3.9435184001922607,0.23594579100608826,6.300000000000001,6.5,6.5,6.7,6.466666666666667,5.7,5.7,5.800000000000001,6.0,5.75,5.2,5.1000000000000005,5.1000000000000005,5.4,5.116666666666667,14.27,3.61,1.57,1.19,4.366666666666667,31.900000000000002,23.5,18.2,17.1,22.25,4.1000000000000005,2.8000000000000003,2.1,2.1,2.666666666666667,227.31277084364513,0.43700000643730164,92.633125,94.20138888888889,94.09375,0.006127063184976578,0.20131984647442536,1.7297361411069323,10.853479329674865,10.571075969212377,9.0
40.5,-109.5,7.152528285980225,0.21979141235351562,5.9,5.9,5.9,6.1000000000000005,5.9,7.800000000000001,7.9,7.9,8.0,7.883333333333334,6.7,6.6000000000000005,6.7,6.800000000000001,6.666666666666667,10.040000000000001,3.33,1.62,1.02,3.5933333333333333,23.1,18.1,15.5,14.9,17.633333333333333,1.6,1.8,1.7000000000000002,1.7000000000000002,1.7166666666666668,185.78610722382132,0.43700000643730164,94.01409722222222,96.17875,95.38604166666667,0.023070139810442924,0.0643022558977755,1.7297361411069323,18.395100916058638,18.89037899718293,9.0
40.5,-108.5,6.574315547943115,0.2185419350862503,7.4,7.6000000000000005,7.7,7.800000000000001,7.616666666666667,7.0,7.1000000000000005,7.1000000000000005,7.4,7.083333333333334,5.7,5.800000000000001,5.800000000000001,5.9,5.783333333333333,3.2600000000000002,2.7800000000000002,1.22,0.8300000000000001,2.08,16.0,15.0,14.5,13.100000000000001,14.916666666666666,1.9000000000000001,2.2,2.1,2.0,2.0999999999999996,152.08339656372436,0.41200000047683716,92.36381944444445,98.53826388888889,98.56569444444445,0.03920264169573784,0.048981435423298796,1.7297361411069323,14.53085787120582,16.195289494600026,5.0
40.5,-107.5,5.625769138336182,0.2294153869152069,7.2,7.300000000000001,7.4,7.7,7.333333333333333,7.300000000000001,7.2,7.300000000000001,7.6000000000000005,7.266666666666667,6.7,6.6000000000000005,6.7,6.800000000000001,6.666666666666667,3.2800000000000002,2.0300000000000002,1.3,0.8200000000000001,1.8733333333333335,22.3,22.200000000000003,22.1,22.1,22.166666666666668,2.1,2.4000000000000004,2.2,2.3000000000000003,2.25,294.7617468970698,0.43700000643730164,82.72055555555555,85.84652777777778,89.02652777777777,0.011293117888271809,0.1718505425764194,1.7297361411069323,15.662657776462858,17.319908008672456,19.0
40.5,-106.5,2.1926095485687256,0.23231226205825806,6.5,6.5,6.5,6.6000000000000005,6.5,5.7,5.4,5.5,5.5,5.5,4.3,4.2,4.2,4.3,4.216666666666667,9.98,4.44,2.2,1.4000000000000001,4.243333333333334,30.6,24.400000000000002,20.3,18.3,23.383333333333333,3.7,3.3000000000000003,2.9000000000000004,2.2,3.166666666666667,375.57114054629034,0.43700000643730164,77.87576388888888,80.70319444444445,83.58777777777777,0.007209179922938347,0.2972807187099265,1.7297361411069323,11.373028735898437,12.41017473405719,14.0
40.5,-105.5,3.534467935562134,0.22724944353103638,6.1000000000000005,6.2,6.2,6.300000000000001,6.183333333333334,5.800000000000001,5.4,5.5,5.5,5.516666666666667,4.3,4.1000000000000005,4.2,4.3,4.183333333333334,6.28,3.97,3.06,1.6300000000000001,3.9000000000000004,28.700000000000003,23.700000000000003,22.1,22.6,23.733333333333334,3.0,2.5,2.1,1.9000000000000001,2.3833333333333337,392.7241338605764,0.43700000643730164,72.87590277777778,74.09625,78.07263888888889,0.009017817676067352,0.18863346883441318,1.7297361411069323,10.576322757421792,11.801740808945537,8.0
40.5,-104.5,9.660099983215332,0.21626447141170502,7.2,7.5,7.6000000000000005,8.0,7.5,7.5,7.6000000000000005,7.7,7.800000000000001,7.633333333333333,6.6000000000000005,6.6000000000000005,6.6000000000000005,6.800000000000001,6.6000000000000005,1.19,0.9500000000000001,0.72,0.45,0.875,16.8,16.2,16.8,16.5,16.6,2.4000000000000004,2.6,2.6,2.6,2.5666666666666664,283.5374137003406,0.43700000643730164,95.84,98.81909722222223,97.92277777777778,0.04504038393497467,0.03731200825859923,1.7297361411069323,14.926698021560732,13.461697868972841,25.0
40.5,-103.5,9.70205307006836,0.20278751850128174,7.1000000000000005,7.300000000000001,7.6000000000000005,8.0,7.416666666666666,7.300000000000001,7.2,7.5,7.7,7.366666666666666,6.7,6.7,6.7,7.0,6.7,1.68,1.12,0.87,0.51,1.0883333333333334,19.6,20.200000000000003,22.1,23.3,21.05,1.9000000000000001,2.0,2.1,2.1,2.033333333333333,272.1799297414429,0.43700000643730164,96.12076388888889,98.96020833333333,97.67888888888889,0.054272476583719254,0.03635093826664778,1.7297361411069323,13.291560025114052,15.104608736307355,15.0
40.5,-102.5,9.829434394836426,0.1990726888179779,7.300000000000001,7.5,7.6000000000000005,8.0,7.5166666666666675,7.0,7.0,7.2,7.4,7.1,6.1000000000000005,6.1000000000000005,6.2,6.4,6.15,3.73,1.3900000000000001,0.88,0.52,1.525,16.400000000000002,15.9,17.5,17.6,16.78333333333333,1.7000000000000002,1.9000000000000001,1.9000000000000001,2.1,1.8666666666666667,299.9060501699934,0.43700000643730164,96.12194444444444,99.11798611111111,98.00131944444445,0.04771218076348305,0.0946074401828689,1.7297361411069323,17.179037151259827,22.034574966657235,31.0
40.5,-101.5,9.939067840576172,0.2041226327419281,6.7,6.9,7.1000000000000005,7.6000000000000005,6.966666666666667,6.7,6.7,6.9,7.0,6.800000000000001,5.7,5.7,5.7,5.9,5.699999999999999,1.49,1.08,0.8200000000000001,0.58,1.0183333333333335,17.2,15.5,15.600000000000001,15.9,15.833333333333334,1.6,1.8,1.7000000000000002,1.6,1.7166666666666668,313.310755076692,0.43700000643730164,96.7923611111111,99.7923611111111,98.0,0.05594438686966896,0.12366748931570037,1.1613942661717973,12.6029024575728,12.575454300437205,37.0
40.5,-100.5,10.007689476013184,0.21742098033428192,6.5,6.6000000000000005,6.800000000000001,7.4,6.683333333333334,6.9,7.0,7.2,7.2,7.083333333333334,6.1000000000000005,6.1000000000000005,6.0,6.2,6.05,2.12,1.27,0.85,0.5,1.2016666666666667,16.5,14.5,15.600000000000001,15.100000000000001,15.383333333333333,1.6,1.6,1.6,1.7000000000000002,1.6,348.4088031658101,0.43700000643730164,91.89486111111111,95.49458333333334,96.80055555555556,0.03709831461310387,0.10608881944148812,1.1613942661717973,17.44994908440561,17.44994908440561,40.0
40.5,-99.5,9.979077339172363,0.23450398445129395,7.1000000000000005,7.2,7.4,7.6000000000000005,7.283333333333333,6.9,7.0,7.1000000000000005,7.300000000000001,7.033333333333333,6.300000000000001,6.2,6.300000000000001,6.300000000000001,6.266666666666667,3.06,1.77,0.96,0.73,1.58,19.3,18.6,19.1,18.8,18.96666666666667,2.2,2.1,2.1,2.2,2.1166666666666667,344.03361488092025,0.43700000643730164,89.0,93.0,96.0,0.029755735769867897,0.20315247703971814,1.1613942661717973,16.224735362668678,16.224735362668678,79.0
40.5,-98.5,10.26955509185791,0.24477946758270264,6.6000000000000005,6.7,6.9,7.4,6.783333333333333,6.0,5.9,6.2,6.5,6.066666666666666,5.300000000000001,5.300000000000001,5.2,5.4,5.25,2.4,1.37,0.87,0.53,1.2916666666666667,18.8,15.9,15.8,15.8,16.333333333333336,2.0,2.1,2.0,2.1,2.033333333333333,339.8748753404416,0.43700000643730164,89.0,93.0,96.0,0.030160050839185715,0.28299399952065823,1.1613942661717973,18.699453181376477,18.699453181376477,86.0
40.5,-97.5,10.630364418029785,0.25505363941192627,6.0,6.1000000000000005,6.2,6.9,6.133333333333333,6.5,6.4,6.5,6.6000000000000005,6.466666666666667,5.6000000000000005,5.6000000000000005,5.6000000000000005,5.7,5.6,2.93,2.06,1.35,0.76,1.85,23.6,23.0,23.3,26.200000000000003,23.25,2.5,2.5,2.4000000000000004,2.6,2.45,330.79231347739164,0.43700000643730164,89.0,92.97,95.955,0.056183889508247375,0.29157853772353337,1.1613942661717973,23.729999542236328,26.969999313354492,80.0
40.5,-96.5,10.775622367858887,0.26888349652290344,5.9,5.9,6.300000000000001,6.7,6.1,6.2,6.1000000000000005,6.1000000000000005,6.300000000000001,6.116666666666667,5.2,5.1000000000000005,5.1000000000000005,5.1000000000000005,5.116666666666667,2.91,1.8,1.27,0.79,1.7200000000000002,22.400000000000002,22.8,24.8,26.8,23.733333333333334,2.8000000000000003,2.8000000000000003,2.7,2.8000000000000003,2.75,379.4133554807119,0.44699999690055847,89.0,89.72083333333333,91.08125,0.07290201634168625,0.18727395527388407,1.1613942661717973,34.85000038146973,34.2549991607666,73.0
40.5,-95.5,10.932991981506348,0.27615633606910706,6.0,5.9,6.0,6.4,5.966666666666667,7.2,7.2,7.300000000000001,7.4,7.25,5.5,5.4,5.300000000000001,5.4,5.366666666666667,2.5500000000000003,1.8800000000000001,1.48,0.9,1.7916666666666667,21.1,21.6,23.5,24.200000000000003,22.46666666666667,2.8000000000000003,2.7,2.7,2.8000000000000003,2.716666666666667,366.7142421865285,0.43700000643730164,89.42423611111111,90.54625,91.58333333333333,0.06007371097803116,0.1968689862132185,1.0131311683626316,17.576715541883207,16.62169589045515,81.0
40.5,-94.5,10.57506275177002,0.27977123856544495,6.5,6.4,6.300000000000001,6.4,6.366666666666667,6.2,6.300000000000001,6.2,6.2,6.233333333333333,5.300000000000001,5.2,5.1000000000000005,5.0,5.166666666666667,2.59,1.8800000000000001,1.27,0.79,1.6933333333333334,24.3,23.700000000000003,24.400000000000002,25.8,24.15,2.7,2.8000000000000003,2.7,2.8000000000000003,2.7333333333333334,473.58124854220415,0.44699999690055847,88.00243055555555,89.18881944444445,91.75125,0.03244207799434662,0.2727865792692686,1.0131311683626316,31.649983504918108,35.623975213630516,81.0
40.5,-93.5,10.472186088562012,0.2826494574546814,6.5,6.300000000000001,6.0,5.9,6.183333333333334,6.0,6.0,5.9,5.9,5.95,5.1000000000000005,4.9,4.800000000000001,4.9,4.883333333333334,2.86,2.08,1.22,0.63,1.7799999999999998,25.400000000000002,25.200000000000003,25.400000000000002,26.8,25.333333333333336,2.5,2.4000000000000004,2.4000000000000004,2.4000000000000004,2.416666666666667,511.1630001447967,0.44699999690055847,86.53159722222222,88.34423611111112,91.25055555555555,0.025068504735827446,0.3299704187541044,1.0131311683626316,27.723643537240065,30.829838824381635,79.0
40.5,-92.5,10.647780418395996,0.2839401364326477,6.0,5.9,5.6000000000000005,5.6000000000000005,5.7666666666666675,6.1000000000000005,6.1000000000000005,6.0,5.9,6.05,5.2,5.2,5.2,5.300000000000001,5.2,2.27,2.08,1.1500000000000001,0.68,1.646666666666667,24.3,23.400000000000002,24.1,28.200000000000003,23.9,2.9000000000000004,2.8000000000000003,2.7,2.9000000000000004,2.7666666666666666,525.3995948804197,0.44699999690055847,82.91055555555556,84.42055555555555,87.50465277777778,0.04234779253602028,0.346606539963592,1.0131311683626316,22.437777342347374,22.507940405666158,74.0
40.5,-91.5,10.961005210876465,0.28733253479003906,6.5,6.5,6.4,6.4,6.45,6.1000000000000005,6.1000000000000005,5.9,5.800000000000001,6.0,5.2,5.2,5.1000000000000005,5.1000000000000005,5.15,3.38,1.68,1.09,0.79,1.6683333333333334,22.1,20.1,18.900000000000002,19.200000000000003,19.833333333333336,2.7,2.5,2.5,2.5,2.533333333333333,490.5053197130667,0.44699999690055847,84.23368055555555,85.58402777777778,86.9882638888889,0.03560785949230194,0.3272992029074138,1.0131311683626316,22.83409320604854,22.309272316538117,74.0
40.5,-90.5,10.652228355407715,0.29483380913734436,6.4,6.300000000000001,6.2,6.1000000000000005,6.2666666666666675,6.300000000000001,6.2,6.1000000000000005,6.0,6.166666666666666,5.2,5.1000000000000005,5.1000000000000005,5.1000000000000005,5.116666666666667,2.85,2.08,0.92,0.74,1.6283333333333334,20.200000000000003,19.200000000000003,19.3,22.3,19.416666666666668,2.5,2.4000000000000004,2.3000000000000003,2.4000000000000004,2.366666666666667,486.7506631928378,0.44699999690055847,84.99201388888889,86.1192361111111,87.71111111111111,0.020587680861353874,0.32314425476418057,1.0131311683626316,21.149999618530273,19.199999809265137,78.0
40.5,-89.5,10.657301902770996,0.29981669783592224,6.1000000000000005,6.1000000000000005,5.9,5.800000000000001,6.0,6.2,6.1000000000000005,6.0,5.9,6.066666666666666,5.4,5.4,5.4,5.300000000000001,5.4,2.7,1.76,1.2,0.91,1.6366666666666667,20.200000000000003,19.1,19.0,21.900000000000002,19.233333333333334,2.6,2.6,2.5,2.5,2.55,463.2073123202326,0.44699999690055847,85.85326388888889,87.245,89.00354166666666,0.02247285284101963,0.3232996077153763,1.0131311683626316,22.142160662583162,21.059365042098754,79.0
40.5,-88.5,10.355362892150879,0.3006771206855774,6.7,6.7,6.6000000000000005,6.5,6.65,6.6000000000000005,6.4,6.4,6.5,6.433333333333334,5.5,5.5,5.4,5.4,5.45,4.01,2.65,1.97,1.03,2.5366666666666666,27.0,26.8,26.5,25.8,26.683333333333334,2.8000000000000003,2.8000000000000003,2.7,2.8000000000000003,2.75,439.7614714164601,0.44699999690055847,87.99291666666667,89.99055555555556,91.99055555555556,0.0264506246894598,0.33043710399990955,1.0131311683626316,21.644354363004126,21.191751001570132,83.0
40.5,-87.5,10.313321113586426,0.2971082925796509,6.6000000000000005,6.6000000000000005,6.6000000000000005,6.6000000000000005,6.6000000000000005,6.300000000000001,6.300000000000001,6.300000000000001,6.300000000000001,6.300000000000001,5.0,5.0,4.9,4.800000000000001,4.95,4.01,2.7600000000000002,1.99,1.03,2.5833333333333335,27.400000000000002,25.8,25.700000000000003,25.200000000000003,26.016666666666666,2.4000000000000004,2.4000000000000004,2.3000000000000003,2.3000000000000003,2.3500000000000005,480.6052303420181,0.44699999690055847,86.44486111111111,88.76743055555555,90.41541666666667,0.0643114447593689,0.36744118524286606,1.0131311683626316,17.018449714341287,19.49870987075771,84.0
40.5,-86.5,10.213912963867188,0.28942403197288513,6.4,6.4,6.4,6.4,6.4,6.1000000000000005,6.1000000000000005,5.9,5.9,6.0,4.800000000000001,4.7,4.7,4.7,4.716666666666667,4.19,2.23,1.62,0.85,2.251666666666667,25.400000000000002,23.8,20.900000000000002,19.0,22.616666666666667,2.3000000000000003,2.2,2.1,2.2,2.166666666666667,507.4073322799939,0.44699999690055847,82.92291666666667,83.19631944444444,83.6751388888889,0.05957413092255592,0.4185190308466518,1.0131311683626316,12.192297867795986,17.379708264948867,88.0
40.5,-85.5,9.97576904296875,0.29132845997810364,6.0,6.0,6.0,6.1000000000000005,6.0,6.4,6.4,6.300000000000001,6.300000000000001,6.3500000000000005,5.6000000000000005,5.5,5.4,5.300000000000001,5.466666666666667,3.16,1.44,1.11,0.63,1.561666666666667,19.6,16.1,16.6,18.3,16.933333333333334,2.8000000000000003,2.2,2.2,2.2,2.3,515.2272456711645,0.44699999690055847,81.94152777777778,81.91229166666666,81.94152777777778,0.027207937091588974,0.4232322344914167,1.0131311683626316,17.670000076293945,17.31999969482422,91.0
40.5,-84.5,10.136399269104004,0.29312875866889954,5.9,5.9,5.800000000000001,6.1000000000000005,5.85,6.5,6.4,6.4,6.4,6.416666666666667,5.4,5.300000000000001,5.300000000000001,5.300000000000001,5.316666666666666,3.89,1.8800000000000001,0.97,0.63,1.7600000000000002,22.700000000000003,16.900000000000002,17.400000000000002,20.1,18.116666666666667,2.7,2.4000000000000004,2.2,2.2,2.35,512.2855034895281,0.44699999690055847,82.0,81.8734283319363,81.8734283319363,0.04365995526313782,0.4166634827141493,1.0131311683626316,17.670000076293945,17.31999969482422,89.0
40.5,-83.5,9.931708335876465,0.2942754626274109,6.6000000000000005,6.6000000000000005,6.5,6.5,6.550000000000001,6.4,6.4,6.300000000000001,6.300000000000001,6.3500000000000005,5.4,5.300000000000001,5.300000000000001,5.4,5.316666666666666,3.61,2.11,1.06,1.12,1.8350000000000002,23.3,22.8,22.900000000000002,23.3,22.933333333333334,2.7,2.5,2.4000000000000004,2.5,2.4833333333333334,517.9204593111513,0.44699999690055847,82.0,81.96666666666667,81.96666666666667,0.03748635947704315,0.4373099441118881,1.0131311683626316,16.028060810784073,15.765530657011814,82.0
40.5,-82.5,9.501861572265625,0.29512012004852295,5.9,5.9,5.9,5.9,5.9,6.1000000000000005,6.0,6.0,6.0,6.016666666666667,4.9,4.9,4.800000000000001,4.7,4.8500000000000005,7.3100000000000005,2.24,1.4000000000000001,1.11,2.6650000000000005,25.8,18.7,18.7,18.7,19.883333333333333,2.9000000000000004,2.3000000000000003,1.8,1.7000000000000002,2.15,588.7656195613774,0.44699999690055847,75.879375,75.36319444444445,76.39340277777778,0.030247526243329048,0.4553657063815179,1.0131311683626316,8.774564642852576,8.774564642852576,65.0
40.5,-81.5,10.079032897949219,0.29537704586982727,6.1000000000000005,6.1000000000000005,6.0,6.1000000000000005,6.05,6.0,6.0,5.9,5.800000000000001,5.95,4.800000000000001,4.6000000000000005,4.6000000000000005,4.5,4.633333333333333,5.0600000000000005,2.73,1.08,0.72,2.2933333333333334,24.6,18.400000000000002,17.0,17.7,18.733333333333334,2.8000000000000003,2.0,1.9000000000000001,1.9000000000000001,2.0833333333333335,635.6714425307016,0.41200000047683716,60.60194444444444,59.996805555555554,63.391666666666666,0.027090514078736305,0.4544731770018639,1.0131311683626316,7.725879104968325,8.143236582944654,45.0
40.5,-80.5,10.214349746704102,0.29660463333129883,5.9,5.9,5.800000000000001,5.7,5.85,5.4,5.4,5.4,5.300000000000001,5.4,4.1000000000000005,4.1000000000000005,4.2,4.1000000000000005,4.15,6.93,1.8900000000000001,0.89,0.67,2.23,34.2,19.700000000000003,18.0,17.900000000000002,21.266666666666666,3.5,2.8000000000000003,2.0,1.9000000000000001,2.5166666666666666,649.4105330790976,0.41200000047683716,48.93555555555555,48.18805555555556,51.737430555555555,0.020354388281702995,0.44880074324129965,0.6671839401412454,0.0,4.273540818115022,31.0
40.5,-79.5,9.894454002380371,0.300757497549057,5.2,5.4,5.300000000000001,5.1000000000000005,5.316666666666667,5.1000000000000005,5.0,5.0,5.1000000000000005,5.016666666666667,4.1000000000000005,3.9000000000000004,3.8000000000000003,3.8000000000000003,3.8833333333333337,7.930000000000001,2.91,1.1400000000000001,0.53,2.8616666666666672,32.0,13.5,12.700000000000001,11.600000000000001,16.183333333333334,3.4000000000000004,2.2,1.7000000000000002,1.5,2.15,640.3422268622962,0.44699999690055847,42.25951388888889,39.97923611111111,42.51902777777778,0.013977221213281155,0.5662708982488612,0.6671839401412454,0.0,0.0,32.0
40.5,-78.5,8.872916221618652,0.3003244400024414,4.1000000000000005,4.2,4.4,4.6000000000000005,4.283333333333333,5.6000000000000005,5.4,5.5,5.5,5.483333333333333,4.4,4.5,4.4,4.4,4.433333333333334,19.73,4.48,1.6600000000000001,0.6900000000000001,5.611666666666667,49.5,18.2,14.9,12.0,21.766666666666666,4.5,2.5,1.8,1.6,2.4833333333333334,644.4989163152828,0.41200000047683716,45.148402777777775,45.04013888888889,50.16763888888889,0.03210650756955147,0.5186592089856421,0.6671839401412454,0.0,0.0,27.0
40.5,-77.5,10.168391227722168,0.296433687210083,4.9,5.0,5.0,5.1000000000000005,4.983333333333333,4.800000000000001,4.7,4.800000000000001,5.0,4.7666666666666675,3.9000000000000004,3.7,3.9000000000000004,4.0,3.8333333333333335,13.91,3.4,1.29,0.79,4.096666666666667,34.4,13.5,11.4,11.700000000000001,15.933333333333334,4.4,2.6,1.4000000000000001,1.2000000000000002,2.3000000000000003,674.3792867347263,0.41200000047683716,51.65488449763429,52.538964653492904,57.26182855552463,0.02146514505147934,0.490206044278448,0.6671839401412454,0.0,0.0,28.0
40.5,-76.5,10.188498497009277,0.2949785590171814,5.4,5.5,5.6000000000000005,5.5,5.533333333333333,5.0,4.9,4.9,5.1000000000000005,4.916666666666667,3.7,3.8000000000000003,3.9000000000000004,4.0,3.8333333333333335,20.55,4.51,1.29,0.77,5.573333333333334,32.2,12.5,9.3,9.0,14.183333333333334,3.7,2.5,1.6,1.4000000000000001,2.25,640.6152475722143,0.41200000047683716,51.35414697971942,51.88980155557171,56.548302682270844,0.03499974310398102,0.6024366698261809,0.6671839401412454,0.0,0.0,37.0
40.5,-75.5,10.479286193847656,0.28373879194259644,5.2,5.4,5.4,5.300000000000001,5.366666666666667,6.1000000000000005,6.1000000000000005,6.1000000000000005,6.1000000000000005,6.1,5.0,4.9,4.9,4.9,4.916666666666667,15.870000000000001,3.21,1.02,0.37,4.225,30.5,12.9,10.200000000000001,9.3,14.483333333333334,2.4000000000000004,2.0,1.5,1.3,1.8166666666666667,591.7040737686518,0.41200000047683716,53.92243055555556,53.78916666666667,57.88180555555556,0.03846895694732666,0.6954678609022741,0.6671839401412454,7.876314977085128,8.298959090165779,31.0
40.5,-74.5,11.3843355178833,0.2589995563030243,5.1000000000000005,5.300000000000001,5.300000000000001,5.4,5.2666666666666675,5.7,5.6000000000000005,5.7,5.7,5.666666666666666,4.800000000000001,4.7,4.6000000000000005,4.6000000000000005,4.666666666666667,23.6,4.61,1.86,0.51,6.4,40.900000000000006,14.8,10.3,8.9,16.9,3.1,1.9000000000000001,1.5,1.5,1.9,447.2640631958567,0.41200000047683716,44.40528186896902,42.979249800478854,44.9060436769934,0.021280907094478607,0.6792199158387369,0.6671839401412454,7.502560083206505,11.631469039571142,20.0
41.5,-123.5,10.150026321411133,0.25924694538116455,5.4,5.5,5.5,5.5,5.483333333333333,5.300000000000001,5.300000000000001,5.4,5.4,5.35,4.4,4.3,4.3,4.2,4.316666666666666,16.07,5.79,3.5,2.0,6.358333333333334,32.800000000000004,23.5,18.900000000000002,16.7,22.75,4.9,4.0,3.1,2.7,3.7,923.8314464345491,0.44699999690055847,44.0,41.280833333333334,41.46805555555556,0.06759724020957947,1.126221762087518,0.9389996194580489,8.449774384680115,8.379774451437317,0.0
41.5,-122.5,9.391284942626953,0.2587062120437622,6.1000000000000005,6.2,6.1000000000000005,6.1000000000000005,6.133333333333333,6.1000000000000005,6.1000000000000005,6.1000000000000005,6.1000000000000005,6.1,5.0,4.800000000000001,4.7,4.7,4.783333333333333,8.27,2.7,1.61,0.73,3.0833333333333335,21.0,18.7,18.1,18.0,18.783333333333335,2.3000000000000003,2.1,1.7000000000000002,1.7000000000000002,1.9333333333333333,627.2253818721996,0.43700000643730164,62.497638888888886,59.27527777777778,57.786875,0.03984876349568367,0.43733077849711965,0.9389996194580489,10.308959076017572,16.7286847290394,6.0
41.5,-121.5,7.065329074859619,0.25408825278282166,6.300000000000001,6.4,6.4,6.5,6.383333333333334,5.7,5.800000000000001,5.800000000000001,6.0,5.783333333333333,5.0,4.800000000000001,4.800000000000001,4.7,4.833333333333334,6.48,3.47,1.72,0.85,3.0966666666666667,25.0,23.0,22.700000000000003,22.1,23.183333333333337,1.9000000000000001,2.4000000000000004,2.1,2.1,2.166666666666667,422.41818659585147,0.43700000643730164,63.96371052816654,61.23679583655672,60.034460932555035,0.047579340636730194,0.188565530453015,0.9389996194580489,15.299666810245778,13.32908761399677,6.0
41.5,-120.5,8.304969787597656,0.25116461515426636,6.5,6.5,6.6000000000000005,6.800000000000001,6.550000000000001,6.800000000000001,6.800000000000001,6.800000000000001,6.9,6.800000000000001,6.1000000000000005,6.0,6.0,6.0,6.016666666666667,1.58,0.98,0.6900000000000001,0.52,0.935,26.1,26.900000000000002,33.7,37.6,30.166666666666668,3.0,3.3000000000000003,3.5,3.7,3.35,261.5697524128103,0.44699999690055847,95.28069444444445,96.92805555555556,96.105625,0.046170592308044434,0.08142025934021918,0.9389996194580489,11.246098421216296,11.870881666839423,4.0
41.5,-119.5,7.5504679679870605,0.24063308537006378,6.800000000000001,6.800000000000001,6.800000000000001,7.1000000000000005,6.800000000000001,7.300000000000001,7.4,7.5,7.6000000000000005,7.433333333333334,6.1000000000000005,6.0,6.0,6.2,6.016666666666667,3.88,2.1,1.1300000000000001,0.68,1.9116666666666666,31.8,31.900000000000002,39.1,41.900000000000006,35.483333333333334,2.6,2.9000000000000004,3.1,3.1,2.95,123.4610019860316,0.44699999690055847,96.49555555555555,99.99236111111111,99.01722222222222,0.04011083021759987,0.042997981654553874,1.7297361411069323,12.499479789495506,12.499479789495506,0.0
41.5,-118.5,9.456877708435059,0.22565588355064392,7.0,7.1000000000000005,7.1000000000000005,7.300000000000001,7.083333333333334,7.2,7.2,7.300000000000001,7.300000000000001,7.25,5.800000000000001,5.800000000000001,5.9,5.9,5.85,2.33,1.41,0.97,0.71,1.3433333333333333,22.1,23.400000000000002,26.1,28.1,24.53333333333333,2.7,2.8000000000000003,3.1,3.2,2.9333333333333336,113.48102182206964,0.43700000643730164,91.93659722222222,95.78006944444445,95.61055555555555,0.08495675027370453,0.051069430126838074,1.7297361411069323,21.264706814640824,27.998526070237265,3.0
41.5,-117.5,8.235950469970703,0.22011813521385193,7.300000000000001,7.5,7.6000000000000005,8.1,7.5166666666666675,6.9,6.9,7.0,7.1000000000000005,6.949999999999999,6.1000000000000005,6.1000000000000005,6.1000000000000005,6.1000000000000005,6.1,1.28,0.92,0.78,0.47000000000000003,0.91,22.900000000000002,25.6,31.5,31.6,28.1,2.8000000000000003,3.0,3.1,3.1,3.0166666666666666,135.28119096807762,0.43700000643730164,98.10416666666667,99.63694444444444,99.46722222222222,0.050534870475530624,0.08204274164112654,1.7297361411069323,22.542080772621453,28.750433508753744,7.0
41.5,-116.5,7.599549770355225,0.22114652395248413,7.0,7.4,7.6000000000000005,7.9,7.433333333333334,7.5,7.5,7.7,7.800000000000001,7.6,6.7,6.6000000000000005,6.5,6.5,6.566666666666666,1.58,0.9,0.76,0.49,0.9433333333333335,21.6,23.3,26.3,25.900000000000002,24.516666666666666,2.2,2.6,2.7,2.8000000000000003,2.5833333333333335,145.17523552072444,0.43700000643730164,97.7382638888889,99.63993055555555,99.12604166666667,0.0340951643884182,0.06622262361199194,1.7297361411069323,23.71875349576043,27.173482910096755,9.0
41.5,-115.5,5.534759044647217,0.2233453094959259,6.9,7.0,7.0,7.1000000000000005,6.983333333333333,6.4,6.4,6.6000000000000005,6.7,6.5,6.300000000000001,6.2,6.2,6.300000000000001,6.216666666666667,3.72,3.0100000000000002,2.04,1.04,2.6433333333333335,25.700000000000003,24.200000000000003,25.1,26.200000000000003,24.9,2.6,2.5,2.5,2.4000000000000004,2.5166666666666666,148.2109768552153,0.43700000643730164,95.52041666666666,98.27895833333334,98.0375,0.010980797931551933,0.11458374373412314,1.7297361411069323,21.880593154429267,27.173047698517856,10.0
41.5,-114.5,6.714560031890869,0.224040225148201,5.800000000000001,5.9,5.9,5.9,5.883333333333333,7.1000000000000005,7.1000000000000005,7.2,7.4,7.15,6.2,6.2,6.2,6.2,6.199999999999999,7.98,3.85,2.45,1.69,3.8383333333333334,32.2,24.3,22.1,19.3,24.516666666666666,2.4000000000000004,2.6,2.5,2.5,2.5166666666666666,124.1200935491748,0.43700000643730164,96.16965277777778,99.09881944444444,98.859375,0.013068757019937038,0.05609088969483695,1.7297361411069323,8.725524871442824,8.127817806899342,4.0
41.5,-113.5,8.910096168518066,0.22393570840358734,7.5,7.6000000000000005,7.7,8.0,7.633333333333333,8.1,8.1,8.1,8.3,8.100000000000001,6.9,6.9,7.0,7.1000000000000005,6.949999999999999,2.77,2.29,1.5,0.8,1.975,20.700000000000003,21.3,20.700000000000003,18.400000000000002,20.9,1.7000000000000002,2.0,2.1,2.2,2.0,79.62139542984954,0.43700000643730164,95.63237715573273,98.67657509316231,98.70465378282347,0.04948105663061142,0.0512555669911884,1.7297361411069323,0.0,0.0,4.0
41.5,-112.5,9.500441551208496,0.23221620917320251,7.9,8.1,8.200000000000001,8.4,8.116666666666667,7.6000000000000005,7.6000000000000005,7.7,7.7,7.65,6.300000000000001,6.2,6.2,6.300000000000001,6.216666666666667,1.27,1.08,0.78,0.55,0.9616666666666668,18.0,18.6,18.900000000000002,18.3,18.65,2.4000000000000004,2.4000000000000004,2.4000000000000004,2.5,2.4000000000000004,104.0455426962579,0.41200000047683716,95.52084937836946,97.93552646055672,99.14049950489603,0.0436490923166275,0.0773401136746816,1.7297361411069323,0.0,0.0,13.0
41.5,-111.5,3.7684106826782227,0.2406919002532959,7.2,7.300000000000001,7.300000000000001,7.7,7.283333333333333,6.1000000000000005,6.1000000000000005,6.2,6.300000000000001,6.15,5.2,5.300000000000001,5.4,5.4,5.333333333333334,4.13,2.04,1.21,0.81,1.9733333333333334,22.3,20.3,20.200000000000003,19.0,20.583333333333336,2.9000000000000004,3.1,2.7,2.5,2.8666666666666667,233.52106709898442,0.44699999690055847,92.0842573628081,93.5680485910022,93.9128469524684,0.018665935844182968,0.20246940157044538,1.7297361411069323,19.498092561483524,13.930024104888368,27.0
41.5,-110.5,4.8375563621521,0.23339244723320007,7.6000000000000005,7.7,7.9,8.0,7.783333333333333,7.5,7.6000000000000005,7.800000000000001,8.0,7.683333333333334,7.1000000000000005,7.0,7.1000000000000005,7.1000000000000005,7.066666666666666,3.88,3.1,1.44,0.73,2.4000000000000004,18.8,17.6,16.900000000000002,14.8,17.450000000000003,1.8,1.9000000000000001,1.9000000000000001,1.9000000000000001,1.8833333333333333,142.69135326039427,0.43700000643730164,93.17555555555556,98.30319444444444,98.06034722222222,0.005678798072040081,0.04844593404972539,1.7297361411069323,3.7513005262612347,3.7513005262612347,9.0
41.5,-109.5,5.2645649909973145,0.22306384146213531,8.200000000000001,8.3,8.4,8.5,8.333333333333332,8.0,8.0,8.0,8.200000000000001,8.0,7.2,7.2,7.2,7.4,7.199999999999999,0.78,0.68,0.49,0.34,0.6016666666666667,21.6,23.3,24.3,24.1,23.516666666666666,1.4000000000000001,1.6,1.9000000000000001,1.9000000000000001,1.7166666666666668,95.52167617559712,0.41200000047683716,90.15805555555555,98.52583333333334,98.44680555555556,0.024479234591126442,0.02599522684540787,1.7297361411069323,0.0,0.0,1.0
41.5,-108.5,5.111115455627441,0.21741166710853577,7.9,8.0,8.1,8.200000000000001,8.033333333333333,8.0,8.0,8.0,8.200000000000001,8.0,7.4,7.300000000000001,7.300000000000001,7.300000000000001,7.316666666666666,0.84,0.71,0.53,0.39,0.6416666666666667,13.100000000000001,14.0,15.5,16.1,14.6,1.6,1.9000000000000001,1.9000000000000001,1.9000000000000001,1.85,90.46020396236514,0.41200000047683716,90.0,99.0,99.0,0.01186765730381012,0.02876466770060219,1.7297361411069323,0.0,0.0,0.0
41.5,-107.5,4.893272399902344,0.22270670533180237,7.800000000000001,7.9,8.0,8.1,7.933333333333334,7.4,7.4,7.6000000000000005,7.800000000000001,7.5,7.2,7.2,7.2,7.300000000000001,7.199999999999999,0.97,0.79,0.75,0.58,0.8,13.3,14.700000000000001,15.9,15.4,15.066666666666666,1.8,2.0,1.9000000000000001,2.1,1.9166666666666665,159.43521775862604,0.41200000047683716,89.52638888888889,96.14548611111111,96.73333333333333,0.01262169424444437,0.09318306786952371,1.7297361411069323,17.797002855685143,16.81757901302087,4.0
41.5,-106.5,3.184793710708618,0.22615700960159302,7.5,7.6000000000000005,7.800000000000001,8.0,7.683333333333334,7.2,7.1000000000000005,7.2,7.4,7.166666666666666,6.9,6.9,6.9,6.9,6.9,1.69,1.2,0.85,0.52,1.1066666666666667,15.3,17.6,18.400000000000002,18.400000000000002,17.616666666666667,2.1,2.3000000000000003,2.4000000000000004,2.3000000000000003,2.316666666666667,280.38244904519627,0.41200000047683716,83.66031945316314,88.99407128409011,90.99525702727209,0.01112388726323843,0.16210514314283428,1.7297361411069323,13.581933580098696,12.547986172719813,7.0
41.5,-105.5,4.722095012664795,0.22572240233421326,7.2,7.4,7.6000000000000005,7.9,7.466666666666667,7.2,7.2,7.4,7.6000000000000005,7.3,7.2,7.1000000000000005,7.1000000000000005,7.2,7.116666666666667,2.16,1.81,0.97,0.96,1.4483333333333333,14.200000000000001,15.0,16.1,15.5,15.416666666666668,2.0,2.4000000000000004,2.4000000000000004,2.5,2.3333333333333335,217.7261035290399,0.43700000643730164,91.27027777777778,96.33166666666666,96.96736111111112,0.02405957505106926,0.05992811977331131,1.7297361411069323,13.593954436709362,15.223428661419147,6.0
41.5,-104.5,8.142912864685059,0.22051331400871277,7.0,7.2,7.4,7.9,7.266666666666667,7.1000000000000005,7.1000000000000005,7.4,7.5,7.25,6.800000000000001,6.7,6.800000000000001,7.0,6.7666666666666675,1.5,1.1300000000000001,0.89,0.54,1.0716666666666668,17.8,17.900000000000002,18.7,18.1,18.28333333333333,1.7000000000000002,1.9000000000000001,2.1,2.1,1.9666666666666668,256.5151598421361,0.43700000643730164,95.14833333333333,98.12319444444445,97.80840277777777,0.03752976655960083,0.06511060790186646,1.7297361411069323,11.930728688015453,9.178324810165927,11.0
41.5,-103.5,8.936081886291504,0.21274928748607635,7.2,7.300000000000001,7.4,7.800000000000001,7.333333333333333,7.300000000000001,7.300000000000001,7.6000000000000005,7.800000000000001,7.449999999999999,6.6000000000000005,6.6000000000000005,6.6000000000000005,6.9,6.6000000000000005,2.04,1.43,0.89,0.62,1.2616666666666667,17.2,17.1,18.1,18.1,17.616666666666667,1.8,2.0,2.0,2.0,1.9666666666666666,284.89135450786557,0.43700000643730164,97.91826388888889,99.54243055555555,98.44645833333334,0.04801386594772339,0.04968615609575172,1.1613942661717973,14.191248531479363,13.898646952100254,25.0
41.5,-102.5,9.315534591674805,0.19876307249069214,7.5,7.6000000000000005,7.800000000000001,7.9,7.683333333333334,7.1000000000000005,7.2,7.4,7.5,7.283333333333333,6.2,6.1000000000000005,6.2,6.4,6.166666666666666,1.95,1.03,0.8,0.43,1.0683333333333334,18.0,17.2,16.900000000000002,16.6,17.183333333333337,1.6,1.7000000000000002,1.6,1.7000000000000002,1.6333333333333333,285.6526332786068,0.43700000643730164,96.73273106323836,99.12168172341904,98.2036831132731,0.07699233293533325,0.049968820367240624,1.1613942661717973,10.83725678999648,10.832317247596603,23.0
41.5,-101.5,9.122089385986328,0.1860588937997818,7.2,7.300000000000001,7.5,7.800000000000001,7.383333333333333,7.0,7.0,7.2,7.2,7.1,6.1000000000000005,6.0,6.0,6.2,6.016666666666667,3.35,1.8800000000000001,1.19,0.71,1.78,18.1,14.4,12.200000000000001,10.100000000000001,13.916666666666668,1.5,1.7000000000000002,1.6,1.7000000000000002,1.6166666666666667,296.19868227347155,0.38600000739097595,95.51600252118496,98.51032985503187,98.0018908887177,0.05541511997580528,0.07731737178736282,1.1613942661717973,2.930000066757202,3.0999999046325684,21.0
41.5,-100.5,8.97666072845459,0.19639959931373596,6.6000000000000005,6.6000000000000005,6.800000000000001,7.300000000000001,6.700000000000001,6.4,6.4,6.4,6.7,6.4,6.4,6.4,6.4,6.5,6.4,3.43,1.8800000000000001,1.12,0.67,1.7583333333333333,12.9,11.100000000000001,10.0,10.0,10.85,1.0,1.1,0.9,0.9,0.9833333333333334,321.7216239087181,0.38600000739097595,93.89166666666667,97.07638888888889,97.63055555555556,0.018408378586173058,0.09043021731126272,1.1613942661717973,2.930000066757202,3.0999999046325684,26.0
41.5,-99.5,9.38171672821045,0.2169676125049591,6.2,6.300000000000001,6.4,6.800000000000001,6.333333333333334,6.7,6.7,6.800000000000001,6.9,6.75,6.1000000000000005,6.0,6.1000000000000005,6.2,6.066666666666666,2.09,1.08,0.54,0.38,0.9783333333333334,12.4,11.0,10.9,10.9,11.183333333333334,1.9000000000000001,1.7000000000000002,1.8,1.8,1.7833333333333332,381.5520914747872,0.43700000643730164,90.62833333333333,94.35694444444445,96.54277777777777,0.02261858806014061,0.14076722271027675,1.1613942661717973,17.600000381469727,17.600000381469727,39.0
41.5,-98.5,9.290557861328125,0.2315816581249237,6.7,6.800000000000001,6.9,6.9,6.833333333333334,6.300000000000001,6.300000000000001,6.5,6.7,6.4,6.0,6.0,6.1000000000000005,6.2,6.050000000000001,2.44,1.49,0.89,0.6,1.3483333333333334,18.7,18.2,17.7,17.5,18.03333333333333,1.9000000000000001,1.5,1.4000000000000001,1.5,1.5166666666666666,379.3109773465734,0.43700000643730164,90.59625,94.12520833333333,96.28319444444445,0.021989107131958008,0.2192007246452723,1.1613942661717973,10.029528938365635,10.072043637118048,60.0
41.5,-97.5,9.824555397033691,0.253058522939682,6.1000000000000005,6.2,6.300000000000001,6.6000000000000005,6.233333333333333,6.1000000000000005,6.1000000000000005,6.2,6.300000000000001,6.15,5.6000000000000005,5.6000000000000005,5.6000000000000005,5.7,5.6,2.97,1.62,1.07,0.74,1.5700000000000003,22.8,22.1,22.200000000000003,22.3,22.266666666666666,2.4000000000000004,2.4000000000000004,2.3000000000000003,2.4000000000000004,2.3500000000000005,346.9889613229729,0.43700000643730164,90.55875,93.140625,94.99875,0.024454643949866295,0.26411292918554646,1.1613942661717973,9.184313710659975,8.089693674063842,84.0
41.5,-96.5,9.931023597717285,0.26903361082077026,6.300000000000001,6.300000000000001,6.4,6.7,6.3500000000000005,6.4,6.4,6.4,6.6000000000000005,6.4,5.1000000000000005,5.2,5.2,5.2,5.183333333333334,3.7600000000000002,2.05,1.44,0.81,2.0300000000000002,24.5,24.6,25.200000000000003,24.8,24.883333333333333,2.6,2.5,2.4000000000000004,2.4000000000000004,2.466666666666667,350.0551201274982,0.44699999690055847,89.03944444444444,89.45875,90.2773611111111,0.034460458904504776,0.21758392914886748,1.1613942661717973,27.56226157018544,23.32296282604387,80.0
41.5,-95.5,9.573123931884766,0.2776252031326294,6.6000000000000005,6.7,6.800000000000001,7.1000000000000005,6.733333333333334,6.5,6.4,6.4,6.5,6.416666666666667,5.4,5.4,5.4,5.300000000000001,5.4,3.11,1.87,1.25,0.6900000000000001,1.7666666666666666,23.1,22.400000000000002,23.1,23.200000000000003,22.866666666666667,2.9000000000000004,2.9000000000000004,2.8000000000000003,2.8000000000000003,2.85,358.00923380092263,0.43700000643730164,89.97770833333334,91.06131944444445,92.50104166666667,0.03227477893233299,0.20340640331218698,1.0131311683626316,22.46745425782092,21.254883457409896,87.0
41.5,-94.5,9.348600387573242,0.2837933301925659,6.4,6.4,6.4,6.4,6.4,6.300000000000001,6.300000000000001,6.2,6.2,6.25,5.2,5.1000000000000005,5.0,5.0,5.066666666666666,3.29,2.15,1.17,0.7000000000000001,1.85,24.3,22.8,22.6,23.0,22.95,5.5,3.1,3.0,3.0,3.4499999999999997,416.5823259146849,0.43700000643730164,89.63395833333334,90.47270833333333,92.80159722222223,0.028159141540527344,0.22687208490678212,1.0131311683626316,31.5,26.610000610351562,82.0
41.5,-93.5,9.833416938781738,0.2874775528907776,6.6000000000000005,6.6000000000000005,6.6000000000000005,6.7,6.6000000000000005,6.5,6.5,6.5,6.5,6.5,5.7,5.6000000000000005,5.6000000000000005,5.6000000000000005,5.616666666666667,2.05,2.15,1.36,0.8200000000000001,1.7383333333333333,23.5,23.5,22.3,20.400000000000002,22.9,5.0,2.7,2.6,2.7,3.033333333333333,443.6061546307414,0.43700000643730164,88.255625,89.12701388888888,91.56270833333333,0.030780836939811707,0.27003345985446653,1.0131311683626316,28.94911545134135,23.89405887669762,77.0
41.5,-92.5,9.59070110321045,0.28962573409080505,6.300000000000001,6.300000000000001,6.2,6.2,6.25,6.300000000000001,6.2,6.1000000000000005,5.9,6.166666666666666,5.4,5.2,5.2,5.1000000000000005,5.233333333333333,5.2700000000000005,2.14,1.25,0.61,2.216666666666667,22.6,20.900000000000002,20.6,21.700000000000003,21.033333333333335,2.9000000000000004,2.8000000000000003,2.8000000000000003,2.9000000000000004,2.816666666666667,452.0186636300998,0.44699999690055847,85.62076388888889,85.81159722222222,87.859375,0.02377954125404358,0.28855179675534237,1.0131311683626316,21.601664578478466,22.321938346023884,81.0
41.5,-91.5,9.968171119689941,0.2922340929508209,6.300000000000001,6.300000000000001,6.2,6.1000000000000005,6.25,6.300000000000001,6.2,6.1000000000000005,6.1000000000000005,6.166666666666666,5.2,5.0,4.9,4.9,4.983333333333333,3.0700000000000003,1.9100000000000001,1.51,0.99,1.9033333333333333,22.0,21.1,20.6,20.900000000000002,21.0,2.6,2.4000000000000004,2.3000000000000003,2.3000000000000003,2.3833333333333337,450.5787866824917,0.44699999690055847,84.93715277777778,85.72694444444444,87.47395833333333,0.030876748263835907,0.3078254707918933,1.0131311683626316,18.02542445724124,18.72819223198451,79.0
41.5,-90.5,9.847208023071289,0.29910942912101746,6.300000000000001,6.300000000000001,6.1000000000000005,5.9,6.200000000000001,6.300000000000001,6.300000000000001,6.1000000000000005,6.1000000000000005,6.200000000000001,5.300000000000001,5.300000000000001,5.2,5.1000000000000005,5.25,3.45,1.8800000000000001,1.1500000000000001,1.26,1.7766666666666668,22.0,20.900000000000002,21.0,21.1,21.133333333333333,2.6,2.6,2.6,2.5,2.6,438.0325784149899,0.44699999690055847,86.48402777777778,88.25555555555556,89.46180555555556,0.028464393690228462,0.3093647665023195,1.0131311683626316,17.67296572198869,17.880790834315142,77.0
41.5,-89.5,9.339262962341309,0.3024664521217346,6.1000000000000005,6.1000000000000005,6.1000000000000005,6.2,6.1,6.6000000000000005,6.5,6.4,6.4,6.466666666666667,5.5,5.5,5.5,5.4,5.5,3.49,2.17,1.36,0.9,1.9850000000000003,21.700000000000003,20.900000000000002,21.400000000000002,22.3,21.283333333333335,3.0,2.8000000000000003,2.8000000000000003,2.8000000000000003,2.8333333333333335,454.9066042422476,0.44699999690055847,86.9575,88.57277777777777,90.57222222222222,0.021852141246199608,0.31526084196661414,1.0131311683626316,18.032488519036818,18.680339699208172,80.0
41.5,-88.5,9.618965148925781,0.30135810375213623,6.2,6.2,6.1000000000000005,6.0,6.15,6.300000000000001,6.300000000000001,6.1000000000000005,6.1000000000000005,6.200000000000001,5.300000000000001,5.1000000000000005,5.1000000000000005,5.1000000000000005,5.133333333333333,3.68,2.68,2.21,1.1400000000000001,2.611666666666667,25.0,23.8,22.3,21.6,23.25,2.4000000000000004,2.1,1.8,1.9000000000000001,2.0,428.5812368930717,0.44699999690055847,88.06715277777778,90.13430555555556,91.86569444444444,0.02263442426919937,0.36343111512783527,1.0131311683626316,21.500815473261127,21.157713943456464,73.0
41.5,-87.5,9.776108741760254,0.29034537076950073,6.300000000000001,6.4,6.300000000000001,6.4,6.333333333333334,6.6000000000000005,6.6000000000000005,6.6000000000000005,6.6000000000000005,6.6000000000000005,5.4,5.4,5.300000000000001,5.2,5.3500000000000005,0.0,0.0,0.0,0.0,2.9850000000000003,24.6,22.8,21.8,20.700000000000003,22.6,3.0,2.6,2.5,2.5,2.6166666666666667,304.3903603291114,0.44699999690055847,88.21680413305538,90.47203843016405,91.47040696093538,0.08044397830963135,0.3949274228181897,1.0131311683626316,17.37261932017325,16.955192461323872,45.0
41.5,-86.5,9.711559295654297,0.27878469228744507,6.1000000000000005,6.1000000000000005,6.1000000000000005,6.2,6.1,6.2,6.1000000000000005,6.1000000000000005,6.1000000000000005,6.116666666666667,4.9,4.800000000000001,4.800000000000001,4.7,4.816666666666667,0.0,0.0,0.0,0.0,3.0300000000000002,23.3,20.200000000000003,18.6,16.5,19.916666666666668,2.5,2.0,1.7000000000000002,1.6,1.9333333333333333,489.57722382139804,0.4189999997615814,85.36582937662736,86.6878541890029,87.17253790779598,0.08122852444648743,0.3964655295251449,1.0131311683626316,9.046455138982763,7.854330562366606,67.0
41.5,-85.5,9.225746154785156,0.28806108236312866,5.9,6.0,6.0,6.0,5.983333333333333,6.300000000000001,6.300000000000001,6.300000000000001,6.300000000000001,6.300000000000001,5.6000000000000005,5.5,5.5,5.5,5.516666666666667,5.42,4.19,3.89,4.33,4.245,20.200000000000003,16.6,17.5,14.100000000000001,17.65,2.7,2.3000000000000003,2.4000000000000004,2.2,2.416666666666667,552.0997122317902,0.44699999690055847,81.55444444444444,81.32875,82.17909722222223,0.020202239975333214,0.3910408913106178,1.0131311683626316,8.349219708043774,8.349219708043774,79.0
41.5,-84.5,9.201310157775879,0.2924889028072357,6.5,6.4,6.4,6.6000000000000005,6.416666666666667,6.5,6.4,6.4,6.4,6.416666666666667,5.2,5.2,5.2,5.2,5.2,4.93,2.68,1.03,0.75,2.2300000000000004,18.5,18.8,19.3,17.6,19.0,2.9000000000000004,2.7,2.2,2.2,2.4833333333333334,532.1609314911934,0.44699999690055847,82.0,81.14333333333333,81.36895833333334,0.03052377700805664,0.3538367533936971,1.0131311683626316,19.027029362054865,18.764498730306734,85.0
41.5,-83.5,9.78736400604248,0.29102447628974915,6.6000000000000005,6.6000000000000005,6.7,7.2,6.65,6.5,6.5,6.5,6.5,6.5,5.800000000000001,5.800000000000001,5.7,5.7,5.75,3.5300000000000002,3.0500000000000003,1.76,0.99,2.4850000000000003,24.200000000000003,23.6,21.8,18.900000000000002,22.799999999999997,2.3000000000000003,1.9000000000000001,1.6,1.5,1.8166666666666667,412.11048311336185,0.44699999690055847,82.0,80.91992459634456,81.38349315629867,0.024818867444992065,0.3441960255649406,1.0131311683626316,23.100000381469727,23.100000381469727,68.0
41.5,-82.5,10.127827644348145,0.2839067280292511,6.2,6.2,6.2,6.5,6.199999999999999,6.2,6.2,6.2,6.2,6.199999999999999,5.300000000000001,5.300000000000001,5.2,5.2,5.25,0.0,0.0,0.0,0.0,2.8400000000000003,24.0,19.1,17.6,15.9,19.166666666666668,2.8000000000000003,2.2,1.7000000000000002,1.6,2.05,245.35153796065111,0.44699999690055847,79.36560311284046,78.79937743190662,79.99626459143968,0.028203057125210762,0.26686677755244065,1.0131311683626316,15.899999618530273,15.899999618530273,34.0
41.5,-81.5,9.804512977600098,0.28424182534217834,6.0,6.1000000000000005,6.1000000000000005,6.300000000000001,6.083333333333334,6.2,6.1000000000000005,6.1000000000000005,6.1000000000000005,6.116666666666667,5.2,5.300000000000001,5.2,5.2,5.233333333333333,0.0,0.0,0.0,0.0,2.785,23.200000000000003,19.8,18.2,16.5,19.566666666666666,3.1,2.4000000000000004,2.0,1.9000000000000001,2.3166666666666664,306.3441880687545,0.44699999690055847,76.7422028353326,74.87110141766631,77.0,0.030056031420826912,0.41976614148086416,1.0131311683626316,11.898126860846391,11.898126860846391,27.0
41.5,-80.5,8.825274467468262,0.29521119594573975,5.300000000000001,5.4,5.4,5.7,5.383333333333334,5.9,5.800000000000001,5.9,5.800000000000001,5.866666666666667,4.9,5.0,5.0,5.0,4.983333333333333,9.58,3.59,1.59,0.61,3.5883333333333334,24.0,17.2,15.8,13.4,17.633333333333333,3.6,2.5,1.8,1.7000000000000002,2.3333333333333335,580.6505981327072,0.43700000643730164,60.920956151928436,61.581903504912745,65.76528816542015,0.023679524660110474,0.5627489675778122,0.6671839401412454,6.250658694837502,6.20314256494668,36.0
41.5,-79.5,8.266919136047363,0.30384349822998047,5.300000000000001,5.300000000000001,5.300000000000001,5.300000000000001,5.300000000000001,5.300000000000001,5.300000000000001,5.300000000000001,5.4,5.300000000000001,4.4,4.6000000000000005,4.6000000000000005,4.5,4.566666666666666,9.41,3.4,1.78,1.3,3.591666666666667,31.3,17.3,14.3,11.600000000000001,18.133333333333333,4.800000000000001,2.9000000000000004,1.8,1.5,2.6666666666666665,605.1012268182066,0.43700000643730164,40.28458333333333,41.45777777777778,47.1425,0.02034480683505535,0.5861202256294802,0.6671839401412454,1.7506069122552428,1.7506069122552428,17.0
41.5,-78.5,7.420619487762451,0.30884069204330444,4.3,4.4,4.6000000000000005,4.800000000000001,4.483333333333333,4.3,4.3,4.4,4.800000000000001,4.35,3.2,3.3000000000000003,3.3000000000000003,3.8000000000000003,3.283333333333333,17.41,6.53,2.75,1.68,6.453333333333333,45.6,17.5,15.100000000000001,11.3,20.983333333333334,5.7,3.7,2.1,2.0,3.2333333333333334,603.9674456544686,0.4189999997615814,36.949305555555554,38.82875,45.96652777777778,0.013853172771632671,0.5796274692559888,0.6671839401412454,0.0,0.0,7.0
41.5,-77.5,7.730161190032959,0.30552932620048523,4.6000000000000005,4.6000000000000005,4.7,4.9,4.65,4.3,4.1000000000000005,4.3,4.6000000000000005,4.233333333333333,3.3000000000000003,3.3000000000000003,3.4000000000000004,3.8000000000000003,3.3500000000000005,15.040000000000001,5.38,1.79,1.08,5.195,50.0,19.6,16.900000000000002,10.200000000000001,23.31666666666667,5.300000000000001,4.0,2.4000000000000004,2.0,3.416666666666667,632.0257814634374,0.43700000643730164,39.774861111111115,41.914027777777775,48.82208333333333,0.017987243831157684,0.49878444497365754,0.6671839401412454,0.0,0.0,11.0
41.5,-76.5,7.5112385749816895,0.3043833374977112,5.7,5.7,5.800000000000001,5.800000000000001,5.75,4.6000000000000005,4.6000000000000005,4.6000000000000005,5.0,4.6,3.6,3.6,3.8000000000000003,3.9000000000000004,3.7,5.58,3.2600000000000002,1.59,0.92,2.8116666666666665,28.0,15.0,13.700000000000001,12.9,16.51666666666667,4.800000000000001,3.3000000000000003,2.1,1.9000000000000001,2.95,670.1508304659301,0.43700000643730164,43.016041666666666,45.42201388888889,51.7,0.025477053597569466,0.5445334428027475,0.6671839401412454,0.0,0.0,26.0
41.5,-75.5,7.594822406768799,0.2987183630466461,4.3,4.4,4.5,4.800000000000001,4.433333333333334,5.0,5.0,5.1000000000000005,5.2,5.050000000000001,3.7,3.8000000000000003,3.9000000000000004,4.0,3.8333333333333335,22.62,7.09,2.64,1.05,7.453333333333334,45.900000000000006,19.0,15.100000000000001,10.200000000000001,21.53333333333333,4.800000000000001,2.5,1.7000000000000002,1.5,2.4833333333333334,650.2570510990789,0.43700000643730164,42.83902777777778,45.518819444444446,51.886875,0.02093897946178913,0.6808600634367644,0.6671839401412454,0.0,1.5494624014781775,14.0
41.5,-74.5,8.971126556396484,0.28076276183128357,4.6000000000000005,4.800000000000001,4.9,5.1000000000000005,4.816666666666666,4.4,4.4,4.5,4.800000000000001,4.449999999999999,3.6,3.6,3.8000000000000003,4.0,3.7,21.48,5.15,2.5100000000000002,1.35,6.551666666666667,45.2,20.200000000000003,16.5,10.0,22.516666666666666,4.3,2.8000000000000003,1.7000000000000002,1.2000000000000002,2.5,753.5501303120645,0.4189999997615814,38.803333333333335,40.633472222222224,47.791805555555555,0.009582492522895336,0.7385957017571236,0.6671839401412454,0.0,0.0,10.0
41.5,-73.5,9.411356925964355,0.2441953420639038,5.2,5.300000000000001,5.4,5.5,5.333333333333334,5.5,5.5,5.5,5.5,5.5,4.2,4.3,4.5,4.5,4.383333333333333,14.59,4.08,1.08,0.35000000000000003,4.331666666666667,38.5,13.3,9.600000000000001,6.300000000000001,15.650000000000002,4.1000000000000005,2.3000000000000003,1.6,1.3,2.25,768.8010817537245,0.38600000739097595,39.94894486044929,40.99243627562212,44.22305423190379,0.007962512783706188,0.7335191767325316,0.6671839401412454,0.0,0.0,7.0
41.5,-72.5,9.751335144042969,0.21405169367790222,4.5,4.800000000000001,5.0,5.2,4.85,5.1000000000000005,5.1000000000000005,5.2,5.300000000000001,5.15,4.4,4.2,4.3,4.4,4.283333333333333,24.150000000000002,5.0600000000000005,1.6500000000000001,0.71,6.536666666666667,49.6,15.200000000000001,11.100000000000001,7.2,18.883333333333333,4.3,2.9000000000000004,1.5,1.1,2.4333333333333336,658.6468428317468,0.38600000739097595,29.124195804195804,29.155244755244755,29.403636363636362,0.0022329045459628105,0.7579633247143914,0.6671839401412454,0.0,0.0,6.0
41.5,-71.5,9.860112190246582,0.1981021761894226,4.6000000000000005,4.7,4.800000000000001,5.0,4.733333333333333,5.0,5.0,5.1000000000000005,5.300000000000001,5.050000000000001,3.9000000000000004,4.1000000000000005,4.3,4.3,4.166666666666666,29.55,8.38,3.71,1.83,9.573333333333334,49.7,20.200000000000003,13.5,11.100000000000001,21.766666666666666,3.6,2.2,1.6,1.0,2.1333333333333333,520.4504191292134,0.38600000739097595,27.86281679485563,27.0922960534611,28.318749211953094,0.0013629719614982605,0.5637299624235002,0.6671839401412454,0.0,0.0,6.0
42.5,-123.5,11.603693962097168,0.2697301208972931,5.300000000000001,5.300000000000001,5.300000000000001,5.300000000000001,5.300000000000001,5.7,5.6000000000000005,5.6000000000000005,5.7,5.616666666666667,4.4,4.3,4.3,4.3,4.316666666666666,10.08,3.7800000000000002,2.32,1.22,4.1000000000000005,38.2,30.5,24.200000000000003,23.8,28.633333333333333,3.0,3.1,2.3000000000000003,2.1,2.6833333333333336,867.3878287949321,0.44699999690055847,52.41388888888889,49.11375,48.697916666666664,0.02293521724641323,0.7003079424980553,0.9389996194580489,0.0,0.0,2.0
42.5,-122.5,9.356085777282715,0.2640168070793152,6.2,6.2,6.2,6.2,6.199999999999999,6.0,6.0,5.9,6.0,5.95,5.0,4.800000000000001,4.7,4.7,4.783333333333333,10.96,3.11,1.51,0.88,3.618333333333333,30.8,23.8,20.900000000000002,20.200000000000003,23.516666666666666,6.1000000000000005,3.9000000000000004,3.0,2.9000000000000004,3.8166666666666664,673.2428234577071,0.43700000643730164,54.16713681241185,51.35070521861777,51.87355430183357,0.052015695720911026,0.4127040772281193,0.9389996194580489,0.0,0.0,4.0
42.5,-121.5,6.606845378875732,0.24702779948711395,6.2,6.2,6.300000000000001,6.6000000000000005,6.25,5.9,5.9,6.1000000000000005,6.2,6.0,4.800000000000001,4.800000000000001,4.7,4.9,4.75,7.04,4.33,8.790000000000001,10.34,7.011666666666667,23.400000000000002,20.1,19.6,19.5,20.4,2.6,2.7,2.2,2.2,2.4333333333333336,439.4779874642921,0.4189999997615814,88.26169819371356,90.7917792632627,92.50391125017778,0.054126858711242676,0.11530121488697798,0.9389996194580489,7.665505109907237,7.673301595582295,8.0
42.5,-120.5,6.754949569702148,0.24689088761806488,6.2,6.300000000000001,6.2,6.300000000000001,6.233333333333333,7.2,7.2,7.2,7.4,7.199999999999999,5.9,5.800000000000001,5.800000000000001,6.0,5.816666666666666,13.05,3.44,1.84,1.1,4.241666666666667,27.900000000000002,23.5,20.5,20.1,22.733333333333334,2.2,2.5,2.7,2.8000000000000003,2.55,291.1386965814451,0.43700000643730164,89.02489336410041,90.83973148730858,92.44171736242221,0.03492710739374161,0.10939922595461173,0.9389996194580489,19.4980640493379,21.35702224844458,3.0
42.5,-119.5,7.527108669281006,0.2432178556919098,7.4,7.5,7.7,7.800000000000001,7.583333333333334,8.4,8.5,8.6,8.700000000000001,8.533333333333333,6.9,6.9,7.0,7.1000000000000005,6.949999999999999,1.9000000000000001,1.28,0.86,0.62,1.1733333333333333,21.5,21.400000000000002,22.3,23.700000000000003,21.866666666666667,2.1,2.4000000000000004,2.4000000000000004,2.6,2.35,129.37062380510883,0.43700000643730164,95.64888888888889,97.79618055555555,98.22055555555555,0.0338594987988472,0.03665384033292001,0.9389996194580489,18.34999990463257,24.34999990463257,1.0
42.5,-118.5,8.397492408752441,0.23500007390975952,7.300000000000001,7.5,7.6000000000000005,7.7,7.5166666666666675,6.4,6.2,6.300000000000001,6.5,6.283333333333333,5.2,5.2,5.2,5.4,5.2,2.15,1.61,0.88,0.64,1.335,21.700000000000003,24.6,26.400000000000002,27.1,25.016666666666666,4.7,3.6,3.3000000000000003,3.2,3.6333333333333337,140.65238886505685,0.43700000643730164,96.10222222222222,99.39270833333333,99.22402777777778,0.02261289767920971,0.09599875989399395,0.9389996194580489,16.45846007739303,20.590971688689013,3.0
42.5,-117.5,8.548686027526855,0.22989243268966675,7.6000000000000005,7.800000000000001,7.800000000000001,7.9,7.7666666666666675,7.4,7.300000000000001,7.5,7.5,7.416666666666666,6.300000000000001,6.300000000000001,6.300000000000001,6.4,6.300000000000001,1.29,0.9400000000000001,0.63,0.49,0.8433333333333333,23.6,25.1,29.8,32.2,27.200000000000003,2.0,2.4000000000000004,2.5,2.7,2.3833333333333333,127.862734578355,0.43700000643730164,97.31501780353278,99.15750890176639,99.15750890176639,0.021484483033418655,0.04747639180694649,0.9389996194580489,21.75085181831818,24.967652404941255,3.0
42.5,-116.5,6.89534330368042,0.23128795623779297,6.7,6.9,7.1000000000000005,7.7,6.966666666666667,6.4,6.4,6.5,6.7,6.45,6.800000000000001,6.800000000000001,6.800000000000001,6.800000000000001,6.800000000000001,1.57,1.06,0.9,0.56,1.065,23.0,24.5,30.0,33.800000000000004,27.0,2.7,2.9000000000000004,2.8000000000000003,2.8000000000000003,2.816666666666667,149.1317937291103,0.43700000643730164,92.89131944444445,98.45604166666666,98.36909722222222,0.03753262758255005,0.08801713408911659,1.7297361411069323,19.89988170152197,26.167558977577634,4.0
42.5,-115.5,9.085140228271484,0.2297528088092804,8.200000000000001,8.3,8.3,8.200000000000001,8.283333333333333,7.6000000000000005,7.5,7.7,7.9,7.616666666666667,6.4,6.300000000000001,6.4,6.5,6.366666666666667,1.11,0.79,0.45,0.43,0.6733333333333333,22.400000000000002,23.400000000000002,25.400000000000002,25.3,24.233333333333334,2.1,2.0,2.2,2.2,2.1166666666666667,143.40708584087454,0.41200000047683716,95.46680555555555,98.40166666666667,98.42833333333333,0.005486900452524424,0.045483130566245006,1.7297361411069323,19.999999999999996,17.78422018722812,7.0
42.5,-114.5,9.034274101257324,0.2291673719882965,7.4,7.5,7.6000000000000005,8.1,7.533333333333333,7.6000000000000005,7.6000000000000005,7.7,7.800000000000001,7.65,6.5,6.300000000000001,6.4,6.6000000000000005,6.383333333333334,1.96,1.23,0.7000000000000001,0.5,1.0866666666666667,20.900000000000002,21.700000000000003,23.5,24.3,22.46666666666667,2.1,2.3000000000000003,2.3000000000000003,2.2,2.2666666666666666,213.23764631357128,0.44699999690055847,96.965,98.14847222222222,98.43118055555556,0.018529461696743965,0.13349439614912734,1.7297361411069323,13.445464363990602,11.271451984870145,34.0
42.5,-113.5,8.366463661193848,0.22743123769760132,7.0,7.1000000000000005,7.300000000000001,7.9,7.183333333333334,7.7,7.800000000000001,7.800000000000001,8.0,7.783333333333333,6.4,6.4,6.5,6.6000000000000005,6.45,1.58,0.86,0.61,0.4,0.855,23.6,24.5,25.8,27.200000000000003,25.0,2.3000000000000003,2.3000000000000003,2.2,2.3000000000000003,2.25,197.81869101297048,0.43700000643730164,97.46229118613266,98.2679108128888,98.88061787935976,0.05834117531776428,0.21286383358929506,1.7297361411069323,9.542514978698952,6.295133773257841,31.0
42.5,-112.5,6.106969833374023,0.22964897751808167,7.6000000000000005,7.7,7.9,8.0,7.783333333333333,7.1000000000000005,7.0,7.1000000000000005,7.300000000000001,7.066666666666666,6.0,6.0,5.9,5.9,5.95,2.04,1.31,0.81,0.54,1.1816666666666666,19.400000000000002,19.5,19.6,17.8,19.533333333333335,2.7,2.7,2.7,2.7,2.7,225.25941694566086,0.43700000643730164,89.56252226576416,93.41738510865693,93.66775917349483,0.0407884307205677,0.15371061121101898,1.7297361411069323,12.407467469450074,11.129751960791994,30.0
42.5,-111.5,3.7745673656463623,0.23289960622787476,6.6000000000000005,6.6000000000000005,6.7,7.1000000000000005,6.65,7.1000000000000005,7.2,7.4,7.5,7.283333333333333,6.5,6.6000000000000005,6.5,6.7,6.533333333333333,5.33,2.99,1.94,1.33,2.8550000000000004,28.5,25.200000000000003,22.6,20.900000000000002,24.450000000000003,2.5,2.7,2.5,2.5,2.5666666666666664,275.4463977573417,0.43700000643730164,85.53405528640639,88.53191792533485,88.81305215161015,0.0159632358700037,0.17435645895980842,1.7297361411069323,16.267177210264457,16.64454391418183,25.0
42.5,-110.5,1.0790107250213623,0.23156306147575378,6.800000000000001,6.800000000000001,6.9,7.0,6.85,5.800000000000001,5.800000000000001,5.800000000000001,6.0,5.800000000000001,5.300000000000001,5.2,5.2,5.300000000000001,5.216666666666667,16.78,4.07,2.63,1.81,5.468333333333334,30.400000000000002,24.200000000000003,22.400000000000002,20.700000000000003,24.333333333333336,2.6,3.0,2.5,2.4000000000000004,2.6833333333333336,229.94662920668594,0.43700000643730164,80.37333333333333,82.5729861111111,85.73986111111111,0.001061249990016222,0.21374225868015098,1.7297361411069323,17.57532587770385,17.57532587770385,11.0
42.5,-109.5,2.599323034286499,0.22573885321617126,7.300000000000001,7.300000000000001,7.4,7.5,7.35,7.0,7.1000000000000005,7.300000000000001,7.5,7.183333333333334,7.0,6.9,7.0,7.1000000000000005,6.966666666666667,3.19,2.19,1.47,1.29,1.9966666666666666,22.6,20.200000000000003,19.3,18.0,20.15,1.3,1.6,1.4000000000000001,1.4000000000000001,1.4500000000000002,148.29753931973184,0.41200000047683716,86.84138888888889,93.11597222222223,92.94680555555556,2.0400243272433727e-07,0.10624946630017901,1.7297361411069323,5.176821505877021,6.022118966917224,4.0
42.5,-108.5,4.447610378265381,0.2207483947277069,6.6000000000000005,6.800000000000001,6.800000000000001,7.0,6.7666666666666675,7.5,7.5,7.7,7.800000000000001,7.6,7.0,6.9,6.9,7.2,6.916666666666667,8.07,3.73,2.54,1.68,3.858333333333334,32.9,28.1,25.0,23.900000000000002,27.35,1.8,2.0,2.2,2.2,2.0666666666666664,144.3269211162264,0.41200000047683716,89.92368055555555,97.43826388888888,97.22555555555556,1.5131616237340495e-05,0.052456826686042894,1.7297361411069323,15.16446869382046,17.349049767254787,3.0
42.5,-107.5,6.045591831207275,0.2229715883731842,7.2,7.4,7.7,8.1,7.5166666666666675,7.300000000000001,7.300000000000001,7.5,7.7,7.3999999999999995,7.5,7.4,7.5,7.5,7.466666666666667,0.93,0.8200000000000001,0.58,0.4,0.7183333333333333,13.600000000000001,15.5,16.2,14.200000000000001,15.533333333333333,1.8,2.3000000000000003,2.3000000000000003,2.4000000000000004,2.216666666666667,135.50319414620594,0.41200000047683716,91.66208333333333,99.0,98.72298611111111,0.01613781973719597,0.0334700393878208,1.7297361411069323,16.7377012286748,10.9372195256095,1.0
42.5,-106.5,6.503686904907227,0.2267034500837326,7.2,7.5,7.6000000000000005,8.0,7.5,7.6000000000000005,7.7,7.800000000000001,8.0,7.733333333333333,7.300000000000001,7.2,7.2,7.4,7.216666666666667,1.75,1.3800000000000001,0.8,0.52,1.1516666666666668,13.5,15.3,16.0,15.600000000000001,15.35,1.6,1.8,2.1,2.0,1.9166666666666667,182.19796837764682,0.41200000047683716,91.72792093187434,99.0,98.77091422520297,0.0387403778731823,0.059158381154506064,1.7297361411069323,25.359134194621415,21.478000866527047,4.0
42.5,-105.5,6.663694381713867,0.22683614492416382,7.4,7.5,7.800000000000001,7.9,7.633333333333334,7.2,7.2,7.4,7.6000000000000005,7.3,6.800000000000001,6.800000000000001,6.9,7.0,6.85,1.79,1.24,0.87,0.53,1.1466666666666667,15.5,17.5,17.7,16.8,17.266666666666666,2.1,2.5,2.7,2.8000000000000003,2.533333333333333,251.0630395019625,0.43700000643730164,93.616875,98.40979166666666,98.23590277777778,0.036572497338056564,0.061111954915811506,1.7297361411069323,40.080880065067966,40.91547003367903,10.0
42.5,-104.5,7.657241344451904,0.22162166237831116,6.800000000000001,7.0,7.2,7.6000000000000005,7.066666666666666,7.0,7.0,7.300000000000001,7.5,7.15,6.800000000000001,6.7,6.800000000000001,6.9,6.7666666666666675,1.77,1.18,0.85,0.55,1.1133333333333335,15.4,17.8,19.400000000000002,19.3,18.200000000000003,2.4000000000000004,2.4000000000000004,2.4000000000000004,2.4000000000000004,2.4000000000000004,246.6466977181021,0.43700000643730164,96.76409722222222,99.72597222222223,98.15076388888889,0.061596862971782684,0.04622092932042065,1.7297361411069323,9.625381910280405,8.934911945022174,8.0
42.5,-103.5,8.03026294708252,0.21547791361808777,7.2,7.4,7.6000000000000005,7.7,7.466666666666667,6.9,6.9,7.1000000000000005,7.300000000000001,7.0,6.5,6.4,6.6000000000000005,6.800000000000001,6.5166666666666675,1.8900000000000001,1.27,0.79,0.6,1.1333333333333333,22.8,24.6,25.900000000000002,25.700000000000003,24.950000000000003,2.1,1.8,1.9000000000000001,2.0,1.9,278.32234576260294,0.43700000643730164,97.58,99.70583333333333,98.29138888888889,0.06171369552612305,0.053363601070513605,1.1613942661717973,8.770000457763672,7.599999904632568,15.0
42.5,-102.5,8.384053230285645,0.20302507281303406,7.4,7.6000000000000005,7.7,7.9,7.616666666666667,7.300000000000001,7.300000000000001,7.5,7.7,7.3999999999999995,6.4,6.300000000000001,6.4,6.7,6.366666666666667,2.0100000000000002,1.26,0.91,0.61,1.2100000000000002,26.200000000000003,26.6,27.0,27.3,26.733333333333334,2.0,2.0,1.9000000000000001,2.0,1.9500000000000002,301.64232880922583,0.43700000643730164,96.74333333333334,99.13041666666666,98.20430555555555,0.11454105377197266,0.06039251296290065,1.1613942661717973,7.518808390680462,6.456293371471331,24.0
42.5,-101.5,8.454110145568848,0.1867377758026123,7.0,7.1000000000000005,7.300000000000001,7.6000000000000005,7.183333333333334,6.7,6.7,6.9,7.1000000000000005,6.800000000000001,6.4,6.300000000000001,6.4,6.5,6.366666666666667,4.0600000000000005,2.52,2.07,2.11,2.5516666666666667,22.200000000000003,20.900000000000002,21.3,21.200000000000003,21.316666666666666,1.9000000000000001,1.9000000000000001,1.7000000000000002,1.8,1.8,291.4612719786699,0.38600000739097595,95.00888888888889,98.00222222222222,98.00222222222222,0.0644366592168808,0.059058383526125496,1.1613942661717973,2.930000066757202,3.0999999046325684,21.0
42.5,-100.5,8.648205757141113,0.19223716855049133,7.0,7.1000000000000005,7.300000000000001,7.6000000000000005,7.183333333333334,6.5,6.5,6.6000000000000005,6.800000000000001,6.550000000000001,6.4,6.4,6.4,6.5,6.4,2.84,1.46,0.68,0.88,1.3,14.600000000000001,11.3,11.100000000000001,10.8,11.75,1.5,1.4000000000000001,1.3,1.3,1.3666666666666667,311.89595076049795,0.38600000739097595,94.5275,97.5275,97.881875,0.026326408609747887,0.07010173150763617,1.1613942661717973,2.930000066757202,3.0999999046325684,22.0
42.5,-99.5,9.10332202911377,0.20535525679588318,6.7,6.800000000000001,7.0,7.300000000000001,6.883333333333333,6.7,6.6000000000000005,6.800000000000001,6.9,6.716666666666667,5.7,5.7,5.7,5.9,5.699999999999999,3.11,1.86,0.86,0.72,1.5683333333333331,19.5,17.400000000000002,17.7,17.8,17.9,2.0,1.7000000000000002,1.6,1.6,1.7,367.361362424356,0.38600000739097595,93.29972222222223,96.29222222222222,97.56958333333333,0.03412635624408722,0.12957749882540417,1.1613942661717973,3.3176364513559973,3.0999999046325684,30.0
42.5,-98.5,9.124966621398926,0.22026905417442322,6.800000000000001,6.800000000000001,7.0,7.2,6.9,6.7,6.800000000000001,6.9,7.0,6.833333333333334,6.0,6.0,6.0,6.2,6.0,3.1,2.52,1.34,0.81,2.026666666666667,24.900000000000002,22.900000000000002,21.900000000000002,21.700000000000003,22.733333333333334,2.4000000000000004,2.0,1.9000000000000001,1.9000000000000001,2.0166666666666666,410.8995803697016,0.4189999997615814,92.39395833333333,94.80291666666666,96.37479166666667,0.02018546126782894,0.19269967419282572,1.1613942661717973,8.365829067669114,3.3698380889233475,58.0
42.5,-97.5,8.778166770935059,0.242601215839386,6.800000000000001,6.800000000000001,7.2,7.5,7.0,6.6000000000000005,6.6000000000000005,6.800000000000001,6.800000000000001,6.700000000000001,5.5,5.6000000000000005,5.6000000000000005,5.7,5.583333333333334,2.71,1.84,1.28,0.75,1.705,23.5,22.0,20.8,19.900000000000002,21.65,2.4000000000000004,2.2,2.0,2.1,2.1333333333333333,387.32108561483767,0.43700000643730164,91.37493055555555,93.55506944444444,95.18743055555555,0.028457120060920715,0.1984205071550822,1.1613942661717973,7.1849700644756656,6.090355704387437,83.0
42.5,-96.5,9.008667945861816,0.2624986469745636,7.0,7.0,7.1000000000000005,7.4,7.050000000000001,6.5,6.5,6.7,6.7,6.6,5.2,5.1000000000000005,5.1000000000000005,5.1000000000000005,5.116666666666667,3.06,2.23,1.3900000000000001,0.77,1.9483333333333335,23.5,23.1,23.400000000000002,20.6,23.31666666666667,2.4000000000000004,2.1,2.0,2.1,2.1,363.82323375218783,0.43700000643730164,90.37555555555555,92.31666666666666,93.17631944444445,0.027630744501948357,0.1747081228048483,1.1613942661717973,17.595061627023604,12.089128933876456,85.0
42.5,-95.5,8.432414054870605,0.2750687897205353,6.4,6.4,6.7,7.1000000000000005,6.550000000000001,6.2,6.2,6.300000000000001,6.6000000000000005,6.25,5.2,5.2,5.2,5.2,5.2,2.91,2.06,1.36,0.91,1.851666666666667,23.8,21.400000000000002,21.0,19.6,21.6,3.1,3.1,3.0,3.0,3.05,360.53820573587313,0.43700000643730164,90.47847222222222,91.48541666666667,93.69215277777778,0.023470280691981316,0.19048540745889644,1.0131311683626316,29.84000015258789,25.319999694824215,86.0
42.5,-94.5,8.34521198272705,0.2838859558105469,6.9,6.9,6.9,7.2,6.9,6.6000000000000005,6.6000000000000005,6.6000000000000005,6.7,6.6000000000000005,5.5,5.4,5.4,5.4,5.416666666666667,3.35,3.08,2.08,1.48,2.625,27.8,27.5,26.900000000000002,24.1,27.25,5.800000000000001,3.5,3.7,3.6,3.9833333333333334,344.66451977190286,0.43700000643730164,90.00104166666667,92.0,94.99895833333333,0.02317577227950096,0.2121980603793648,1.0131311683626316,26.399999618530273,21.18000030517578,75.0
42.5,-93.5,8.12830924987793,0.2886812686920166,6.800000000000001,6.800000000000001,6.800000000000001,7.0,6.800000000000001,6.6000000000000005,6.5,6.5,6.5,6.516666666666667,5.800000000000001,5.800000000000001,5.800000000000001,5.800000000000001,5.800000000000001,3.06,2.66,1.83,1.25,2.3116666666666665,22.5,23.6,22.900000000000002,20.900000000000002,23.06666666666667,3.1,3.1,2.9000000000000004,2.8000000000000003,3.0,374.0684846186896,0.43700000643730164,89.64180555555555,91.57347222222222,94.37729166666666,0.028575969859957695,0.27924994454016755,1.0131311683626316,23.27532521029967,21.75296556526966,75.0
42.5,-92.5,8.318741798400879,0.2901195287704468,6.800000000000001,6.7,6.7,6.800000000000001,6.716666666666667,6.5,6.5,6.4,6.4,6.45,5.4,5.6000000000000005,5.6000000000000005,5.6000000000000005,5.566666666666666,3.33,3.0100000000000002,2.27,1.51,2.6933333333333334,22.3,23.0,22.6,21.400000000000002,22.683333333333334,2.6,2.4000000000000004,2.3000000000000003,2.4000000000000004,2.3833333333333337,402.3433871047202,0.43700000643730164,89.3223611111111,91.24958333333333,93.91590277777777,0.02245066501200199,0.2990991590142571,1.0131311683626316,19.67476259672283,21.18708553064336,80.0
42.5,-91.5,8.203319549560547,0.28875210881233215,6.5,6.5,6.4,6.4,6.45,6.1000000000000005,6.1000000000000005,5.9,5.800000000000001,6.0,5.6000000000000005,5.7,5.7,5.7,5.683333333333334,3.33,1.73,0.98,0.52,1.6216666666666668,20.8,18.8,18.1,17.8,18.783333333333335,2.6,2.6,2.4000000000000004,2.4000000000000004,2.5,456.15127707460255,0.43700000643730164,84.85541666666667,86.56930555555556,88.6925,0.029284829273819923,0.352783303601359,1.0131311683626316,19.600211099216683,20.357622393122977,77.0
42.5,-90.5,8.414375305175781,0.29347631335258484,6.4,6.4,6.300000000000001,6.2,6.3500000000000005,6.1000000000000005,6.2,6.0,6.0,6.083333333333333,5.6000000000000005,5.6000000000000005,5.6000000000000005,5.5,5.6,4.2,2.04,0.97,1.3,1.8650000000000002,20.700000000000003,18.1,16.8,17.900000000000002,17.883333333333333,2.8000000000000003,2.6,2.2,2.2,2.4333333333333336,526.5460000536816,0.44699999690055847,79.71930555555555,82.24958333333333,83.09916666666666,0.027560340240597725,0.35136107875550837,1.0131311683626316,21.32502620852521,22.23470574415421,74.0
42.5,-89.5,7.97532844543457,0.29538100957870483,6.4,6.4,6.4,6.4,6.4,6.300000000000001,6.300000000000001,6.1000000000000005,6.0,6.200000000000001,5.7,5.800000000000001,5.7,5.7,5.733333333333333,4.38,2.0100000000000002,0.86,0.77,1.83,21.5,18.0,16.7,17.5,17.933333333333334,3.1,3.0,2.2,2.2,2.6166666666666667,506.2347494395229,0.44699999690055847,85.76506944444445,86.858125,88.81673611111111,0.026263365522027016,0.3527816837408786,1.1366837498702698,17.36146574041647,18.85583779871097,80.0
42.5,-88.5,8.30141544342041,0.2867618203163147,6.4,6.4,6.4,6.4,6.4,6.300000000000001,6.4,6.300000000000001,6.2,6.333333333333334,5.1000000000000005,5.2,5.300000000000001,5.300000000000001,5.233333333333334,5.39,6.11,4.08,4.72,4.975,24.8,23.5,25.6,25.6,24.766666666666666,3.4000000000000004,3.2,2.7,2.7,2.9833333333333334,470.90796824192415,0.44699999690055847,83.86527777777778,85.13597222222222,87.07784722222222,0.017644492909312248,0.38277160667866933,1.1366837498702698,11.711888510970507,13.549406847451763,71.0
42.5,-85.5,8.794232368469238,0.26964443922042847,5.2,5.300000000000001,5.4,5.6000000000000005,5.333333333333334,5.9,5.9,5.9,5.9,5.9,4.9,5.0,5.0,4.9,4.983333333333333,9.84,2.91,1.6500000000000001,0.7000000000000001,3.4350000000000005,18.3,10.600000000000001,7.9,4.1000000000000005,10.533333333333333,2.9000000000000004,2.1,1.8,1.6,2.0833333333333335,528.6664684354766,0.44699999690055847,77.65097222222222,77.27333333333333,78.67923611111111,0.01707645133137703,0.43105959134160543,1.1366837498702698,5.64984152059443,5.212187524519036,66.0
42.5,-84.5,8.445481300354004,0.28729990124702454,6.6000000000000005,6.7,6.7,7.0,6.683333333333334,6.4,6.4,6.5,6.5,6.45,5.6000000000000005,5.4,5.4,5.4,5.433333333333334,4.2700000000000005,4.74,2.92,3.04,3.751666666666667,23.200000000000003,19.8,18.1,16.6,19.516666666666666,3.3000000000000003,2.9000000000000004,3.4000000000000004,3.4000000000000004,3.216666666666667,552.552666906315,0.44699999690055847,81.86541666666666,81.8575,82.33041666666666,0.01990380324423313,0.34154646898650964,1.1366837498702698,8.635399738780851,13.070129931464841,76.0
42.5,-83.5,8.824000358581543,0.29197928309440613,6.4,6.5,6.6000000000000005,6.9,6.533333333333333,6.2,6.1000000000000005,6.1000000000000005,6.2,6.116666666666667,5.300000000000001,5.4,5.300000000000001,5.2,5.333333333333334,0.0,0.0,0.0,0.0,3.1216666666666666,22.400000000000002,22.5,19.6,18.3,21.033333333333335,2.6,2.6,1.9000000000000001,1.8,2.25,394.92708777105554,0.44699999690055847,82.14371087080251,82.04218838929994,82.57441661923734,0.022030774503946304,0.37230101207898475,1.1366837498702698,23.641499270047518,21.551575033919335,54.0
42.5,-79.5,9.301888465881348,0.2934984862804413,7.0,7.1000000000000005,7.1000000000000005,7.4,7.083333333333334,6.0,6.0,6.0,6.2,6.0,5.2,5.300000000000001,5.2,5.2,5.233333333333333,3.62,2.07,1.09,0.38,1.8383333333333334,25.6,31.8,33.800000000000004,30.900000000000002,31.76666666666667,3.6,2.7,2.0,1.9000000000000001,2.5,304.8303003941187,0.44999998807907104,62.293638676844786,64.20903307888041,69.57150127226463,0.02294514700770378,0.3308808953275215,0.6671839401412454,19.138934431780374,16.917892466959575,23.0
42.5,-78.5,6.725271224975586,0.30329322814941406,6.6000000000000005,6.6000000000000005,6.6000000000000005,6.9,6.6000000000000005,4.9,5.0,5.0,5.5,4.983333333333333,3.9000000000000004,4.0,4.0,4.1000000000000005,3.9833333333333334,5.67,4.69,1.81,1.59,3.413333333333334,24.400000000000002,21.5,19.8,17.5,21.133333333333333,4.1000000000000005,3.3000000000000003,1.9000000000000001,1.6,2.7333333333333334,543.1047265009722,0.43700000643730164,55.01726598173516,56.94920091324201,61.66552511415525,0.024862317368388176,0.573302649553439,0.6671839401412454,7.199999809265137,7.199999809265137,29.0
42.5,-77.5,7.125001430511475,0.303073912858963,6.7,6.800000000000001,6.800000000000001,6.9,6.783333333333333,5.800000000000001,5.7,5.800000000000001,5.9,5.7666666666666675,4.9,4.800000000000001,4.800000000000001,4.800000000000001,4.816666666666667,4.48,2.06,2.13,0.81,2.4983333333333335,21.5,16.2,15.5,12.600000000000001,16.733333333333334,4.0,2.7,1.9000000000000001,1.7000000000000002,2.5166666666666666,601.3993804832377,0.43700000643730164,57.398926402034185,59.004802938268114,63.229834722418424,0.017136892303824425,0.3837103497370776,0.6671839401412454,0.0,6.199999809265137,42.0
42.5,-76.5,7.935842037200928,0.3018774092197418,6.5,6.6000000000000005,6.7,6.9,6.633333333333333,6.2,6.2,6.2,6.4,6.199999999999999,5.0,5.0,5.0,5.0,5.0,4.64,2.2800000000000002,1.29,0.52,2.1783333333333337,23.700000000000003,17.400000000000002,15.8,12.9,17.65,3.9000000000000004,2.3000000000000003,1.7000000000000002,1.5,2.2666666666666666,590.5183293408166,0.43700000643730164,58.92053603766751,60.35733429916697,64.36421586381746,0.020668646320700645,0.49697802773703864,0.6671839401412454,7.992778781236194,7.902747187904442,40.0
42.5,-75.5,7.006236553192139,0.2983245849609375,6.0,6.0,6.1000000000000005,6.1000000000000005,6.050000000000001,4.5,4.5,4.800000000000001,5.1000000000000005,4.65,3.8000000000000003,3.8000000000000003,3.9000000000000004,4.2,3.85,12.14,4.45,1.98,1.01,4.496666666666667,32.6,18.0,16.3,13.4,19.583333333333336,5.0,3.2,2.3000000000000003,2.0,3.05,647.5513283884321,0.43700000643730164,48.300069444444446,50.697361111111114,56.26875,0.01271112821996212,0.6533597361076341,0.6671839401412454,1.8006335361525505,4.900633440785119,29.0
42.5,-74.5,6.539511203765869,0.28108638525009155,5.1000000000000005,5.300000000000001,5.4,5.9,5.316666666666666,4.5,4.5,4.7,5.1000000000000005,4.6,3.7,3.7,3.8000000000000003,4.1000000000000005,3.75,9.63,3.3000000000000003,1.92,0.56,3.665,38.900000000000006,16.8,14.3,11.0,19.233333333333334,5.300000000000001,3.5,2.4000000000000004,2.1,3.25,699.6451363012063,0.43700000643730164,48.39652777777778,50.45458333333333,56.076388888888886,0.012392154894769192,0.6789773300505414,0.6671839401412454,1.8006335361525505,1.8006335361525505,22.0
42.5,-73.5,7.575759410858154,0.2495148926973343,5.2,5.5,5.6000000000000005,5.6000000000000005,5.5,5.2,5.2,5.300000000000001,5.5,5.25,4.0,4.1000000000000005,4.2,4.3,4.133333333333333,8.59,2.12,1.26,0.51,2.7683333333333335,36.4,14.700000000000001,13.5,8.6,17.71666666666667,3.6,2.4000000000000004,1.5,1.1,2.15,742.1847863952213,0.43700000643730164,53.44680555555556,53.447916666666664,56.236180555555556,0.011418131180107594,0.6917020137565263,0.6671839401412454,3.0999824242652076,3.079975403524818,15.0
42.5,-72.5,7.957590103149414,0.22359420359134674,4.1000000000000005,4.1000000000000005,4.3,4.9,4.199999999999999,5.2,5.300000000000001,5.300000000000001,5.5,5.283333333333333,4.1000000000000005,4.3,4.5,4.6000000000000005,4.366666666666667,27.38,10.71,5.44,2.5300000000000002,10.853333333333333,70.4,32.800000000000004,22.700000000000003,12.4,34.016666666666666,3.5,2.0,1.4000000000000001,1.1,1.9500000000000002,796.0613551559228,0.38600000739097595,29.77704364939903,29.430378857102692,29.430378857102692,0.0033207202795892954,0.7354508542502237,0.6671839401412454,0.0,0.0,5.0
42.5,-71.5,8.765806198120117,0.21278297901153564,4.6000000000000005,4.7,4.9,5.2,4.783333333333333,5.1000000000000005,5.1000000000000005,5.1000000000000005,5.4,5.1,4.1000000000000005,4.3,4.4,4.6000000000000005,4.316666666666666,19.900000000000002,5.07,2.0,0.65,6.006666666666667,39.1,20.5,12.200000000000001,7.2,19.45,3.1,2.1,1.4000000000000001,1.1,1.9166666666666665,661.2426299479271,0.38600000739097595,27.715459038073362,26.78137398204218,28.17936938818125,0.0016031250124797225,0.7256585108146865,0.6671839401412454,0.0,0.0,7.0
43.5,-123.5,11.503220558166504,0.26840636134147644,5.4,5.4,5.5,5.6000000000000005,5.45,5.1000000000000005,4.9,4.9,5.0,4.933333333333334,4.3,4.2,4.3,4.3,4.266666666666667,10.21,5.11,3.86,2.5,5.335,32.2,26.1,21.700000000000003,20.200000000000003,24.916666666666668,4.9,5.0,4.2,4.0,4.583333333333334,903.3946363388956,0.44699999690055847,50.36069444444445,48.32652777777778,48.836666666666666,0.012303932569921017,0.7831200937467095,0.9389996194580489,0.0,0.0,7.0
43.5,-122.5,8.35535717010498,0.26567190885543823,5.1000000000000005,5.2,5.2,5.300000000000001,5.183333333333334,5.6000000000000005,5.5,5.5,5.6000000000000005,5.516666666666667,4.2,4.2,4.1000000000000005,4.1000000000000005,4.15,20.66,7.36,2.89,1.96,7.341666666666667,51.7,28.5,20.0,19.400000000000002,28.116666666666667,5.4,3.9000000000000004,2.6,2.6,3.5,717.1554822630792,0.4189999997615814,34.44923611111111,31.6775,32.353125,0.012317168526351452,0.9459854531923688,0.9389996194580489,0.0,0.0,1.0
43.5,-121.5,5.639100551605225,0.245744526386261,5.7,5.9,5.9,6.0,5.866666666666667,6.1000000000000005,6.0,6.1000000000000005,6.300000000000001,6.066666666666666,4.800000000000001,4.6000000000000005,4.5,4.6000000000000005,4.583333333333333,14.25,6.03,2.3000000000000003,1.32,5.535,34.5,20.3,17.0,17.0,21.016666666666666,2.7,2.6,1.9000000000000001,1.7000000000000002,2.2666666666666666,480.9899241919677,0.4189999997615814,84.11395833333333,85.69069444444445,85.98381944444445,0.04580341652035713,0.22493899970524517,0.9389996194580489,5.124598489206096,5.532559689861184,1.0
43.5,-120.5,6.898298740386963,0.24706456065177917,6.7,6.800000000000001,6.800000000000001,7.1000000000000005,6.783333333333333,7.6000000000000005,7.5,7.800000000000001,7.9,7.666666666666667,6.300000000000001,6.2,6.2,6.300000000000001,6.216666666666667,4.2,1.93,1.03,0.67,1.8583333333333334,24.700000000000003,21.1,19.200000000000003,19.400000000000002,20.75,2.1,2.3000000000000003,2.5,2.6,2.3666666666666667,174.6306169355821,0.43700000643730164,96.48923611111111,98.17118055555555,98.17118055555555,0.10161413252353668,0.04920024771501214,0.9389996194580489,17.331372165076104,15.585506800626533,2.0
43.5,-119.5,7.498319149017334,0.2478131800889969,7.1000000000000005,7.2,7.4,7.7,7.283333333333333,6.300000000000001,6.5,6.6000000000000005,6.7,6.5166666666666675,5.300000000000001,5.4,5.4,5.5,5.383333333333334,1.79,1.3,0.73,0.52,1.0966666666666667,25.0,27.5,29.3,33.800000000000004,27.983333333333334,2.4000000000000004,2.7,2.6,2.6,2.6,202.52785233870935,0.43700000643730164,95.60546432616081,97.16562853907135,97.03468289920725,0.14302244782447815,0.04989466193601661,0.9389996194580489,24.624330815343498,29.775080397492182,2.0
43.5,-118.5,7.323836803436279,0.24510429799556732,7.1000000000000005,7.300000000000001,7.5,8.0,7.366666666666666,6.6000000000000005,6.5,6.6000000000000005,6.7,6.566666666666666,6.0,6.0,6.0,6.0,6.0,4.03,3.81,2.08,2.77,2.981666666666667,28.400000000000002,29.900000000000002,34.5,36.6,31.95,2.5,2.8000000000000003,2.9000000000000004,2.9000000000000004,2.8000000000000003,185.2286464252743,0.43700000643730164,96.34777777777778,97.76569444444445,97.47513888888889,0.09643961489200592,0.06899808089576134,0.9389996194580489,16.74717248841415,19.907533041709737,4.0
43.5,-117.5,8.66170883178711,0.23989549279212952,7.0,7.2,7.4,7.800000000000001,7.266666666666667,7.300000000000001,7.2,7.4,7.5,7.316666666666666,6.6000000000000005,6.6000000000000005,6.6000000000000005,6.7,6.6000000000000005,2.08,1.25,0.76,0.51,1.1433333333333335,22.900000000000002,24.0,30.400000000000002,33.2,27.016666666666666,2.5,2.7,2.9000000000000004,3.0,2.7666666666666666,148.03535714794506,0.43700000643730164,96.18777478371862,98.99865267337967,98.9368883846263,0.08880297094583511,0.051679450050130527,0.9389996194580489,26.332053044000695,31.317207474320313,8.0
43.5,-116.5,10.671771049499512,0.2384968101978302,7.0,7.1000000000000005,7.2,7.6000000000000005,7.133333333333333,7.2,7.0,7.2,7.300000000000001,7.133333333333333,6.4,6.300000000000001,6.300000000000001,6.5,6.316666666666667,2.57,1.6500000000000001,1.1,0.77,1.5283333333333333,23.5,24.700000000000003,30.6,34.300000000000004,27.45,1.7000000000000002,1.9000000000000001,2.0,2.0,1.9166666666666665,232.74093895162147,0.43700000643730164,93.86222222222223,97.51284722222222,97.73798611111111,0.060479167848825455,0.10483447726371162,1.7297361411069323,14.313146878501293,14.453196949230595,31.0
43.5,-115.5,5.484057903289795,0.24384057521820068,6.5,6.5,6.5,6.5,6.5,5.9,6.0,6.1000000000000005,6.1000000000000005,6.033333333333333,4.800000000000001,4.7,4.7,4.800000000000001,4.716666666666667,4.28,2.41,1.48,0.87,2.256666666666667,23.1,23.5,23.5,24.400000000000002,23.433333333333334,3.1,3.1,2.2,2.0,2.65,252.4689147758656,0.41200000047683716,77.33743055555556,82.17388888888888,83.37465277777778,0.00030837985104881227,0.19828113918038448,1.7297361411069323,10.828056611572471,12.65726600508318,13.0
43.5,-114.5,4.120596885681152,0.24442312121391296,5.800000000000001,5.800000000000001,5.9,6.0,5.85,5.5,5.6000000000000005,5.7,5.7,5.633333333333333,4.6000000000000005,4.7,4.7,4.9,4.683333333333334,10.5,3.73,1.67,1.09,3.8283333333333336,24.700000000000003,21.0,17.6,17.3,19.916666666666668,2.8000000000000003,3.3000000000000003,2.7,2.5,2.916666666666667,209.33119403717038,0.44699999690055847,80.07895833333333,85.45923611111111,84.13069444444444,0.0060872044414281845,0.20415383127189143,1.7297361411069323,15.907443578755386,15.376130459256103,9.0
43.5,-113.5,5.52705717086792,0.23858195543289185,6.6000000000000005,6.6000000000000005,6.7,6.800000000000001,6.65,6.7,6.800000000000001,7.0,7.1000000000000005,6.883333333333333,6.5,6.5,6.5,6.5,6.5,3.7600000000000002,2.2800000000000002,1.43,0.93,2.1016666666666666,26.3,25.1,25.1,24.900000000000002,25.3,2.4000000000000004,2.6,2.4000000000000004,2.3000000000000003,2.466666666666667,135.68957021823456,0.41200000047683716,88.57347222222222,91.14631944444444,91.49138888888889,0.05221850052475929,0.09579710378529731,1.7297361411069323,15.66988206131796,16.433130703431207,7.0
43.5,-112.5,6.351097583770752,0.2303878664970398,7.6000000000000005,7.800000000000001,7.9,8.200000000000001,7.816666666666666,7.9,7.9,8.0,8.1,7.95,7.1000000000000005,7.0,7.1000000000000005,7.1000000000000005,7.066666666666666,1.98,1.24,0.74,0.47000000000000003,1.1133333333333333,19.200000000000003,20.400000000000002,20.3,19.6,20.15,2.2,2.4000000000000004,2.5,2.5,2.416666666666667,195.07359506334032,0.44699999690055847,99.1705566780464,99.59193200027869,99.82143105970877,0.03754732757806778,0.16940658332122394,1.7297361411069323,26.304564378869472,16.497323261373968,33.0
43.5,-111.5,4.3276848793029785,0.23499661684036255,7.2,7.4,7.5,7.7,7.416666666666667,7.300000000000001,7.300000000000001,7.300000000000001,7.5,7.3,6.6000000000000005,6.6000000000000005,6.6000000000000005,6.7,6.6000000000000005,3.9,2.69,1.53,0.8200000000000001,2.311666666666667,20.6,20.700000000000003,19.8,18.1,20.233333333333334,2.5,2.6,2.3000000000000003,2.2,2.4333333333333336,316.7502450619104,0.43700000643730164,84.77228823570287,86.81835869640747,88.57563755124731,0.005269936285912991,0.23210935461814694,1.7297361411069323,16.00220293923978,14.956531893756065,35.0
43.5,-110.5,0.37176084518432617,0.2393394112586975,6.0,6.0,6.0,6.1000000000000005,6.0,6.800000000000001,6.800000000000001,6.800000000000001,7.1000000000000005,6.800000000000001,5.800000000000001,5.9,5.9,5.9,5.883333333333333,9.8,3.36,1.79,1.11,3.648333333333334,26.400000000000002,21.400000000000002,19.0,17.3,21.03333333333333,3.4000000000000004,3.6,3.1,3.1,3.3166666666666664,313.2802331715273,0.43700000643730164,73.57418084657573,74.45071016734636,78.91470960483757,0.000438520684838295,0.36921200147385497,1.7297361411069323,15.502462599399806,13.654303382093943,10.0
43.5,-109.5,2.907259702682495,0.23636990785598755,6.4,6.4,6.5,6.800000000000001,6.45,5.300000000000001,5.4,5.4,5.6000000000000005,5.383333333333334,4.6000000000000005,4.7,4.7,4.9,4.683333333333334,15.67,4.1,1.68,1.18,4.818333333333333,30.5,25.3,23.6,20.0,25.316666666666666,2.8000000000000003,2.9000000000000004,2.1,2.0,2.4833333333333334,209.19081409798193,0.43700000643730164,78.64479166666666,79.62333333333333,78.57256944444444,0.00015971755783539265,0.2613471133568811,1.7297361411069323,26.90755866173071,22.62049415664618,3.0
43.5,-108.5,6.099741458892822,0.22833654284477234,7.5,7.7,7.800000000000001,7.9,7.716666666666667,7.7,7.7,8.0,8.1,7.85,7.1000000000000005,7.0,7.1000000000000005,7.4,7.066666666666666,2.6,1.92,1.19,0.75,1.6683333333333332,15.9,16.7,17.1,16.0,16.766666666666666,1.9000000000000001,2.0,2.1,2.1,2.033333333333333,155.6208243473693,0.43700000643730164,93.48166666666667,96.62277777777778,96.27826388888889,0.018909024074673653,0.027523645369840914,1.7297361411069323,10.019278230010553,10.126739880106921,7.0
43.5,-107.5,5.530694961547852,0.22455891966819763,7.1000000000000005,7.4,7.5,7.9,7.4,7.5,7.5,7.6000000000000005,7.800000000000001,7.550000000000001,7.1000000000000005,7.0,7.1000000000000005,7.2,7.066666666666666,3.77,2.0100000000000002,1.51,1.02,2.0533333333333332,16.2,17.0,17.900000000000002,16.5,17.31666666666667,1.8,2.0,2.2,2.3000000000000003,2.0666666666666664,169.42285798536003,0.43700000643730164,94.00222222222222,99.0,98.51986111111111,0.02284935675561428,0.05249864231681577,1.7297361411069323,10.34923257285907,10.246769193086983,5.0
43.5,-106.5,7.418045520782471,0.22714515030384064,6.5,6.5,6.6000000000000005,7.0,6.550000000000001,7.7,7.7,7.800000000000001,8.0,7.75,7.300000000000001,7.300000000000001,7.300000000000001,7.5,7.3,5.64,2.87,1.68,1.12,2.736666666666667,31.3,28.5,28.200000000000003,26.8,28.81666666666667,1.7000000000000002,1.9000000000000001,2.0,2.0,1.9166666666666665,181.70790305505577,0.41200000047683716,92.48534722222222,98.75888888888889,98.7175,0.039536185562610626,0.031191130155808707,1.7297361411069323,22.72990631659255,22.49732326137397,3.0
43.5,-105.5,7.388675689697266,0.22843584418296814,7.4,7.6000000000000005,7.800000000000001,8.1,7.666666666666667,6.9,6.9,7.2,7.5,7.05,6.800000000000001,6.7,6.7,6.800000000000001,6.716666666666667,1.53,1.23,0.78,0.54,1.0550000000000002,14.5,15.8,15.5,15.600000000000001,15.433333333333334,1.9000000000000001,2.0,2.1,2.2,2.033333333333333,193.51965087641008,0.41200000047683716,92.10527777777777,99.0,99.0,0.05301652476191521,0.020019431324634577,1.7297361411069323,20.07549102134689,20.07549102134689,1.0
43.5,-104.5,8.089028358459473,0.22619310021400452,7.0,7.2,7.5,7.800000000000001,7.316666666666666,7.300000000000001,7.2,7.5,7.7,7.366666666666666,6.800000000000001,6.800000000000001,6.800000000000001,6.9,6.800000000000001,1.82,1.25,0.9500000000000001,0.64,1.195,21.8,22.8,23.8,22.700000000000003,23.133333333333333,1.8,2.2,2.3000000000000003,2.3000000000000003,2.1833333333333336,215.93241862527626,0.41200000047683716,92.20534722222222,98.81833333333333,98.90916666666666,0.045115649700164795,0.028818980510019566,1.7297361411069323,3.8013561665364564,3.8013561665364564,8.0
43.5,-103.5,7.875495433807373,0.2242642641067505,7.300000000000001,7.300000000000001,7.5,7.9,7.3999999999999995,6.1000000000000005,6.1000000000000005,6.2,6.300000000000001,6.15,5.2,5.2,5.2,5.300000000000001,5.2,2.63,1.6,0.93,0.68,1.4366666666666668,20.400000000000002,20.900000000000002,21.900000000000002,21.3,21.31666666666667,3.0,3.1,2.3000000000000003,2.2,2.6833333333333336,327.9505267939076,0.44699999690055847,94.175,98.035,98.5175,0.042590584605932236,0.061476619229848505,1.1613942661717973,1.0996074355015306,0.6997501591448959,12.0
43.5,-102.5,8.876818656921387,0.221716970205307,7.300000000000001,7.5,7.6000000000000005,8.0,7.5166666666666675,7.300000000000001,7.300000000000001,7.6000000000000005,7.7,7.449999999999999,6.800000000000001,6.7,6.7,6.9,6.716666666666667,2.61,1.44,0.98,0.64,1.405,27.700000000000003,28.1,29.0,28.8,28.483333333333334,2.8000000000000003,2.6,2.6,2.6,2.6333333333333337,257.2914130165681,0.44699999690055847,97.39493055555556,99.65798611111111,98.91243055555556,0.07850033789873123,0.04925734158032648,1.1613942661717973,42.270974313793204,47.50214139090083,9.0
43.5,-101.5,8.805216789245605,0.21586984395980835,7.1000000000000005,7.1000000000000005,7.300000000000001,7.800000000000001,7.2,7.4,7.5,7.7,7.800000000000001,7.583333333333334,6.7,6.5,6.5,6.800000000000001,6.533333333333333,3.11,1.75,1.67,0.73,1.9366666666666665,22.200000000000003,22.1,22.700000000000003,23.5,22.416666666666668,3.1,2.9000000000000004,2.8000000000000003,2.8000000000000003,2.8833333333333337,309.2359892230625,0.43700000643730164,96.59465277777778,99.31854166666666,98.52090277777778,0.054984111338853836,0.04783335888389427,1.1613942661717973,29.045696061662845,34.25687029580682,19.0
43.5,-100.5,8.895840644836426,0.21881547570228577,6.9,7.0,7.2,7.7,7.083333333333334,7.5,7.4,7.5,7.7,7.466666666666667,6.1000000000000005,6.1000000000000005,6.1000000000000005,6.2,6.1,2.75,1.6,1.03,0.53,1.5066666666666668,21.0,20.8,20.700000000000003,19.900000000000002,20.783333333333335,3.6,3.5,3.7,3.7,3.6166666666666667,372.51421840747906,0.44699999690055847,93.07638888888889,96.07638888888889,98.29375,0.05417265743017197,0.06685848659950472,1.1613942661717973,0.0,0.0,30.0
43.5,-99.5,8.85399055480957,0.2254050225019455,7.1000000000000005,7.300000000000001,7.5,8.0,7.366666666666666,7.4,7.300000000000001,7.5,7.7,7.416666666666666,6.2,6.1000000000000005,6.1000000000000005,6.4,6.116666666666667,2.71,2.57,1.31,0.86,1.9633333333333334,29.5,29.8,29.6,30.8,29.650000000000002,3.3000000000000003,3.2,3.1,3.1,3.166666666666667,396.4280431901377,0.44699999690055847,92.1661111111111,95.46368055555556,97.87659722222222,0.03844837471842766,0.09091098345252178,1.1613942661717973,30.42114258366974,30.003568984834715,47.0
43.5,-98.5,8.583425521850586,0.23163679242134094,6.800000000000001,7.0,7.2,7.7,7.066666666666666,6.6000000000000005,6.7,6.9,7.1000000000000005,6.783333333333333,5.9,5.9,6.0,6.0,5.949999999999999,0.0,0.0,0.0,0.0,1.9983333333333335,25.6,24.700000000000003,24.200000000000003,23.3,24.6,2.8000000000000003,2.6,2.5,2.4000000000000004,2.5833333333333335,412.20898601230374,0.43700000643730164,89.49625,93.47680555555556,96.45736111111111,0.02731100097298622,0.08239749248904586,1.1613942661717973,0.0,0.0,73.0
43.5,-97.5,8.021932601928711,0.24181559681892395,6.7,6.9,7.1000000000000005,7.6000000000000005,6.966666666666667,7.0,6.9,7.1000000000000005,7.4,7.0166666666666675,5.9,5.9,6.0,6.1000000000000005,5.949999999999999,3.2,1.94,1.3900000000000001,0.74,1.8750000000000002,24.3,23.200000000000003,22.5,21.3,23.03333333333333,2.9000000000000004,2.6,2.2,2.3000000000000003,2.45,392.25881140728336,0.43700000643730164,89.9948611111111,93.9948611111111,96.9948611111111,0.03250022232532501,0.12079554730284324,1.1613942661717973,0.0,0.0,80.0
43.5,-96.5,7.479841709136963,0.26172494888305664,6.5,6.5,6.7,7.2,6.6,6.5,6.5,6.6000000000000005,6.7,6.550000000000001,5.7,5.800000000000001,5.800000000000001,5.9,5.783333333333333,3.69,2.47,1.61,0.92,2.2433333333333336,25.8,24.6,23.900000000000002,22.3,24.450000000000003,3.3000000000000003,3.2,2.9000000000000004,2.8000000000000003,3.066666666666667,370.39273070265835,0.43700000643730164,91.64923611111111,93.86861111111111,95.505625,0.030601756647229195,0.16197289638072424,1.0131311683626316,21.56506520784995,18.27967503351048,84.0
43.5,-95.5,6.987037658691406,0.2727600932121277,6.5,6.7,6.7,6.9,6.666666666666666,6.7,6.6000000000000005,6.800000000000001,6.800000000000001,6.716666666666667,5.6000000000000005,5.7,5.7,5.800000000000001,5.683333333333334,3.61,2.79,1.85,1.75,2.456666666666667,26.400000000000002,25.5,24.900000000000002,22.8,25.35,3.5,3.2,2.9000000000000004,2.9000000000000004,3.1,346.28010299606,0.43700000643730164,90.74875,92.36222222222223,94.92861111111111,0.031657151877880096,0.2111876732741777,1.0131311683626316,31.97698961378003,30.671524032981743,80.0
43.5,-94.5,7.382761478424072,0.2804064154624939,6.9,6.9,6.9,7.0,6.9,6.7,6.7,6.800000000000001,6.9,6.75,5.6000000000000005,5.800000000000001,5.7,5.800000000000001,5.716666666666667,4.19,3.6,2.5500000000000003,2.23,3.173333333333334,27.3,26.5,24.5,22.200000000000003,25.633333333333333,3.4000000000000004,3.2,3.0,2.8000000000000003,3.1333333333333333,353.13518568250197,0.43700000643730164,90.0,92.0,95.0,0.031048256903886795,0.23157302617342448,1.1366837498702698,18.29999923706055,19.68000030517578,75.0
43.5,-93.5,7.124094009399414,0.2844363749027252,6.7,6.7,6.7,6.800000000000001,6.7,6.7,6.6000000000000005,6.6000000000000005,6.6000000000000005,6.616666666666667,5.6000000000000005,5.800000000000001,5.7,5.7,5.716666666666667,4.17,4.24,2.24,1.96,3.2283333333333335,28.8,28.200000000000003,27.0,25.0,27.7,3.8000000000000003,3.7,3.2,3.1,3.466666666666667,376.26668243936876,0.43700000643730164,88.90055555555556,90.62569444444445,93.47416666666666,0.029420001432299614,0.30473169960148194,1.1366837498702698,21.927425714519472,20.720176931737285,75.0
43.5,-92.5,6.919134140014648,0.28318607807159424,6.300000000000001,6.300000000000001,6.300000000000001,6.4,6.300000000000001,6.0,6.0,5.9,5.9,5.95,5.800000000000001,5.9,6.0,5.9,5.933333333333334,3.63,2.88,1.86,1.3900000000000001,2.495,25.700000000000003,25.8,25.400000000000002,23.0,25.583333333333336,3.2,3.0,2.4000000000000004,2.3000000000000003,2.7333333333333334,430.5668109542725,0.43700000643730164,87.60319444444444,89.28472222222223,91.71729166666667,0.02154979668557644,0.3498180989001877,1.1366837498702698,21.150767427140934,20.375130267864783,80.0
43.5,-91.5,7.438131809234619,0.2787761092185974,6.300000000000001,6.300000000000001,6.4,6.4,6.3500000000000005,6.1000000000000005,6.1000000000000005,6.0,6.0,6.05,5.2,5.300000000000001,5.300000000000001,5.300000000000001,5.283333333333333,4.36,2.79,1.6600000000000001,1.18,2.486666666666667,24.0,23.400000000000002,22.200000000000003,20.6,22.900000000000002,4.800000000000001,2.3000000000000003,1.9000000000000001,2.0,2.5166666666666666,483.52164949893387,0.44699999690055847,78.75972222222222,81.55597222222222,82.24902777777778,0.026612522080540657,0.3532520251704695,1.0131311683626316,18.899090004336692,18.899090004336692,69.0
43.5,-90.5,7.126060485839844,0.2765522599220276,6.0,6.0,6.0,5.9,6.0,6.2,6.300000000000001,6.300000000000001,6.300000000000001,6.283333333333333,5.2,5.300000000000001,5.300000000000001,5.300000000000001,5.283333333333333,5.43,2.56,1.11,1.6300000000000001,2.3133333333333335,19.200000000000003,14.5,14.9,16.5,15.483333333333334,2.9000000000000004,2.8000000000000003,2.3000000000000003,2.3000000000000003,2.566666666666667,518.3695410597647,0.44699999690055847,77.44652777777777,81.25256944444445,81.406875,0.03282339125871658,0.3580095075572271,1.1366837498702698,13.5,13.5,67.0
43.5,-89.5,7.390079498291016,0.26766765117645264,6.4,6.4,6.300000000000001,6.300000000000001,6.3500000000000005,5.9,5.9,5.9,5.800000000000001,5.9,5.2,5.4,5.300000000000001,5.300000000000001,5.316666666666667,3.0500000000000003,2.1,0.89,0.93,1.6533333333333335,19.400000000000002,16.7,16.900000000000002,17.3,17.25,2.5,2.3000000000000003,1.9000000000000001,1.7000000000000002,2.1333333333333333,497.84499026102685,0.4189999997615814,83.69652777777777,86.25319444444445,87.35513888888889,0.03478259965777397,0.3528513882050746,1.1366837498702698,5.875115991981601,5.875115991981601,67.0
43.5,-88.5,7.3591227531433105,0.26433250308036804,6.300000000000001,6.300000000000001,6.2,6.1000000000000005,6.25,6.7,6.7,6.7,6.800000000000001,6.7,5.7,5.800000000000001,5.800000000000001,5.800000000000001,5.783333333333333,4.47,2.7600000000000002,2.2,1.73,2.765,22.3,26.200000000000003,31.200000000000003,30.400000000000002,28.05,2.8000000000000003,2.7,2.5,2.4000000000000004,2.6166666666666667,492.3605439071721,0.44699999690055847,80.77618025751073,81.61409155937054,83.45200286123033,0.017174100503325462,0.3238110795336708,1.1366837498702698,11.600535371524519,11.600535371524519,73.0
43.5,-85.5,7.511368274688721,0.23352965712547302,5.800000000000001,5.9,5.9,6.1000000000000005,5.883333333333333,4.800000000000001,4.6000000000000005,4.6000000000000005,5.1000000000000005,4.633333333333333,4.0,4.2,4.2,4.4,4.166666666666666,5.8,1.8800000000000001,1.33,0.9,2.2583333333333333,16.400000000000002,10.3,8.5,6.7,10.416666666666666,2.8000000000000003,1.7000000000000002,1.4000000000000001,1.2000000000000002,1.7333333333333334,594.0675387507539,0.4189999997615814,49.29625,46.71527777777778,51.47819444444445,0.012332078069448471,0.37235260044828994,1.1366837498702698,4.56488043663151,3.852488362642104,53.0
43.5,-84.5,7.864293575286865,0.2562219798564911,6.1000000000000005,6.2,6.2,6.4,6.183333333333334,6.7,6.7,6.7,6.9,6.7,5.800000000000001,5.9,5.9,5.9,5.883333333333333,5.1000000000000005,3.38,1.86,1.1500000000000001,2.9066666666666667,24.0,18.2,10.9,9.5,15.516666666666666,2.2,1.9000000000000001,1.5,1.4000000000000001,1.75,528.1152769925992,0.4189999997615814,53.18097222222222,56.715069444444445,54.40409722222222,0.011373035609722137,0.29248567774629236,1.1366837498702698,4.14851896662699,5.68297097492143,71.0
43.5,-83.5,7.968588352203369,0.26884719729423523,7.300000000000001,7.4,7.5,7.7,7.433333333333334,6.300000000000001,6.300000000000001,6.300000000000001,6.5,6.300000000000001,5.4,5.5,5.4,5.5,5.433333333333334,5.23,3.44,2.47,2.0100000000000002,3.253333333333334,21.8,21.1,19.5,14.9,20.416666666666664,2.4000000000000004,2.1,1.6,1.5,1.9000000000000001,398.9982498816394,0.4189999997615814,55.22874458874459,60.13948051948052,56.063896103896106,0.02706087939441204,0.2748983634352583,1.1366837498702698,10.617600652085324,11.53477297845993,62.0
43.5,-78.5,8.850908279418945,0.27666327357292175,6.2,6.300000000000001,6.300000000000001,6.6000000000000005,6.283333333333333,5.9,5.800000000000001,6.0,6.1000000000000005,5.916666666666666,5.2,5.2,5.1000000000000005,5.2,5.15,0.0,0.0,0.0,0.0,3.2616666666666667,26.200000000000003,21.400000000000002,19.8,18.6,21.4,3.6,2.8000000000000003,2.3000000000000003,2.1,2.6833333333333336,243.93025619660352,0.41200000047683716,77.63035019455253,77.40012970168613,80.70217250324254,0.024862317368388176,0.1741979504946424,0.6671839401412454,19.170000076293945,12.75,27.0
43.5,-77.5,9.142067909240723,0.2780766487121582,6.1000000000000005,6.2,6.2,6.5,6.183333333333334,5.7,5.6000000000000005,5.800000000000001,6.0,5.716666666666667,5.0,4.9,4.9,5.0,4.916666666666667,0.0,0.0,0.0,0.0,3.531666666666667,29.0,19.8,17.6,15.4,20.233333333333334,3.8000000000000003,2.6,2.0,1.9000000000000001,2.5,183.0537958082964,0.41200000047683716,74.299878098334,74.17452255180821,77.2492889069484,0.017136892303824425,0.1601313090634843,0.6671839401412454,0.0,0.0,17.0
43.5,-76.5,8.539498329162598,0.2852024435997009,5.800000000000001,5.9,6.0,6.2,5.933333333333334,5.6000000000000005,5.5,5.6000000000000005,5.9,5.566666666666666,4.9,4.9,4.9,5.1000000000000005,4.9,0.0,0.0,0.0,0.0,3.6483333333333334,32.2,20.400000000000002,17.0,14.5,20.666666666666664,4.1000000000000005,2.7,2.1,1.9000000000000001,2.6333333333333337,317.9010998979543,0.41200000047683716,59.90371260683761,60.8752670940171,64.82238247863248,0.011532912962138653,0.41746833454516113,0.6671839401412454,6.300000190734863,6.300000190734863,17.0
43.5,-75.5,5.772241115570068,0.275223046541214,5.4,5.6000000000000005,5.6000000000000005,5.7,5.566666666666666,4.6000000000000005,4.4,4.6000000000000005,5.0,4.533333333333333,4.0,3.8000000000000003,3.9000000000000004,4.2,3.8833333333333333,9.950000000000001,6.0,2.86,1.81,5.088333333333333,41.900000000000006,23.400000000000002,17.900000000000002,13.8,23.733333333333334,5.2,3.2,2.3000000000000003,2.1,3.0833333333333335,638.8312172289498,0.38600000739097595,45.800127127622005,42.47206723638675,47.71247969489371,0.004906086716800928,0.8044000485423142,0.6671839401412454,2.6626650893819543,2.677670428548986,20.0
43.5,-74.5,4.526791572570801,0.26468199491500854,4.6000000000000005,4.7,4.800000000000001,5.1000000000000005,4.733333333333333,4.4,4.2,4.4,4.7,4.333333333333334,3.7,3.8000000000000003,4.0,4.3,3.8833333333333333,14.97,7.37,3.7800000000000002,2.39,6.841666666666667,49.0,22.700000000000003,19.900000000000002,13.200000000000001,25.683333333333334,5.6000000000000005,4.5,3.5,3.3000000000000003,4.183333333333334,691.1325196814133,0.4189999997615814,39.57116672541417,34.391117377511456,36.21557983785689,0.009038888849318027,0.8075472709691596,0.6671839401412454,0.0,0.0,4.0
43.5,-73.5,7.3801093101501465,0.25715693831443787,4.9,5.2,5.300000000000001,5.6000000000000005,5.2,4.7,4.5,4.7,4.9,4.633333333333333,3.9000000000000004,3.9000000000000004,4.1000000000000005,4.3,4.0,15.85,4.03,2.23,0.49,5.1000000000000005,49.2,17.0,13.600000000000001,8.200000000000001,20.666666666666668,4.4,3.1,2.3000000000000003,1.9000000000000001,2.916666666666667,720.8806762266704,0.4189999997615814,51.93730164327527,49.87100641794203,52.0537414486212,0.008480379357933998,0.6502665690744481,0.6671839401412454,2.6740452488900175,2.6740452488900175,13.0
43.5,-72.5,6.382969379425049,0.241636723279953,4.1000000000000005,4.1000000000000005,4.2,4.7,4.15,5.1000000000000005,5.0,5.1000000000000005,5.300000000000001,5.066666666666666,4.1000000000000005,4.3,4.4,4.5,4.316666666666666,30.82,15.9,9.19,5.95,15.031666666666666,53.800000000000004,35.2,28.0,17.2,34.7,5.5,3.7,2.5,2.1,3.4,783.9981956146922,0.4189999997615814,36.35472222222222,32.80777777777778,33.19111111111111,0.005668237805366516,0.7032833089622993,0.6671839401412454,1.399999976158142,1.399999976158142,4.0
43.5,-71.5,6.887483596801758,0.22873198986053467,4.2,4.3,4.4,4.9,4.333333333333334,4.9,4.9,5.1000000000000005,5.2,5.0,3.8000000000000003,4.0,4.2,4.3,4.066666666666666,21.63,7.92,3.8000000000000003,1.83,8.145000000000001,57.300000000000004,21.8,17.2,10.600000000000001,25.416666666666664,4.0,3.1,2.1,2.0,2.75,795.4476731682125,0.4189999997615814,36.013156958964515,31.21221819216272,32.31825616954698,0.005330998450517654,0.7288873840334072,0.6671839401412454,0.0,0.2225794063350173,3.0
43.5,-70.5,7.703807353973389,0.2151496410369873,4.6000000000000005,4.9,5.1000000000000005,5.4,4.95,5.2,5.300000000000001,5.4,5.5,5.333333333333334,4.2,4.3,4.4,4.6000000000000005,4.333333333333334,14.71,4.61,2.09,0.74,5.033333333333333,32.0,13.8,10.600000000000001,6.2,15.233333333333334,3.1,2.3000000000000003,1.6,1.5,2.083333333333333,520.7960279011331,0.4189999997615814,32.818762387139394,32.454085003303234,32.454085003303234,0.005954390857368708,0.5743642595888994,0.6671839401412454,0.0,0.4034293006733297,6.0
44.5,-123.5,10.194973945617676,0.2677544951438904,5.1000000000000005,5.1000000000000005,5.1000000000000005,5.2,5.1,5.1000000000000005,5.1000000000000005,5.1000000000000005,5.2,5.1,4.0,4.1000000000000005,4.1000000000000005,4.2,4.083333333333334,18.7,7.3,4.1,2.11,7.6000000000000005,50.1,40.7,31.200000000000003,29.900000000000002,37.516666666666666,5.800000000000001,4.5,3.6,3.2,4.266666666666667,839.4014723765973,0.43700000643730164,52.85381944444445,52.12284722222222,53.659166666666664,0.020111264660954475,1.0350241595807768,0.9389996194580489,0.0,0.0,21.0
44.5,-122.5,9.320588111877441,0.2703596353530884,5.7,5.7,5.800000000000001,5.9,5.75,5.4,5.4,5.4,5.4,5.4,4.2,4.2,4.2,4.3,4.199999999999999,3.48,2.48,2.38,1.0,2.5966666666666667,34.4,32.1,30.0,29.400000000000002,31.433333333333334,4.2,4.1000000000000005,3.6,3.5,3.8666666666666663,758.5415605455893,0.44699999690055847,40.80895833333334,39.711875,41.297916666666666,0.017531774938106537,1.3396279724905238,0.9389996194580489,0.0,0.0,11.0
44.5,-121.5,7.747379302978516,0.2609195113182068,5.2,5.300000000000001,5.4,5.4,5.333333333333334,5.7,5.7,5.800000000000001,5.9,5.75,4.5,4.4,4.4,4.6000000000000005,4.416666666666667,34.49,9.78,3.97,2.02,10.993333333333334,62.5,47.0,37.5,36.7,44.83333333333333,3.7,3.3000000000000003,2.7,2.6,3.066666666666667,444.58844424815345,0.4189999997615814,71.82166666666667,71.76458333333333,72.3875,0.04796679690480232,0.5257431815836972,0.9389996194580489,15.106393416154038,16.83114572625594,5.0
44.5,-120.5,6.099010467529297,0.2573317885398865,6.6000000000000005,6.7,6.7,6.800000000000001,6.683333333333334,6.0,6.1000000000000005,6.2,6.2,6.133333333333333,4.6000000000000005,4.6000000000000005,4.7,4.800000000000001,4.65,4.8,1.94,1.23,0.61,2.0616666666666665,21.200000000000003,18.400000000000002,17.1,17.400000000000002,18.21666666666667,3.9000000000000004,3.4000000000000004,2.4000000000000004,2.4000000000000004,2.9833333333333334,322.85734262021987,0.43700000643730164,94.55902777777777,96.24930555555555,96.2125,0.07475422322750092,0.07557695657871101,0.9389996194580489,27.00234943734858,30.751174718674292,3.0
44.5,-119.5,7.430654048919678,0.25862300395965576,6.1000000000000005,6.300000000000001,6.300000000000001,6.5,6.2666666666666675,7.4,7.300000000000001,7.5,7.6000000000000005,7.416666666666666,6.4,6.300000000000001,6.300000000000001,6.300000000000001,6.316666666666667,12.42,3.71,1.78,0.88,4.196666666666667,33.1,28.1,25.8,26.1,27.78333333333333,3.2,3.4000000000000004,3.6,3.8000000000000003,3.466666666666667,350.1858377162089,0.43700000643730164,90.64111111111112,91.90527777777778,92.3775,0.04918869584798813,0.08054911594699267,0.9389996194580489,29.415482213849852,33.747740925626374,2.0
44.5,-118.5,4.893197536468506,0.26211419701576233,6.7,6.800000000000001,6.9,6.9,6.833333333333334,6.1000000000000005,6.2,6.2,6.300000000000001,6.183333333333334,4.9,5.0,4.9,5.1000000000000005,4.933333333333334,8.48,3.7,1.74,0.87,3.5166666666666666,35.9,33.6,32.9,30.5,33.63333333333333,3.0,3.2,3.1,3.0,3.1166666666666667,436.6979023322269,0.43700000643730164,85.66527777777777,86.43180555555556,87.89875,0.022140521556138992,0.17081640521948888,0.9389996194580489,20.082319872323886,25.4962047550523,2.0
44.5,-117.5,7.367448329925537,0.25862807035446167,6.1000000000000005,6.300000000000001,6.300000000000001,6.4,6.2666666666666675,6.9,6.800000000000001,6.9,7.0,6.866666666666667,6.2,6.1000000000000005,6.1000000000000005,6.1000000000000005,6.116666666666667,11.75,3.2,1.6,0.85,3.825,34.1,29.8,27.6,27.8,29.416666666666668,2.4000000000000004,2.6,2.5,2.5,2.5166666666666666,235.02690235790342,0.43700000643730164,96.71465277777777,99.44881944444444,98.65645833333333,0.035581715404987335,0.10426340036227336,0.9389996194580489,27.873481048118606,33.05339365159156,12.0
44.5,-116.5,8.465339660644531,0.26012152433395386,6.300000000000001,6.4,6.4,6.300000000000001,6.383333333333334,6.7,6.7,6.800000000000001,6.800000000000001,6.75,6.1000000000000005,6.1000000000000005,6.2,6.300000000000001,6.15,6.72,3.63,1.79,1.01,3.225,31.400000000000002,27.900000000000002,25.700000000000003,25.1,27.383333333333336,2.9000000000000004,3.3000000000000003,3.3000000000000003,3.3000000000000003,3.2333333333333334,313.89676713067905,0.43700000643730164,84.89048611111112,89.80763888888889,91.46208333333334,0.020580008625984192,0.20151612786502132,1.7297361411069323,20.003102778270243,21.25045181487473,12.0
44.5,-115.5,1.7643370628356934,0.24997267127037048,6.0,6.1000000000000005,6.2,6.2,6.133333333333333,5.6000000000000005,5.5,5.7,5.800000000000001,5.616666666666667,4.3,4.3,4.4,4.6000000000000005,4.35,8.66,3.25,1.92,0.8300000000000001,3.486666666666667,27.8,19.0,16.400000000000002,15.4,19.166666666666664,2.8000000000000003,2.5,2.1,1.9000000000000001,2.35,381.4502326018281,0.4189999997615814,43.67104166666667,43.93479166666667,50.736736111111114,0.007920261472463608,0.45746955006563644,1.7297361411069323,1.2504518148747266,1.2504518148747266,2.0
44.5,-114.5,1.1373848915100098,0.25060927867889404,6.0,6.1000000000000005,6.2,6.2,6.133333333333333,5.800000000000001,5.800000000000001,5.9,5.9,5.85,4.7,4.800000000000001,4.800000000000001,4.800000000000001,4.783333333333333,10.290000000000001,3.72,1.72,0.97,3.815,25.5,21.8,19.8,19.0,21.416666666666664,3.1,2.8000000000000003,2.4000000000000004,2.2,2.6500000000000004,271.1375555711234,0.43700000643730164,66.85895833333333,70.65388888888889,71.27743055555555,1.1294307569187367e-06,0.2267149290169065,1.7297361411069323,13.296532107630714,10.751548296699838,2.0
44.5,-113.5,1.309319019317627,0.24602878093719482,7.300000000000001,7.4,7.5,7.6000000000000005,7.433333333333334,6.2,6.1000000000000005,6.2,6.300000000000001,6.166666666666666,4.9,4.9,4.9,5.1000000000000005,4.9,3.5100000000000002,2.24,1.44,0.88,2.0516666666666667,22.0,21.8,19.0,17.8,20.433333333333334,3.3000000000000003,2.7,2.7,2.5,2.8000000000000003,203.9372584272891,0.43700000643730164,91.51618055555555,95.07902777777778,94.876875,1.80929185208175e-14,0.15977171552467204,1.7297361411069323,15.388664540158615,9.454014967313622,7.0
44.5,-112.5,2.3133742809295654,0.23999710381031036,7.4,7.6000000000000005,7.7,7.9,7.616666666666667,7.0,7.0,7.1000000000000005,7.2,7.050000000000001,6.5,6.5,6.5,6.6000000000000005,6.5,2.23,2.1,1.6300000000000001,1.08,1.8866666666666667,22.700000000000003,23.5,24.400000000000002,22.900000000000002,23.81666666666667,3.1,2.7,2.4000000000000004,2.3000000000000003,2.6166666666666667,215.08807390287672,0.43700000643730164,92.30597222222222,94.45180555555555,95.61965277777777,0.0011728941462934017,0.13378388035149105,1.7297361411069323,13.188015447868636,16.779216903318783,16.0
44.5,-111.5,2.078251838684082,0.24309112131595612,6.800000000000001,6.9,7.1000000000000005,7.300000000000001,6.983333333333333,5.5,5.5,5.6000000000000005,5.7,5.550000000000001,4.7,4.7,4.7,4.9,4.7,3.56,2.15,1.35,0.93,1.985,22.0,22.400000000000002,19.8,19.8,21.03333333333333,2.4000000000000004,2.8000000000000003,2.4000000000000004,2.2,2.5333333333333337,332.69459751451745,0.43700000643730164,74.67613318410744,75.51636821488528,79.11345831001678,0.0029747257940471172,0.3344467341370887,1.7297361411069323,10.78299431410731,11.294459944077541,12.0
44.5,-110.5,0.5552056431770325,0.2451120913028717,5.7,5.7,5.800000000000001,6.0,5.75,5.300000000000001,5.300000000000001,5.4,5.5,5.35,4.1000000000000005,4.0,4.1000000000000005,4.3,4.066666666666666,5.8,2.64,1.25,0.9500000000000001,2.4716666666666667,19.5,14.5,10.8,9.8,13.483333333333333,3.6,2.8000000000000003,2.1,2.1,2.583333333333333,300.4291578679007,0.43700000643730164,66.04953447774221,66.25436427116672,71.21326738434682,1.9516528150520518e-12,0.43875810831537,1.7297361411069323,5.25,2.9000000953674316,4.0
44.5,-109.5,2.6916122436523438,0.2440030574798584,5.4,5.5,5.5,5.6000000000000005,5.483333333333333,6.0,6.0,6.0,6.2,6.0,5.4,5.4,5.5,5.6000000000000005,5.45,7.18,3.11,1.48,0.86,2.9733333333333336,23.8,22.5,20.8,20.700000000000003,21.866666666666667,3.6,3.5,2.9000000000000004,2.7,3.216666666666667,232.69619076911238,0.43700000643730164,76.029375,76.47743055555556,75.89583333333333,0.0015927815111353993,0.2762235163194198,1.7297361411069323,15.500000000000002,15.500000000000002,4.0
44.5,-108.5,7.072371006011963,0.23646587133407593,7.800000000000001,8.0,8.0,8.200000000000001,7.966666666666667,8.1,8.200000000000001,8.200000000000001,8.3,8.183333333333334,7.300000000000001,7.300000000000001,7.4,7.4,7.35,2.77,1.42,0.9400000000000001,0.5700000000000001,1.405,17.400000000000002,16.2,15.9,15.700000000000001,16.25,1.7000000000000002,2.1,2.3000000000000003,2.3000000000000003,2.1333333333333333,139.9320092584525,0.44699999690055847,93.73430555555555,95.44,96.03569444444445,0.0038907877169549465,0.01550233274501453,1.7297361411069323,3.7513554446241795,3.7513554446241795,8.0
44.5,-107.5,1.6983963251113892,0.23086494207382202,7.5,7.6000000000000005,7.7,8.0,7.633333333333333,7.5,7.5,7.6000000000000005,7.800000000000001,7.550000000000001,7.0,6.9,7.0,7.1000000000000005,6.966666666666667,1.9100000000000001,1.32,0.98,0.62,1.2483333333333333,16.2,16.2,16.0,15.3,16.1,2.3000000000000003,2.7,2.9000000000000004,2.9000000000000004,2.7333333333333334,280.82881124397727,0.43700000643730164,77.91222222222223,78.67986111111111,80.55354166666666,0.01105634868144989,0.16700910052768916,1.7297361411069323,13.298517761143074,14.598517951877938,9.0
44.5,-106.5,7.046289443969727,0.2316126823425293,6.6000000000000005,6.7,6.800000000000001,7.0,6.733333333333334,7.1000000000000005,7.1000000000000005,7.300000000000001,7.6000000000000005,7.2,7.2,7.0,7.1000000000000005,7.300000000000001,7.083333333333334,5.14,3.14,2.08,1.04,2.9433333333333334,22.8,19.8,20.6,19.1,20.7,2.1,2.4000000000000004,2.3000000000000003,2.4000000000000004,2.3,251.3483201882758,0.41200000047683716,89.76451388888889,93.50694444444444,94.2325,0.03316790610551834,0.035570947258428603,1.7297361411069323,9.96182146940491,9.424750312066173,12.0
44.5,-105.5,7.249025344848633,0.22934654355049133,6.9,7.1000000000000005,7.300000000000001,7.9,7.166666666666667,6.800000000000001,6.800000000000001,6.9,7.1000000000000005,6.85,6.800000000000001,6.7,6.7,7.0,6.716666666666667,2.6,1.68,1.17,0.64,1.5783333333333334,19.700000000000003,20.0,20.3,19.700000000000003,20.1,2.3000000000000003,2.6,2.7,2.7,2.6,234.5536774128677,0.41200000047683716,92.47055555555555,99.0,99.0,0.06340552121400833,0.03172483020446198,1.7297361411069323,16.779598998151332,12.907970819713142,11.0
44.5,-104.5,6.34313440322876,0.22737102210521698,6.7,6.800000000000001,7.0,7.5,6.883333333333333,6.2,6.300000000000001,6.300000000000001,6.5,6.283333333333333,5.1000000000000005,5.2,5.1000000000000005,5.2,5.133333333333334,3.17,1.85,1.08,0.65,1.685,19.5,20.400000000000002,21.1,20.3,20.6,3.3000000000000003,3.1,2.3000000000000003,2.3000000000000003,2.7333333333333334,307.5722775231398,0.41200000047683716,91.00152777777778,98.08027777777778,98.54305555555555,0.04878860339522362,0.07634806895077281,1.7297361411069323,0.0,0.0,13.0
44.5,-103.5,8.081425666809082,0.22690518200397491,6.6000000000000005,6.6000000000000005,6.7,7.300000000000001,6.65,7.0,7.0,7.1000000000000005,7.300000000000001,7.050000000000001,6.1000000000000005,6.1000000000000005,6.0,6.1000000000000005,6.05,2.27,1.3800000000000001,0.99,0.61,1.3333333333333335,20.5,21.1,23.200000000000003,21.200000000000003,22.05,2.9000000000000004,2.8000000000000003,2.7,2.6,2.7666666666666666,343.55344104970413,0.44699999690055847,94.86916666666667,98.21333333333334,98.59020833333334,0.03560737147927284,0.09387515067515156,1.1613942661717973,18.57849685646446,18.57849685646446,14.0
44.5,-102.5,8.068395614624023,0.22812995314598083,6.800000000000001,6.800000000000001,6.7,6.7,6.75,7.2,7.2,7.4,7.6000000000000005,7.3,6.4,6.4,6.4,6.7,6.4,2.7,2.06,1.2,0.73,1.7366666666666668,27.1,26.900000000000002,26.1,25.0,26.533333333333335,2.6,2.6,2.7,2.7,2.6500000000000004,282.493607156533,0.44699999690055847,98.71708333333333,99.28291666666667,99.0,0.05435118451714516,0.05017832481222102,1.1613942661717973,15.474404266993176,15.369442677040865,12.0
44.5,-101.5,8.233357429504395,0.22665350139141083,7.300000000000001,7.4,7.6000000000000005,7.800000000000001,7.483333333333334,6.9,7.0,7.2,7.300000000000001,7.083333333333334,6.6000000000000005,6.7,6.6000000000000005,6.800000000000001,6.633333333333334,2.57,1.56,1.03,0.6900000000000001,1.4633333333333334,29.700000000000003,29.700000000000003,29.6,29.200000000000003,29.650000000000002,2.8000000000000003,2.9000000000000004,2.9000000000000004,2.9000000000000004,2.8833333333333337,287.7847506103915,0.44699999690055847,98.54548611111112,98.96138888888889,98.96722222222222,0.04995030164718628,0.060543127302334805,1.1613942661717973,37.71097861879015,37.50090362974946,11.0
44.5,-100.5,8.439347267150879,0.22992762923240662,7.2,7.300000000000001,7.4,7.9,7.333333333333333,7.1000000000000005,7.1000000000000005,7.2,7.4,7.15,6.2,6.300000000000001,6.2,6.4,6.233333333333333,2.74,1.59,1.04,0.77,1.5066666666666668,30.900000000000002,31.5,31.5,29.0,31.4,3.1,3.0,3.0,2.9000000000000004,3.0166666666666666,281.1650630123846,0.44699999690055847,93.08215277777778,96.26993055555556,98.42965277777778,0.06584765762090683,0.058991993054059624,1.1613942661717973,20.415000915527344,20.0,21.0
44.5,-99.5,7.127488613128662,0.23319923877716064,6.800000000000001,7.0,7.2,7.800000000000001,7.066666666666666,6.7,6.800000000000001,7.1000000000000005,7.4,6.933333333333334,6.1000000000000005,6.1000000000000005,6.1000000000000005,6.300000000000001,6.1,2.7800000000000002,2.0,1.22,0.72,1.7400000000000002,24.0,23.5,23.700000000000003,21.900000000000002,23.683333333333334,2.7,2.6,2.6,2.5,2.6166666666666667,362.1192546907801,0.43700000643730164,90.20326388888888,94.02395833333334,96.84465277777778,0.044365085661411285,0.07560383463193744,1.1613942661717973,0.0,0.0,39.0
44.5,-98.5,7.349796295166016,0.23604601621627808,6.6000000000000005,6.800000000000001,7.0,7.9,6.866666666666667,6.6000000000000005,6.7,6.9,7.1000000000000005,6.783333333333333,5.800000000000001,5.800000000000001,5.9,6.0,5.85,4.38,2.22,1.3,0.88,2.12,23.5,22.700000000000003,22.8,19.5,22.883333333333333,2.9000000000000004,2.6,2.6,2.6,2.6500000000000004,412.2600774485178,0.43700000643730164,90.09118055555555,94.09118055555555,96.89479166666666,0.02981387823820114,0.09531940300576161,1.1613942661717973,0.0,0.0,78.0
44.5,-97.5,6.600245952606201,0.24744267761707306,6.800000000000001,6.9,7.0,7.4,6.933333333333334,6.6000000000000005,6.7,6.9,7.0,6.783333333333333,5.9,6.0,6.1000000000000005,6.2,6.033333333333333,4.0200000000000005,2.66,1.55,0.86,2.3316666666666666,27.8,25.6,24.0,23.1,25.166666666666664,3.0,3.2,2.9000000000000004,2.8000000000000003,3.0166666666666666,385.49721051338133,0.43700000643730164,90.95173611111112,94.16402777777778,96.73743055555556,0.034971170127391815,0.13100500929894832,1.1613942661717973,0.0,0.0,77.0
44.5,-96.5,6.116241931915283,0.25988879799842834,6.9,7.0,7.1000000000000005,7.7,7.033333333333333,6.7,6.7,6.9,7.0,6.800000000000001,5.800000000000001,5.9,5.9,5.9,5.883333333333333,4.74,2.9,2.02,1.18,2.7666666666666666,27.0,25.8,24.400000000000002,21.0,25.3,3.2,3.2,2.8000000000000003,2.8000000000000003,3.0,401.93209811068243,0.43700000643730164,92.41881944444444,94.0,96.096875,0.04005506634712219,0.1796426801185396,1.1613942661717973,8.152945451375608,6.1322158146279415,79.0
44.5,-95.5,7.004187107086182,0.2676796317100525,7.1000000000000005,7.2,7.2,7.4,7.183333333333334,7.0,7.0,7.0,7.2,7.0,5.7,5.800000000000001,5.800000000000001,5.7,5.783333333333333,4.83,2.77,2.15,1.32,2.8033333333333337,30.8,29.200000000000003,26.8,23.400000000000002,28.266666666666666,3.6,3.6,3.3000000000000003,3.2,3.45,365.02394142161006,0.43700000643730164,91.72729166666667,93.15152777777777,95.57576388888889,0.03403365612030029,0.1906997073516771,1.1366837498702698,24.95052391445088,21.03505273476784,75.0
44.5,-94.5,6.99778938293457,0.2708541452884674,7.0,7.0,7.1000000000000005,7.2,7.050000000000001,6.800000000000001,6.800000000000001,6.800000000000001,6.9,6.800000000000001,5.6000000000000005,5.7,5.7,5.7,5.683333333333334,5.29,3.69,2.39,2.38,3.3066666666666666,29.8,27.8,26.6,23.6,27.53333333333333,3.5,3.5,3.1,3.0,3.3,380.8071258847608,0.43700000643730164,89.80444444444444,91.75555555555556,94.7311111111111,0.01294343825429678,0.22016284853194404,1.1366837498702698,26.399999618530273,21.18000030517578,71.0
44.5,-93.5,6.647640228271484,0.2721252143383026,6.300000000000001,6.4,6.300000000000001,6.4,6.333333333333334,6.1000000000000005,6.1000000000000005,6.1000000000000005,6.2,6.1,5.4,5.5,5.5,5.5,5.483333333333333,5.45,3.11,2.0300000000000002,1.42,2.96,27.200000000000003,26.1,25.200000000000003,22.8,25.833333333333336,3.6,3.1,2.6,2.6,2.9333333333333336,399.423862337536,0.44699999690055847,83.93743055555555,84.28583333333333,86.294375,0.023332372307777405,0.3170168222793498,1.1366837498702698,21.356759526643728,23.93707077586901,66.0
44.5,-92.5,6.896743297576904,0.2716136872768402,6.0,5.9,6.1000000000000005,5.9,6.0166666666666675,6.2,6.1000000000000005,6.2,6.2,6.166666666666666,5.0,5.2,5.1000000000000005,5.1000000000000005,5.116666666666667,5.03,2.79,1.8900000000000001,2.14,2.713333333333334,29.6,20.3,16.3,15.0,19.85,2.6,2.5,1.8,1.7000000000000002,2.1666666666666665,478.6743945178548,0.44699999690055847,81.16416666666667,83.69416666666666,84.56868055555556,0.01871717907488346,0.31710094678571765,1.1366837498702698,15.785319732426146,18.200000762939453,74.0
44.5,-91.5,6.734775066375732,0.27044931054115295,6.0,6.0,5.9,5.800000000000001,5.95,5.800000000000001,5.7,5.7,5.7,5.716666666666667,4.9,5.0,5.0,4.9,4.983333333333333,5.23,1.67,0.75,0.53,1.8033333333333335,25.3,15.600000000000001,13.5,13.5,16.166666666666668,2.6,2.4000000000000004,1.8,1.8,2.1333333333333333,498.1906624099381,0.44699999690055847,79.518125,83.13395833333334,83.44173611111111,0.0369088277220726,0.3041851372174446,1.1366837498702698,16.670000076293945,18.200000762939453,68.0
44.5,-90.5,5.840364456176758,0.26492056250572205,5.2,5.2,5.300000000000001,5.2,5.25,5.2,5.1000000000000005,5.2,5.4,5.166666666666666,4.5,4.6000000000000005,4.7,4.7,4.633333333333333,6.68,2.96,1.03,0.58,2.615,25.200000000000003,13.8,12.3,13.3,14.950000000000001,2.2,2.1,1.4000000000000001,1.4000000000000001,1.7666666666666666,494.91532004191606,0.4189999997615814,84.3680405922013,86.52026134704941,87.89504413706818,0.03673209249973297,0.310334541400984,1.1366837498702698,5.7018435120074065,5.7018435120074065,55.0
44.5,-89.5,6.400632381439209,0.2536018490791321,5.2,5.300000000000001,5.4,5.7,5.333333333333334,5.800000000000001,5.7,5.7,5.7,5.716666666666667,4.9,5.0,5.0,5.1000000000000005,4.983333333333333,5.74,2.46,0.84,0.44,2.1966666666666668,22.6,16.0,13.4,11.4,15.8,3.0,2.7,2.0,1.9000000000000001,2.4,501.65977484007567,0.4189999997615814,85.52779717837687,87.41772593937701,88.67565302416538,0.02776206098496914,0.32875785314731215,1.1366837498702698,5.508062983996171,5.105686867092192,61.0
44.5,-88.5,6.623890399932861,0.24382270872592926,5.5,5.6000000000000005,5.6000000000000005,5.9,5.583333333333334,6.300000000000001,6.2,6.2,6.300000000000001,6.216666666666667,5.300000000000001,5.4,5.4,5.6000000000000005,5.383333333333334,4.22,2.17,0.8,0.78,1.8266666666666667,20.400000000000002,10.100000000000001,8.4,7.2,10.966666666666667,2.6,2.3000000000000003,1.5,1.4000000000000001,1.95,483.132324501667,0.44999998807907104,70.97946298984034,70.97452830188679,72.4533381712627,0.014760011807084084,0.2771773576789181,1.1366837498702698,68.32495319726618,68.29495441796932,63.0
44.5,-85.5,6.620871067047119,0.2015380859375,5.5,5.5,5.6000000000000005,5.9,5.550000000000001,5.300000000000001,5.2,5.300000000000001,5.5,5.2666666666666675,4.800000000000001,4.9,4.9,5.0,4.883333333333334,10.31,5.36,3.31,3.36,5.16,25.200000000000003,10.8,8.700000000000001,5.7,12.150000000000002,1.9000000000000001,1.0,0.7000000000000001,0.7000000000000001,1.0,663.6825654719835,0.4189999997615814,44.70655312847094,41.60873750462792,47.255460940392446,0.010294430889189243,0.3622284009286345,1.1366837498702698,0.0,0.844999983906746,34.0
44.5,-84.5,6.187376022338867,0.21517516672611237,5.1000000000000005,5.2,5.300000000000001,5.800000000000001,5.233333333333334,5.300000000000001,5.2,5.300000000000001,5.5,5.2666666666666675,4.6000000000000005,4.7,4.7,4.800000000000001,4.683333333333334,6.46,4.28,1.69,2.0,3.3483333333333336,16.1,8.700000000000001,8.200000000000001,8.200000000000001,9.683333333333334,2.7,1.8,1.4000000000000001,1.2000000000000002,1.75,561.8935519180098,0.4189999997615814,47.058765847166775,44.481263570778175,49.82888562022834,0.008290805853903294,0.30485811833347226,1.1366837498702698,0.0,2.3801012613794152,24.0
44.5,-83.5,6.766403675079346,0.22036390006542206,5.300000000000001,5.300000000000001,5.5,5.800000000000001,5.4,5.800000000000001,5.7,5.800000000000001,6.1000000000000005,5.7666666666666675,4.800000000000001,4.9,4.9,5.0,4.883333333333334,6.69,3.73,1.3900000000000001,1.09,3.0533333333333337,18.7,12.200000000000001,8.700000000000001,7.5,11.533333333333335,2.4000000000000004,2.0,1.5,1.3,1.8166666666666667,280.4163103604837,0.4189999997615814,46.97810643996739,45.50786071969256,50.05764527774543,0.017181791365146637,0.2048512924906663,1.1366837498702698,0.0,1.5399999618530273,17.0
44.5,-75.5,6.582249164581299,0.2739613652229309,5.9,6.1000000000000005,6.2,6.6000000000000005,6.116666666666667,5.1000000000000005,4.9,5.1000000000000005,5.4,5.033333333333333,4.6000000000000005,4.7,4.7,5.0,4.683333333333334,7.21,3.46,1.57,0.68,3.14,26.700000000000003,23.3,20.900000000000002,20.0,22.666666666666668,4.1000000000000005,2.9000000000000004,2.2,2.0,2.75,627.7109594768541,0.43700000643730164,58.66555973728876,55.43207143384252,59.8642166629769,0.011156462132930756,0.39273380570634286,0.6671839401412454,7.54886137888368,7.54886137888368,28.0
44.5,-74.5,4.590102672576904,0.27030324935913086,5.5,5.6000000000000005,5.7,5.9,5.633333333333333,4.5,4.3,4.4,4.800000000000001,4.383333333333334,3.8000000000000003,4.0,4.2,4.4,4.066666666666666,8.53,5.13,2.98,1.62,4.621666666666667,27.0,17.7,14.700000000000001,9.8,17.75,4.7,3.5,2.7,2.5,3.3000000000000003,676.5397768372217,0.4189999997615814,38.41680695847362,31.751543209876544,36.535353535353536,0.005669423844665289,0.6309694848020697,0.6671839401412454,0.0,1.4177936987420585,7.0
44.5,-73.5,6.748999118804932,0.2648950219154358,4.5,4.5,4.800000000000001,5.2,4.65,5.2,5.1000000000000005,5.1000000000000005,5.5,5.116666666666667,4.2,4.3,4.3,4.4,4.283333333333333,14.280000000000001,6.0,3.14,1.46,5.950000000000001,38.7,24.1,18.400000000000002,10.200000000000001,23.683333333333337,3.2,2.0,1.7000000000000002,1.4000000000000001,2.05,603.5818277199695,0.4189999997615814,48.290482274033856,43.755988502076015,47.58791121047589,0.011869336478412151,0.5609955661029254,0.6671839401412454,2.7509939927243985,2.7509939927243985,15.0
44.5,-72.5,5.169504642486572,0.25908997654914856,4.9,5.0,5.1000000000000005,5.4,5.033333333333333,4.6000000000000005,4.5,4.7,5.1000000000000005,4.616666666666667,4.0,4.2,4.3,4.7,4.216666666666667,0.0,0.0,0.0,0.0,8.865,40.7,26.400000000000002,21.700000000000003,14.3,26.433333333333337,4.7,3.6,2.9000000000000004,2.7,3.4333333333333336,718.986540026491,0.4189999997615814,37.038142966520496,32.4976682675576,33.24834690610427,0.006030841264873743,0.7511872464013342,0.6671839401412454,3.7736354952450863,3.0563948655830675,10.0
44.5,-71.5,4.786599636077881,0.24649879336357117,4.9,5.0,5.2,5.4,5.083333333333334,4.3,4.2,4.3,4.7,4.266666666666667,3.8000000000000003,3.8000000000000003,4.0,4.2,3.9,18.05,6.83,2.67,1.17,6.62,38.2,27.1,22.8,10.9,26.799999999999997,5.4,4.0,3.6,3.2,4.033333333333333,726.1926438324858,0.4189999997615814,36.79756944444444,28.938333333333333,31.26673611111111,0.0055428422056138515,0.8345844344022376,0.6671839401412454,0.0,0.0,3.0
44.5,-70.5,5.64706563949585,0.2378622591495514,4.2,4.2,4.4,4.800000000000001,4.3,5.1000000000000005,5.0,5.2,5.4,5.116666666666667,4.3,4.5,4.5,4.5,4.466666666666667,27.48,20.1,6.4,3.61,14.48,61.900000000000006,37.1,26.0,17.8,35.68333333333334,3.8000000000000003,2.6,2.1,1.8,2.55,727.4833936698881,0.4189999997615814,36.008344435874065,31.48152303485029,32.45929457962275,0.009029609151184559,0.7917928331928076,0.6671839401412454,5.424665609326222,4.726913506166316,5.0
44.5,-69.5,6.704622745513916,0.2330038845539093,4.6000000000000005,4.7,4.9,5.300000000000001,4.783333333333333,5.4,5.5,5.6000000000000005,5.7,5.533333333333333,4.2,4.3,4.4,4.5,4.333333333333334,20.0,4.92,2.3000000000000003,0.8300000000000001,6.123333333333334,42.6,16.0,13.5,6.7,19.183333333333334,3.1,2.3000000000000003,1.7000000000000002,1.4000000000000001,2.1333333333333333,720.8352723852964,0.4189999997615814,32.07236795336603,31.152058008104074,31.70548091277458,0.007956271059811115,0.7042886377955263,0.6671839401412454,0.0,1.0078642152600759,9.0
44.5,-68.5,6.8319525718688965,0.23187297582626343,4.6000000000000005,4.7,5.0,5.300000000000001,4.833333333333333,4.5,4.6000000000000005,4.800000000000001,5.0,4.683333333333334,3.9000000000000004,4.0,4.3,4.5,4.133333333333333,0.0,0.0,0.0,0.0,7.565,36.800000000000004,14.3,12.200000000000001,7.4,17.0,3.1,2.1,1.4000000000000001,1.3,1.9166666666666665,450.3244907783964,0.4189999997615814,33.219905922599956,30.460765447936712,31.353004062433182,0.004258394706994295,0.6948213149666386,0.6671839401412454,6.001445633423475,4.1409975124996405,3.0
45.5,-123.5,8.542682647705078,0.2740575969219208,5.300000000000001,5.300000000000001,5.300000000000001,5.4,5.300000000000001,5.1000000000000005,5.1000000000000005,5.1000000000000005,5.2,5.1,3.8000000000000003,3.7,3.8000000000000003,4.0,3.7666666666666666,0.0,0.0,0.0,0.0,6.036666666666667,37.5,33.1,28.6,26.700000000000003,31.583333333333332,7.300000000000001,5.0,4.4,4.1000000000000005,5.083333333333334,871.6473405403067,0.43700000643730164,47.913803019410494,46.56542056074766,47.86728971962617,0.016660170629620552,1.5833829289525563,0.9389996194580489,0.0,0.0,13.0
45.5,-122.5,11.675994873046875,0.2776477336883545,5.4,5.5,5.5,5.5,5.483333333333333,5.9,5.9,5.9,6.1000000000000005,5.9,5.0,4.9,4.9,4.800000000000001,4.916666666666667,9.35,5.23,2.93,1.77,4.766666666666667,32.1,28.8,25.3,23.400000000000002,27.6,3.3000000000000003,2.8000000000000003,2.6,2.5,2.783333333333333,675.082411949344,0.44699999690055847,58.732013888888886,58.38708333333334,60.60729166666667,0.022854072973132133,1.0823538248738183,0.9389996194580489,3.026106283341178,3.026106283341178,20.0
45.5,-121.5,7.39871072769165,0.25920140743255615,5.1000000000000005,5.2,5.2,5.300000000000001,5.183333333333334,6.0,5.9,5.9,6.0,5.916666666666667,4.6000000000000005,4.5,4.5,4.6000000000000005,4.516666666666667,16.240000000000002,5.86,2.93,1.6300000000000001,6.125,45.7,36.6,31.0,29.3,35.31666666666666,5.0,3.6,2.8000000000000003,2.6,3.4333333333333336,563.7142608045215,0.4189999997615814,63.71055555555556,63.63652777777778,65.59625,0.03645184636116028,0.756601131698064,0.9389996194580489,9.996343180367365,9.996343180367365,6.0
45.5,-120.5,10.464478492736816,0.25222593545913696,6.6000000000000005,6.6000000000000005,6.6000000000000005,6.800000000000001,6.6000000000000005,7.2,7.2,7.300000000000001,7.5,7.25,6.4,6.300000000000001,6.300000000000001,6.4,6.316666666666667,3.5100000000000002,1.27,0.8200000000000001,0.59,1.4183333333333334,22.0,19.200000000000003,18.6,18.0,19.366666666666667,1.9000000000000001,2.0,1.9000000000000001,2.0,1.9333333333333333,228.24874311178007,0.43700000643730164,89.94840277777777,94.58555555555556,96.15006944444444,0.058086760342121124,0.05300635424268784,0.9389996194580489,12.60404741755221,13.108851772945698,14.0
45.5,-119.5,10.340378761291504,0.25364530086517334,7.0,7.0,7.2,7.7,7.1,7.5,7.300000000000001,7.4,7.5,7.383333333333333,6.6000000000000005,6.6000000000000005,6.6000000000000005,6.7,6.6000000000000005,1.48,1.0,0.76,0.46,0.9600000000000001,15.8,16.1,16.900000000000002,16.900000000000002,16.450000000000003,1.6,1.9000000000000001,1.8,2.0,1.7999999999999998,280.4128607282873,0.43700000643730164,89.85347222222222,93.20347222222222,94.31798611111111,0.07570438086986542,0.08356157999249507,0.9389996194580489,12.185785865797202,12.468160648345476,20.0
45.5,-118.5,7.383384704589844,0.2667813003063202,7.5,7.5,7.7,8.0,7.6,7.1000000000000005,7.1000000000000005,7.1000000000000005,7.300000000000001,7.1,6.4,6.300000000000001,6.300000000000001,6.5,6.316666666666667,1.8,1.08,0.67,0.48,0.9950000000000001,16.7,17.7,17.5,17.7,17.433333333333334,2.4000000000000004,2.6,2.5,2.5,2.5166666666666666,390.28387085159795,0.43700000643730164,86.16902777777777,87.57604166666667,89.37284722222222,0.018805738538503647,0.21544581904468116,0.9389996194580489,17.253170169411167,20.000457102454078,20.0
45.5,-117.5,5.548593044281006,0.2707696557044983,6.6000000000000005,6.6000000000000005,6.7,7.1000000000000005,6.65,6.2,6.4,6.4,6.5,6.366666666666667,5.0,5.0,5.0,5.1000000000000005,5.0,3.0500000000000003,1.46,1.37,0.8300000000000001,1.6800000000000002,24.3,22.200000000000003,22.0,22.5,22.45,3.0,3.0,2.8000000000000003,2.8000000000000003,2.9000000000000004,406.91071474030076,0.43700000643730164,85.04534722222222,86.39652777777778,88.05479166666667,0.012026184238493443,0.3007761118704823,0.9389996194580489,12.670000076293947,15.000000000000002,7.0
45.5,-116.5,6.591371536254883,0.2691847085952759,6.7,6.800000000000001,6.800000000000001,7.2,6.783333333333333,6.5,6.4,6.5,6.5,6.466666666666667,5.6000000000000005,5.6000000000000005,5.6000000000000005,5.7,5.6,4.8500000000000005,2.87,1.84,1.11,2.685,24.1,24.900000000000002,23.1,22.6,23.866666666666667,3.3000000000000003,3.4000000000000004,3.3000000000000003,3.1,3.3333333333333335,399.22205370589626,0.43700000643730164,81.05944444444444,89.55631944444444,90.77604166666667,0.04531673341989517,0.25436467787813116,1.7297361411069323,17.98813532471002,18.92643525400466,6.0
45.5,-115.5,3.5384747982025146,0.25477302074432373,5.9,6.0,6.0,6.0,5.983333333333333,5.6000000000000005,5.6000000000000005,5.6000000000000005,5.800000000000001,5.6,5.2,5.300000000000001,5.300000000000001,5.4,5.283333333333333,9.47,3.99,2.15,0.81,3.9833333333333334,28.1,25.3,22.400000000000002,22.6,24.31666666666667,2.7,2.6,2.0,1.7000000000000002,2.3166666666666664,455.51890934331414,0.4189999997615814,46.200625,46.846875,53.416041666666665,0.013301500119268894,0.4070811271954323,1.7297361411069323,8.300000190734863,3.5999999046325684,1.0
45.5,-114.5,2.212181806564331,0.24307870864868164,5.9,5.9,6.0,6.0,5.949999999999999,6.300000000000001,6.300000000000001,6.300000000000001,6.4,6.300000000000001,5.5,5.5,5.5,5.6000000000000005,5.5,8.18,3.71,1.99,0.85,3.5950000000000006,21.6,17.7,15.100000000000001,13.100000000000001,17.05,2.8000000000000003,2.6,2.5,2.3000000000000003,2.5833333333333335,407.86081233379514,0.4189999997615814,46.80993055555555,47.67715277777778,53.414652777777775,0.011707330122590065,0.3695644241278557,1.7297361411069323,4.063016525738236,2.755038391801153,1.0
45.5,-113.5,2.296177625656128,0.23822693526744843,5.800000000000001,5.9,5.9,6.0,5.883333333333333,6.6000000000000005,6.6000000000000005,6.6000000000000005,6.800000000000001,6.6000000000000005,6.4,6.4,6.4,6.7,6.4,5.76,2.98,1.76,0.93,2.8333333333333335,20.5,17.5,14.9,13.4,16.7,2.6,2.8000000000000003,2.5,2.4000000000000004,2.6166666666666667,383.32824271803696,0.43700000643730164,70.56326388888888,71.8867361111111,76.03604166666666,0.00028005754575133324,0.2146460471098997,1.7297361411069323,15.350017950294717,15.350017950294717,6.0
45.5,-112.5,5.703128814697266,0.24176326394081116,5.800000000000001,6.0,6.0,6.0,5.966666666666667,7.6000000000000005,7.6000000000000005,7.7,7.800000000000001,7.65,7.1000000000000005,7.0,7.0,7.300000000000001,7.016666666666667,5.75,2.45,1.37,0.58,2.46,21.1,19.0,16.7,14.600000000000001,18.2,1.9000000000000001,2.1,2.3000000000000003,2.3000000000000003,2.166666666666667,290.40384357526176,0.43700000643730164,80.75236111111111,83.36055555555555,87.70194444444445,0.012358367443084717,0.10163504747810431,1.7297361411069323,6.773893907393687,6.773893907393687,12.0
45.5,-111.5,4.6435041427612305,0.24719470739364624,8.1,8.1,8.0,8.200000000000001,8.05,7.2,7.1000000000000005,7.4,7.6000000000000005,7.266666666666667,7.1000000000000005,7.0,7.1000000000000005,7.300000000000001,7.066666666666666,3.29,1.77,1.07,0.84,1.6733333333333333,27.6,25.200000000000003,23.1,22.0,24.55,2.3000000000000003,2.4000000000000004,2.4000000000000004,2.4000000000000004,2.3833333333333337,336.7464512225888,0.43700000643730164,77.70215277777778,79.65645833333333,84.1842361111111,0.017127560451626778,0.19554393430981115,1.7297361411069323,6.1244789031326015,6.1244789031326015,16.0
45.5,-110.5,3.780736207962036,0.24965909123420715,7.7,7.7,7.9,8.200000000000001,7.8,6.1000000000000005,6.1000000000000005,6.2,6.2,6.15,5.800000000000001,5.800000000000001,5.9,5.9,5.85,2.44,1.46,1.05,0.5700000000000001,1.4183333333333334,19.200000000000003,16.900000000000002,15.5,14.200000000000001,16.583333333333332,3.6,2.9000000000000004,2.4000000000000004,2.4000000000000004,2.7666666666666666,343.184856703572,0.43700000643730164,78.21444444444444,80.30951388888889,82.41576388888889,0.007955853827297688,0.2694148396192875,1.7297361411069323,25.621425458948597,26.37115119747615,10.0
45.5,-109.5,7.311275005340576,0.24842208623886108,6.9,7.1000000000000005,7.2,7.9,7.116666666666667,7.0,6.9,7.0,7.300000000000001,6.966666666666667,7.1000000000000005,7.1000000000000005,7.2,7.300000000000001,7.15,2.95,2.3000000000000003,1.12,0.7000000000000001,1.8183333333333334,21.200000000000003,20.900000000000002,22.0,18.7,21.5,2.6,2.6,2.7,2.7,2.6500000000000004,268.1008237354467,0.43700000643730164,88.03055555555555,90.44930555555555,90.87402777777778,0.020115438848733902,0.1719758296255376,1.7297361411069323,26.218272236188337,21.876109844702707,13.0
45.5,-108.5,7.450514316558838,0.24186772108078003,7.1000000000000005,7.300000000000001,7.6000000000000005,8.1,7.416666666666666,6.9,6.800000000000001,7.0,7.2,6.916666666666666,6.6000000000000005,6.7,6.7,6.9,6.683333333333334,1.85,1.3900000000000001,0.84,0.56,1.1916666666666667,21.900000000000002,23.900000000000002,24.400000000000002,21.5,23.81666666666667,2.6,2.7,2.7,2.7,2.6833333333333336,243.93272452404688,0.43700000643730164,88.28909722222222,89.84902777777778,91.57576388888889,0.05408678576350212,0.04978281730571589,1.7297361411069323,25.365621430385964,23.655621392238995,14.0
45.5,-107.5,7.913197040557861,0.2366357445716858,7.0,7.1000000000000005,7.2,8.1,7.133333333333333,7.6000000000000005,7.7,7.800000000000001,8.0,7.733333333333333,7.0,7.0,7.1000000000000005,7.300000000000001,7.050000000000001,2.63,1.5,1.07,0.56,1.4733333333333334,20.1,23.8,24.200000000000003,20.200000000000003,23.383333333333333,2.6,2.8000000000000003,2.8000000000000003,2.8000000000000003,2.7666666666666666,290.0028273862612,0.43700000643730164,93.07395833333334,94.68465277777777,95.63680555555555,0.04643552005290985,0.054721530042217595,1.7297361411069323,6.497623067238788,6.497623067238788,20.0
45.5,-106.5,7.196481704711914,0.23287749290466309,7.0,7.2,7.4,8.0,7.266666666666667,7.1000000000000005,7.0,7.300000000000001,7.5,7.166666666666667,6.5,6.4,6.4,6.6000000000000005,6.416666666666667,1.8,1.33,0.84,0.58,1.1633333333333333,19.8,22.900000000000002,23.3,21.6,22.583333333333336,2.4000000000000004,2.7,2.6,2.7,2.6,269.2511476133595,0.41200000047683716,96.9576388888889,98.99444444444444,98.99513888888889,0.049494992941617966,0.043078019218063056,1.7297361411069323,4.313422139528052,3.4987201131285777,17.0
45.5,-105.5,7.588308811187744,0.22851653397083282,7.1000000000000005,7.300000000000001,7.6000000000000005,8.1,7.416666666666666,7.2,7.2,7.5,7.7,7.35,6.9,6.800000000000001,6.800000000000001,7.1000000000000005,6.816666666666666,2.24,1.5,0.9500000000000001,0.64,1.3483333333333334,18.0,19.200000000000003,19.900000000000002,19.0,19.35,2.4000000000000004,2.3000000000000003,2.4000000000000004,2.6,2.3666666666666667,260.48593037748043,0.43700000643730164,96.30041666666666,99.71861111111112,98.66194444444444,0.052196819335222244,0.033628755648107016,1.7297361411069323,20.0,20.0,15.0
45.5,-104.5,7.880734920501709,0.22801250219345093,7.0,7.300000000000001,7.5,8.0,7.35,7.2,7.1000000000000005,7.5,7.7,7.316666666666666,7.2,7.300000000000001,7.2,7.5,7.2333333333333325,2.2,1.54,0.96,0.62,1.36,18.5,21.0,21.8,21.400000000000002,20.983333333333334,2.4000000000000004,2.7,2.7,2.9000000000000004,2.6500000000000004,253.53092747333423,0.43700000643730164,96.53034722222222,99.54881944444445,99.4192361111111,0.05984380841255188,0.05082112257134901,1.7297361411069323,32.5,32.0,13.0
45.5,-103.5,7.158866882324219,0.2242497205734253,7.0,7.300000000000001,7.7,8.3,7.449999999999999,7.0,7.0,7.5,7.6000000000000005,7.25,7.1000000000000005,7.1000000000000005,7.1000000000000005,7.4,7.1,2.06,1.46,0.88,0.58,1.27,18.7,19.5,20.200000000000003,18.900000000000002,19.71666666666667,2.6,2.5,2.6,2.6,2.5666666666666664,267.92642838765937,0.43700000643730164,94.69916666666667,98.80854166666667,98.61770833333334,0.04264778271317482,0.03766856721930974,1.1613942661717973,0.0,0.0,15.0
45.5,-102.5,6.891105651855469,0.22266364097595215,7.1000000000000005,7.2,7.6000000000000005,7.9,7.383333333333333,7.2,7.2,7.4,7.6000000000000005,7.3,6.6000000000000005,6.5,6.5,6.7,6.516666666666667,2.46,1.45,1.07,0.68,1.4283333333333332,22.8,22.1,22.700000000000003,20.8,22.516666666666666,2.5,2.4000000000000004,2.4000000000000004,2.4000000000000004,2.416666666666667,300.7471228559524,0.43700000643730164,97.71840277777778,99.99354166666667,99.131875,0.053864941000938416,0.03592494297050418,1.1613942661717973,19.799999237060547,19.799999237060547,24.0
45.5,-101.5,6.997396469116211,0.22523748874664307,6.800000000000001,6.800000000000001,7.0,7.6000000000000005,6.9,7.1000000000000005,7.2,7.4,7.5,7.283333333333333,6.300000000000001,6.2,6.300000000000001,6.6000000000000005,6.266666666666667,2.75,1.96,1.22,0.72,1.7216666666666667,20.6,20.400000000000002,19.3,19.3,19.883333333333333,2.5,2.1,2.1,2.2,2.166666666666667,311.81706893371114,0.43700000643730164,97.59618055555555,99.99319444444444,99.05493055555556,0.056293219327926636,0.04647948667777721,1.1613942661717973,22.0,22.0,22.0
45.5,-100.5,7.10989236831665,0.2289186269044876,6.9,7.1000000000000005,7.1000000000000005,7.800000000000001,7.066666666666666,7.1000000000000005,7.0,7.2,7.4,7.116666666666667,6.1000000000000005,6.2,6.2,6.4,6.183333333333334,3.08,1.7,1.1400000000000001,0.71,1.6500000000000001,22.5,22.900000000000002,22.8,19.700000000000003,22.78333333333333,3.0,2.7,2.5,2.5,2.65,310.05868540280505,0.43700000643730164,93.58118055555556,96.72256944444445,98.34083333333334,0.02384183183312416,0.05951202872545078,1.1613942661717973,40.62507496547205,40.0,25.0
45.5,-99.5,5.975295543670654,0.23363137245178223,6.800000000000001,7.0,7.2,7.7,7.066666666666666,6.9,6.9,7.1000000000000005,7.300000000000001,7.0,6.2,6.2,6.300000000000001,6.4,6.25,3.56,1.83,1.2,0.79,1.8033333333333332,25.3,22.3,21.8,19.900000000000002,22.55,3.2,2.9000000000000004,2.5,2.4000000000000004,2.75,392.7820564455657,0.43700000643730164,89.98708333333333,93.8098611111111,96.72125,0.023990359157323837,0.08295917335854493,1.1613942661717973,20.0,21.59000015258789,72.0
45.5,-98.5,6.279899597167969,0.2408061921596527,7.0,7.1000000000000005,7.2,7.5,7.133333333333333,6.7,6.800000000000001,7.1000000000000005,7.300000000000001,6.933333333333334,6.0,6.1000000000000005,6.1000000000000005,6.4,6.083333333333334,5.98,2.88,2.15,1.1500000000000001,3.0316666666666667,26.1,22.8,21.0,18.5,22.45,3.3000000000000003,2.8000000000000003,2.2,2.2,2.5833333333333335,387.99658822663156,0.41200000047683716,91.85125,95.38805555555555,96.60791666666667,0.02969476580619812,0.08725455712647773,1.1613942661717973,10.800292736375223,11.197647415927849,86.0
45.5,-97.5,5.858307361602783,0.2526163160800934,7.0,7.1000000000000005,7.1000000000000005,7.7,7.083333333333334,6.9,7.0,7.2,7.300000000000001,7.083333333333334,6.0,6.1000000000000005,6.0,6.1000000000000005,6.033333333333333,5.3,2.84,1.82,0.8,2.74,24.900000000000002,22.1,19.200000000000003,15.8,21.116666666666667,2.9000000000000004,2.9000000000000004,2.6,2.4000000000000004,2.75,390.9116749958186,0.43700000643730164,92.56138888888889,94.69993055555555,96.26131944444444,0.028290456160902977,0.15542392279282458,1.1613942661717973,12.550201315884408,9.431133442389866,75.0
45.5,-96.5,6.356109619140625,0.2599419057369232,7.0,7.2,7.300000000000001,7.7,7.216666666666667,6.800000000000001,7.0,7.1000000000000005,7.1000000000000005,7.0166666666666675,5.6000000000000005,5.7,5.7,5.800000000000001,5.683333333333334,5.42,2.94,1.9000000000000001,0.8300000000000001,2.8333333333333335,24.900000000000002,23.3,20.700000000000003,17.3,22.26666666666667,3.3000000000000003,3.3000000000000003,2.8000000000000003,2.7,3.0500000000000003,366.31830090472135,0.43700000643730164,92.80395833333333,94.15805555555555,96.329375,0.03786059468984604,0.15847914768708218,1.1366837498702698,18.136760987730245,17.06215428650587,74.0
45.5,-95.5,6.11126184463501,0.2627297043800354,7.1000000000000005,7.2,7.300000000000001,7.5,7.233333333333333,7.0,7.0,7.2,7.2,7.1,5.4,5.6000000000000005,5.6000000000000005,5.7,5.566666666666666,4.84,4.12,2.41,1.8800000000000001,3.3850000000000002,27.0,25.5,23.700000000000003,20.0,24.85,3.2,2.9000000000000004,2.5,2.4000000000000004,2.75,389.57588464655464,0.43700000643730164,90.28756944444444,91.20291666666667,93.31333333333333,0.026846447959542274,0.19889823010224633,1.1366837498702698,17.17467926534269,12.105056938185909,73.0
45.5,-94.5,6.248478412628174,0.2625487148761749,7.0,7.1000000000000005,7.2,7.2,7.133333333333333,6.7,6.7,6.7,6.7,6.7,5.1000000000000005,5.4,5.300000000000001,5.4,5.300000000000001,4.15,2.94,2.04,1.5,2.691666666666667,25.1,22.700000000000003,21.900000000000002,18.1,22.700000000000003,3.5,2.9000000000000004,2.1,1.9000000000000001,2.6,451.30455119105665,0.43700000643730164,82.08236111111111,82.47756944444444,84.51069444444444,0.015133569948375225,0.2582147293519675,1.1366837498702698,12.699140695017737,9.739140656870763,74.0
45.5,-93.5,6.070258617401123,0.26144248247146606,5.7,5.7,5.7,5.800000000000001,5.699999999999999,5.800000000000001,5.9,5.9,6.0,5.883333333333333,5.2,5.300000000000001,5.300000000000001,5.300000000000001,5.283333333333333,4.49,2.15,1.06,0.46,1.995,26.900000000000002,20.400000000000002,14.4,13.5,18.483333333333334,2.3000000000000003,1.9000000000000001,1.3,1.3,1.6666666666666665,456.39094022671765,0.4189999997615814,80.15930555555556,80.75604166666666,82.53923611111111,0.021652638912200928,0.30388271592178945,1.1366837498702698,4.8455832913520975,5.860497222527502,66.0
45.5,-92.5,5.808309555053711,0.2660243511199951,5.5,5.6000000000000005,5.6000000000000005,5.7,5.583333333333334,5.5,5.5,5.5,5.5,5.5,4.6000000000000005,4.800000000000001,4.7,4.7,4.716666666666667,6.41,2.68,0.61,0.52,2.266666666666667,27.0,19.8,15.4,16.6,18.8,3.0,2.6,1.8,1.6,2.2666666666666666,477.4337270879371,0.44699999690055847,72.83340277777778,72.76229166666667,75.48659722222222,0.012478130869567394,0.2898937379502338,1.1366837498702698,9.607243423094971,10.523411142793359,58.0
45.5,-91.5,5.2373270988464355,0.2668602764606476,5.300000000000001,5.300000000000001,5.4,5.6000000000000005,5.35,5.300000000000001,5.300000000000001,5.300000000000001,5.2,5.300000000000001,4.6000000000000005,4.800000000000001,4.7,4.7,4.716666666666667,6.54,2.99,2.47,1.79,3.321666666666667,30.0,13.4,8.9,8.4,13.916666666666668,2.3000000000000003,2.2,1.4000000000000001,1.3,1.8166666666666669,459.42849510182253,0.44699999690055847,74.84752098173355,74.96431342125679,77.24169546512448,0.007543039042502642,0.3096736459267436,1.1366837498702698,9.149396720093172,9.00456288610065,44.0
45.5,-90.5,4.753167629241943,0.2558040916919708,5.0,5.0,5.1000000000000005,5.300000000000001,5.050000000000001,5.0,5.0,5.0,5.2,5.0,4.2,4.4,4.4,4.4,4.366666666666667,5.88,3.14,1.45,1.09,2.751666666666667,14.5,10.0,6.9,5.9,9.2,2.4000000000000004,2.1,1.5,1.3,1.85,456.8455159834302,0.44699999690055847,67.31416666666667,67.07,68.44791666666667,0.006272409576922655,0.2988368781596219,1.1366837498702698,12.149506663083294,11.699451524651636,29.0
45.5,-89.5,4.603633880615234,0.23716598749160767,5.1000000000000005,5.1000000000000005,5.2,5.5,5.15,5.0,5.0,5.0,5.2,5.0,4.2,4.3,4.3,4.3,4.283333333333333,5.01,3.2800000000000002,1.62,1.54,2.7383333333333337,20.200000000000003,14.100000000000001,11.5,9.5,13.816666666666666,2.1,1.9000000000000001,1.4000000000000001,1.3,1.6833333333333333,472.8979438106039,0.38600000739097595,49.62972222222222,46.92701388888889,50.20152777777778,0.0034682955592870712,0.29241970692000907,1.1366837498702698,6.13520660070624,6.93065463754468,28.0
45.5,-88.5,4.708863735198975,0.22017177939414978,4.800000000000001,4.800000000000001,4.9,5.300000000000001,4.8500000000000005,4.9,4.800000000000001,4.9,5.0,4.866666666666667,4.5,4.7,4.6000000000000005,4.6000000000000005,4.616666666666667,6.15,2.39,1.99,1.56,2.816666666666667,19.8,10.5,8.8,5.7,11.2,3.1,2.4000000000000004,1.5,1.3,2.0666666666666664,463.30589620046806,0.4189999997615814,35.428333333333335,31.838958333333334,33.214166666666664,0.0030422857962548733,0.2487852767346196,1.1366837498702698,6.699999809265138,8.720000267028809,14.0
45.5,-87.5,5.929463863372803,0.20905983448028564,5.7,5.7,5.800000000000001,6.300000000000001,5.75,5.4,5.2,5.300000000000001,5.6000000000000005,5.283333333333333,4.7,4.800000000000001,4.800000000000001,4.9,4.783333333333333,5.7700000000000005,3.22,1.6300000000000001,1.02,2.85,22.5,16.1,11.9,10.600000000000001,15.066666666666666,2.4000000000000004,1.7000000000000002,1.1,1.1,1.5166666666666666,482.1547670418002,0.4189999997615814,35.41546711826136,32.248471163797156,33.41612569385643,0.0033082056324929,0.20588859708388313,1.1366837498702698,140.60000610351562,60.439998626708984,19.0
45.5,-84.5,6.186121463775635,0.19294799864292145,5.300000000000001,5.4,5.5,5.9,5.433333333333334,5.6000000000000005,5.7,5.800000000000001,6.0,5.733333333333333,4.800000000000001,4.800000000000001,4.800000000000001,4.9,4.800000000000001,0.0,0.0,0.0,0.0,3.76,23.1,13.600000000000001,11.100000000000001,9.9,13.933333333333334,3.2,2.2,1.5,1.3,2.0166666666666666,413.01822657025696,0.4189999997615814,45.470250679553004,42.62559146280076,47.90667472062821,0.0069215428084135056,0.32083173476313276,1.1366837498702698,5.5,5.5,18.0
45.5,-70.5,3.094207763671875,0.2515614926815033,5.0,5.2,5.300000000000001,5.5,5.216666666666667,4.3,4.4,4.5,5.0,4.433333333333334,4.0,4.1000000000000005,4.2,4.4,4.133333333333333,17.5,5.17,4.05,1.46,6.665000000000001,27.3,19.200000000000003,16.400000000000002,14.8,19.15,6.2,4.800000000000001,4.0,3.6,4.633333333333333,685.582420802335,0.4189999997615814,34.443263888888886,26.636666666666667,27.76159722222222,0.0035586152225732803,0.5321153984613215,0.6671839401412454,0.0,0.0,5.0
45.5,-69.5,3.8384206295013428,0.24763596057891846,4.6000000000000005,4.7,5.0,5.300000000000001,4.833333333333333,4.7,4.7,4.800000000000001,5.2,4.75,3.9000000000000004,4.0,4.2,4.4,4.083333333333334,20.51,12.35,3.75,1.57,9.41,67.9,35.6,24.1,11.5,35.233333333333334,4.3,3.2,2.6,2.4000000000000004,3.083333333333333,656.7726718179526,0.4189999997615814,36.436124963332354,32.18979172777941,32.99237312995013,0.004041529260575771,0.7249573000549965,0.6671839401412454,0.0,4.050493742184698,2.0
45.5,-68.5,5.423042297363281,0.25281503796577454,4.6000000000000005,4.7,4.9,5.300000000000001,4.783333333333333,4.800000000000001,4.800000000000001,5.0,5.300000000000001,4.9,4.1000000000000005,4.2,4.4,4.6000000000000005,4.283333333333333,23.52,8.35,3.8200000000000003,1.3,8.613333333333333,64.10000000000001,27.0,23.6,13.0,31.483333333333334,3.2,2.2,2.0,1.7000000000000002,2.2666666666666666,671.3979300882263,0.4189999997615814,36.87774316862523,32.86563783095002,33.410590400679595,0.004591113422065973,0.6967551111921846,0.6671839401412454,0.0,1.3504936945009822,2.0
45.5,-67.5,5.46891450881958,0.26778292655944824,4.6000000000000005,4.7,5.0,5.4,4.833333333333333,4.4,4.4,4.6000000000000005,4.800000000000001,4.5,4.0,4.1000000000000005,4.3,4.4,4.183333333333334,17.45,6.25,1.95,0.96,5.966666666666667,56.0,23.5,16.6,10.200000000000001,25.46666666666667,4.3,3.3000000000000003,2.6,2.2,3.116666666666667,622.072532802062,0.43700000643730164,36.719857898934244,33.492133691002685,33.90364677735083,0.003894898807629943,0.3428051465495645,0.6671839401412454,0.0,5.400000095367432,2.0
46.5,-123.5,9.30162525177002,0.27946236729621887,5.300000000000001,5.4,5.4,5.5,5.383333333333334,5.0,4.9,5.0,5.0,4.966666666666667,4.3,4.4,4.4,4.3,4.383333333333333,0.0,0.0,0.0,0.0,6.12,35.0,31.8,27.400000000000002,24.8,30.133333333333333,4.6000000000000005,4.2,3.7,3.6,4.016666666666667,874.7622937458832,0.43700000643730164,46.17942710301565,44.726475701005214,46.0,0.015841880813241005,1.4509224033545192,0.9389996194580489,0.0,0.0,3.0
46.5,-122.5,9.275842666625977,0.28301170468330383,5.6000000000000005,5.6000000000000005,5.6000000000000005,5.7,5.6,5.2,5.1000000000000005,5.1000000000000005,5.1000000000000005,5.116666666666667,4.4,4.1000000000000005,4.1000000000000005,4.2,4.15,8.27,4.65,2.95,2.48,4.403333333333334,29.3,26.400000000000002,21.6,18.900000000000002,24.483333333333334,5.4,4.4,3.7,3.6,4.216666666666667,813.570821523462,0.44699999690055847,45.98708333333333,45.839444444444446,48.20611111111111,0.016923030838370323,1.1725623529905471,0.9389996194580489,4.376616806469862,4.376616806469862,6.0
46.5,-121.5,4.763606548309326,0.2627125084400177,4.800000000000001,5.0,5.2,5.2,5.066666666666666,5.6000000000000005,5.5,5.6000000000000005,5.800000000000001,5.566666666666666,4.2,4.1000000000000005,4.1000000000000005,4.3,4.116666666666667,9.8,6.6000000000000005,3.58,1.99,5.623333333333334,42.6,32.2,22.0,18.2,28.833333333333332,4.2,3.7,2.9000000000000004,2.8000000000000003,3.3833333333333337,587.248788432194,0.4189999997615814,45.6138880999716,45.6138880999716,50.8416642999148,0.005825113970786333,1.1573707827332327,0.9389996194580489,0.0,0.0,1.0
46.5,-120.5,10.407124519348145,0.25173044204711914,5.6000000000000005,5.7,5.7,5.800000000000001,5.683333333333334,7.300000000000001,7.300000000000001,7.300000000000001,7.300000000000001,7.3,6.1000000000000005,6.0,6.0,6.1000000000000005,6.016666666666667,9.08,4.33,2.41,1.6,4.161666666666667,27.900000000000002,23.5,22.0,24.400000000000002,23.483333333333334,2.2,2.2,2.2,2.2,2.2,311.4023780144388,0.43700000643730164,85.32388888888889,86.99743055555555,89.89569444444444,0.003207946429029107,0.10734424098097241,0.9389996194580489,13.32289288188166,9.833042542418983,16.0
46.5,-119.5,11.915732383728027,0.24329867959022522,6.6000000000000005,6.6000000000000005,6.800000000000001,7.4,6.700000000000001,7.300000000000001,7.300000000000001,7.5,7.5,7.3999999999999995,6.5,6.5,6.5,6.6000000000000005,6.5,2.43,1.1500000000000001,0.93,0.56,1.2533333333333334,17.1,16.400000000000002,16.0,15.4,16.316666666666666,1.4000000000000001,1.7000000000000002,1.7000000000000002,1.8,1.6500000000000001,266.9382678038891,0.43700000643730164,96.31083333333333,96.80944444444444,97.17180555555555,0.04939674586057663,0.04197266902748366,0.9389996194580489,6.6473845519705534,5.252534241118106,34.0
46.5,-118.5,11.04453182220459,0.25192898511886597,7.300000000000001,7.300000000000001,7.4,7.800000000000001,7.35,7.2,7.2,7.2,7.4,7.199999999999999,6.300000000000001,6.2,6.2,6.2,6.216666666666667,1.93,0.9,0.58,0.35000000000000003,0.9116666666666668,14.3,13.700000000000001,13.700000000000001,13.9,13.8,1.5,1.6,1.6,1.6,1.5833333333333335,247.148913815536,0.43700000643730164,91.13069444444444,90.50173611111111,91.46631944444445,0.0362221784889698,0.0612729161330849,0.9389996194580489,8.749538055294325,8.704532554878488,37.0
46.5,-117.5,9.514029502868652,0.2649621069431305,6.800000000000001,6.800000000000001,6.9,7.300000000000001,6.85,7.0,7.0,7.0,7.0,7.0,5.9,5.7,5.7,5.7,5.733333333333333,2.2800000000000002,1.21,1.02,0.62,1.2933333333333334,16.6,16.5,16.900000000000002,16.400000000000002,16.71666666666667,2.8000000000000003,2.9000000000000004,2.9000000000000004,2.8000000000000003,2.8833333333333337,319.85266481281934,0.43700000643730164,87.87583333333333,89.20125,90.08590277777778,0.03820299729704857,0.12845970423083033,0.9389996194580489,18.12430708294149,18.12430708294149,36.0
46.5,-116.5,8.558430671691895,0.25998932123184204,5.7,5.9,6.2,6.6000000000000005,6.016666666666667,6.2,6.2,6.300000000000001,6.300000000000001,6.25,5.2,5.1000000000000005,5.2,5.2,5.166666666666666,5.36,2.31,1.6,0.93,2.463333333333334,22.8,20.1,19.900000000000002,18.8,20.450000000000003,3.1,3.1,3.0,3.0,3.05,433.7941452357111,0.43700000643730164,72.60256944444444,74.52909722222222,74.13284722222222,0.043654534965753555,0.2089661510003721,1.7297361411069323,21.95674516327039,19.596427211749145,30.0
46.5,-115.5,5.0002617835998535,0.24778315424919128,6.0,6.0,6.0,5.9,6.0,5.6000000000000005,5.7,5.7,5.800000000000001,5.683333333333334,4.4,4.5,4.4,4.6000000000000005,4.433333333333334,11.91,3.5100000000000002,1.95,0.75,4.13,30.1,19.400000000000002,16.0,11.3,19.483333333333334,3.9000000000000004,3.6,2.2,2.0,2.95,528.8951589815921,0.4189999997615814,43.15645833333333,43.334375,50.21576388888889,0.0040083094500005245,0.6785611621571762,1.7297361411069323,8.46649016032308,4.424532583488718,3.0
46.5,-114.5,2.859964609146118,0.24170416593551636,5.7,5.800000000000001,5.9,5.800000000000001,5.833333333333334,5.300000000000001,5.300000000000001,5.4,5.5,5.35,5.1000000000000005,4.9,5.0,5.1000000000000005,4.983333333333333,12.48,4.97,2.34,1.03,4.906666666666666,31.3,24.5,18.2,12.700000000000001,22.483333333333334,2.7,2.9000000000000004,2.1,1.9000000000000001,2.466666666666667,457.4028728936156,0.4189999997615814,53.61333333333334,54.58111111111111,60.61333333333334,0.021815530955791473,0.591307341513827,1.7297361411069323,6.949501147348721,3.2223604593431934,5.0
46.5,-113.5,3.65427303314209,0.23829719424247742,5.7,5.7,5.7,5.800000000000001,5.699999999999999,6.1000000000000005,6.1000000000000005,6.2,6.2,6.15,4.800000000000001,4.800000000000001,4.800000000000001,4.9,4.800000000000001,5.83,4.14,2.63,1.6300000000000001,3.6666666666666665,28.200000000000003,23.700000000000003,20.900000000000002,17.400000000000002,23.05,2.8000000000000003,2.6,2.0,1.8,2.3333333333333335,463.9607322453037,0.43700000643730164,68.9713888888889,69.80895833333334,75.86243055555556,0.015607723966240883,0.2182693468702265,1.7297361411069323,11.824362564113237,11.67441790214573,4.0
46.5,-112.5,3.9823687076568604,0.24025997519493103,6.1000000000000005,6.0,6.0,5.9,6.016666666666667,6.6000000000000005,6.5,6.6000000000000005,6.800000000000001,6.566666666666666,6.1000000000000005,6.2,6.300000000000001,6.300000000000001,6.233333333333333,7.57,2.39,1.26,0.7000000000000001,2.6883333333333335,27.1,21.3,17.3,15.100000000000001,20.266666666666666,4.1000000000000005,4.0,3.8000000000000003,3.7,3.916666666666667,425.9578899445064,0.43700000643730164,78.91742034228469,80.75692222067622,84.92806456101295,0.019343683496117592,0.11467125717797326,1.7297361411069323,19.1944003166014,19.301939643154853,6.0
46.5,-111.5,6.225855350494385,0.24283772706985474,6.1000000000000005,6.2,6.2,6.2,6.183333333333334,6.5,6.6000000000000005,6.6000000000000005,6.9,6.583333333333334,5.800000000000001,5.7,5.7,5.800000000000001,5.716666666666667,6.1000000000000005,2.93,1.75,0.8,2.8683333333333336,19.700000000000003,18.7,19.8,18.6,19.416666666666664,1.9000000000000001,2.2,2.1,2.1,2.0999999999999996,345.8718868113259,0.43700000643730164,78.4583362781822,80.34391123047565,84.69397130539261,0.0364590659737587,0.09457846843432466,1.7297361411069323,6.844933508547942,7.197942771994457,12.0
46.5,-110.5,4.631800651550293,0.24640849232673645,6.4,6.6000000000000005,6.6000000000000005,6.9,6.566666666666666,6.6000000000000005,6.5,6.7,6.9,6.616666666666667,6.2,6.2,6.2,6.5,6.199999999999999,6.55,3.59,2.21,1.23,3.3933333333333335,27.0,25.400000000000002,24.400000000000002,22.900000000000002,25.166666666666668,2.6,3.0,3.0,2.8000000000000003,2.9333333333333336,386.55376073678536,0.43700000643730164,75.33444444444444,77.00416666666666,82.01520833333333,0.01796540431678295,0.1854160431312128,1.7297361411069323,10.970944506812929,8.82173847971356,13.0
46.5,-109.5,6.611220836639404,0.24682900309562683,6.800000000000001,6.9,7.2,7.9,7.033333333333333,6.9,6.800000000000001,7.0,7.2,6.916666666666666,6.800000000000001,6.7,6.7,6.9,6.716666666666667,3.0500000000000003,1.97,1.22,0.75,1.775,23.3,23.1,22.1,18.400000000000002,22.633333333333333,2.6,2.6,2.4000000000000004,2.3000000000000003,2.5,295.56765289610314,0.41200000047683716,94.20798611111111,96.87916666666666,97.26416666666667,0.03857119753956795,0.06946189176859523,1.7297361411069323,19.799260125531468,19.799260125531468,20.0
46.5,-108.5,7.585672378540039,0.23837712407112122,6.9,7.0,7.300000000000001,7.800000000000001,7.133333333333334,7.2,7.2,7.6000000000000005,7.800000000000001,7.4,6.9,6.800000000000001,6.800000000000001,7.0,6.816666666666666,2.85,1.7,1.1500000000000001,0.73,1.6166666666666667,22.8,22.6,23.1,22.1,22.883333333333333,2.0,2.2,2.3000000000000003,2.3000000000000003,2.216666666666667,237.7503643727434,0.43700000643730164,97.09277777777778,98.94152777777778,98.93180555555556,0.0776975154876709,0.02741356845260556,1.7297361411069323,17.218172311827185,16.403473442575972,13.0
46.5,-107.5,7.686201095581055,0.2322089672088623,7.2,7.4,7.7,8.0,7.5166666666666675,7.300000000000001,7.2,7.5,7.800000000000001,7.366666666666666,7.0,6.9,6.9,7.1000000000000005,6.916666666666667,1.62,1.1500000000000001,0.8,0.59,1.0533333333333332,21.5,23.0,24.900000000000002,24.400000000000002,23.700000000000003,2.7,2.6,2.8000000000000003,2.9000000000000004,2.716666666666667,205.1319794447244,0.43700000643730164,97.94354166666666,99.50402777777778,99.44055555555556,0.08128055930137634,0.03538313042286084,1.7297361411069323,23.12846458529256,22.858379606533155,9.0
46.5,-106.5,7.445328235626221,0.22739821672439575,6.9,7.2,7.4,8.1,7.25,7.5,7.5,7.800000000000001,7.9,7.65,7.0,7.0,7.1000000000000005,7.300000000000001,7.050000000000001,2.05,1.3900000000000001,0.9500000000000001,0.64,1.28,18.8,20.400000000000002,21.400000000000002,20.400000000000002,20.633333333333333,3.3000000000000003,3.4000000000000004,3.5,3.5,3.4333333333333336,202.5274639151713,0.43700000643730164,97.31215277777778,99.36902777777777,99.04416666666667,0.05447271466255188,0.02585677416126925,1.7297361411069323,7.961347068901672,6.3285450238671785,8.0
46.5,-105.5,7.248851299285889,0.2281588613986969,7.2,7.4,7.5,8.1,7.416666666666667,7.7,7.7,7.7,7.9,7.699999999999999,7.0,7.0,7.0,7.2,7.0,2.77,1.8800000000000001,1.23,0.72,1.7033333333333334,19.3,19.1,19.0,17.6,19.083333333333332,3.2,3.3000000000000003,3.5,3.5,3.3833333333333333,214.66289302064908,0.41200000047683716,96.57256944444444,99.46680555555555,99.38805555555555,0.04574817791581154,0.027362356293654307,1.7297361411069323,30.46213976600956,31.60847151881335,12.0
46.5,-104.5,7.825531482696533,0.22789084911346436,7.2,7.4,7.7,8.1,7.5166666666666675,7.2,7.2,7.5,7.7,7.35,7.1000000000000005,7.1000000000000005,7.1000000000000005,7.300000000000001,7.1,2.84,1.41,0.98,0.68,1.4333333333333333,17.3,17.8,18.400000000000002,16.5,18.016666666666666,2.6,2.4000000000000004,2.4000000000000004,2.4000000000000004,2.4333333333333336,254.72849546427844,0.43700000643730164,97.2538888888889,99.83666666666667,99.20680555555556,0.04520470276474953,0.033470372405503844,1.7297361411069323,16.08775507634342,14.330208024807607,17.0
46.5,-103.5,6.739879608154297,0.22615399956703186,7.2,7.4,7.6000000000000005,8.1,7.466666666666667,7.2,7.300000000000001,7.4,7.6000000000000005,7.333333333333333,7.0,6.9,6.9,7.2,6.916666666666667,3.11,1.69,1.1500000000000001,0.74,1.6566666666666667,19.0,18.7,18.900000000000002,17.1,18.85,1.9000000000000001,1.7000000000000002,1.8,1.8,1.7833333333333332,290.9417317336173,0.43700000643730164,95.66465277777777,98.97534722222223,99.01270833333334,0.04688471183180809,0.03070029522264328,1.1613942661717973,9.454004907290429,9.66642647202265,24.0
46.5,-102.5,5.798903942108154,0.22140353918075562,6.4,6.7,7.0,7.5,6.8,6.6000000000000005,6.7,7.0,7.2,6.833333333333334,6.1000000000000005,6.1000000000000005,6.2,6.4,6.15,3.41,2.02,1.1500000000000001,0.77,1.8166666666666669,18.7,18.1,17.8,18.0,18.05,2.9000000000000004,2.6,2.2,2.3000000000000003,2.45,339.5718342257525,0.43700000643730164,96.88965277777778,99.91055555555556,98.00291666666666,0.03566041961312294,0.03836871826182919,1.1613942661717973,15.868052999744405,15.9006983173826,36.0
46.5,-101.5,5.914536952972412,0.22652000188827515,6.800000000000001,6.9,7.1000000000000005,7.6000000000000005,6.983333333333333,6.5,6.6000000000000005,7.1000000000000005,7.2,6.833333333333334,5.7,5.800000000000001,5.9,6.1000000000000005,5.833333333333334,3.71,1.99,1.25,0.87,1.9066666666666667,23.200000000000003,21.200000000000003,21.400000000000002,19.700000000000003,21.633333333333333,3.4000000000000004,3.0,2.4000000000000004,2.4000000000000004,2.7666666666666666,354.90938357714566,0.43700000643730164,97.45291666666667,100.0,98.90583333333333,0.03353041410446167,0.04867510569045762,1.1613942661717973,7.714647924787508,7.747136181155287,32.0
46.5,-100.5,5.7361741065979,0.229483962059021,7.0,7.2,7.4,7.7,7.266666666666667,6.9,6.800000000000001,7.0,7.2,6.916666666666666,6.0,6.2,6.2,6.300000000000001,6.166666666666666,4.03,2.27,1.5,1.04,2.1783333333333337,24.400000000000002,21.200000000000003,18.900000000000002,17.3,20.583333333333336,2.9000000000000004,2.6,2.2,2.1,2.45,363.9516824870425,0.43700000643730164,94.12736111111111,97.04840277777778,98.41895833333334,0.03179202601313591,0.06398236618026085,1.1613942661717973,12.230122908880835,12.442544473613058,44.0
46.5,-99.5,5.020885944366455,0.23683831095695496,7.0,7.2,7.4,7.800000000000001,7.266666666666667,6.9,7.0,7.2,7.300000000000001,7.083333333333334,5.800000000000001,5.9,5.9,6.1000000000000005,5.883333333333333,4.82,2.43,1.56,0.8200000000000001,2.3933333333333335,25.0,21.5,19.8,17.3,21.233333333333334,3.8000000000000003,3.3000000000000003,2.7,2.5,3.0833333333333335,387.4510413816911,0.47600001096725464,92.15416666666667,93.30784722222222,94.7767361111111,0.019977852702140808,0.09475479523261485,1.1613942661717973,14.998152221177302,16.190505437187717,77.0
46.5,-98.5,5.263773441314697,0.24798327684402466,7.1000000000000005,7.2,7.4,7.7,7.283333333333333,7.1000000000000005,7.1000000000000005,7.2,7.4,7.15,6.2,6.300000000000001,6.4,6.5,6.333333333333334,6.36,5.05,3.11,1.1500000000000001,4.298333333333333,25.900000000000002,22.900000000000002,21.1,17.8,22.5,3.2,2.9000000000000004,2.3000000000000003,2.1,2.6500000000000004,381.6857988029378,0.43700000643730164,92.86541666666666,94.17284722222222,95.98090277777777,0.020672788843512535,0.08767163095498992,1.1613942661717973,0.0,0.0,82.0
46.5,-97.5,5.425853252410889,0.2541259825229645,7.0,7.2,7.300000000000001,7.6000000000000005,7.216666666666667,7.300000000000001,7.2,7.4,7.5,7.316666666666666,6.1000000000000005,6.2,6.2,6.300000000000001,6.183333333333334,5.42,3.2800000000000002,2.05,0.87,3.021666666666667,27.200000000000003,24.700000000000003,24.6,19.200000000000003,25.066666666666666,3.4000000000000004,3.3000000000000003,2.7,2.6,3.0166666666666666,374.4870402282511,0.4189999997615814,91.96493055555555,93.79680555555555,95.56555555555556,0.021330485120415688,0.1235143492629051,1.1613942661717973,8.747967443295032,8.492967328854114,77.0
46.5,-96.5,5.453277111053467,0.26127827167510986,7.2,7.300000000000001,7.4,7.6000000000000005,7.333333333333333,7.300000000000001,7.300000000000001,7.5,7.6000000000000005,7.3999999999999995,5.6000000000000005,5.800000000000001,5.9,6.0,5.816666666666666,5.0600000000000005,3.21,2.5100000000000002,1.16,3.168333333333334,34.9,35.9,35.5,30.200000000000003,35.53333333333333,3.2,2.9000000000000004,2.5,2.4000000000000004,2.75,369.8957734910946,0.44999998807907104,92.00027777777778,94.8025,97.59909722222223,0.016268838196992874,0.19780528653386126,1.1366837498702698,8.734999656677246,4.170000076293945,71.0
46.5,-95.5,4.658384323120117,0.25389817357063293,7.2,7.300000000000001,7.300000000000001,7.6000000000000005,7.283333333333333,6.6000000000000005,6.6000000000000005,6.800000000000001,6.800000000000001,6.700000000000001,5.4,5.5,5.6000000000000005,5.7,5.533333333333333,5.61,2.98,2.57,1.3900000000000001,3.2133333333333334,27.3,26.8,25.200000000000003,21.1,26.083333333333336,3.0,2.7,2.3000000000000003,2.2,2.55,425.4683547586523,0.4189999997615814,86.50916666666667,88.05569444444444,89.76736111111111,0.01359864417463541,0.2433789216087565,1.1366837498702698,12.490341848601322,8.830103637728133,66.0
46.5,-94.5,4.6676106452941895,0.2537553012371063,6.0,6.1000000000000005,6.1000000000000005,6.4,6.083333333333334,5.300000000000001,5.2,5.300000000000001,5.5,5.2666666666666675,4.6000000000000005,4.7,4.7,4.800000000000001,4.683333333333334,5.21,2.66,1.8,0.9,2.6550000000000002,25.900000000000002,24.3,20.1,15.9,22.46666666666667,2.8000000000000003,2.4000000000000004,1.7000000000000002,1.5,2.1166666666666667,419.3740235690819,0.43700000643730164,76.48451388888888,77.6276388888889,79.78430555555556,0.00762326130643487,0.23679772450474987,1.1366837498702698,5.790447124342218,4.895689321684249,50.0
46.5,-93.5,4.437971115112305,0.26220712065696716,5.7,5.7,5.7,5.800000000000001,5.699999999999999,5.800000000000001,5.800000000000001,5.800000000000001,5.9,5.800000000000001,4.9,5.0,5.0,5.2,4.983333333333333,5.18,3.29,0.88,0.86,2.4,23.400000000000002,17.1,13.600000000000001,15.3,16.4,2.7,2.5,1.6,1.5,2.0833333333333335,375.5780488324774,0.43700000643730164,68.52931644077785,69.16101944608133,72.10592221567472,0.00829547643661499,0.25167920583157244,1.1366837498702698,0.0,0.0,31.0
46.5,-92.5,4.404114246368408,0.2560446560382843,5.800000000000001,5.800000000000001,5.800000000000001,6.2,5.800000000000001,5.5,5.4,5.5,5.5,5.466666666666667,4.7,4.800000000000001,4.800000000000001,4.9,4.783333333333333,6.4,3.69,2.04,1.26,3.316666666666667,32.4,24.8,22.3,22.5,24.816666666666666,2.4000000000000004,2.2,1.5,1.3,1.8833333333333333,423.74598320494516,0.43700000643730164,64.05302443489894,66.36342511090768,68.68692345609465,0.0032328569795936346,0.2819688568341899,1.1366837498702698,0.0,9.200960892724385,28.0
46.5,-91.5,4.432302951812744,0.24162374436855316,5.5,5.5,5.5,5.800000000000001,5.5,5.9,5.9,5.9,6.0,5.9,5.0,5.1000000000000005,5.1000000000000005,5.300000000000001,5.083333333333334,5.39,3.0700000000000003,1.12,0.72,2.481666666666667,24.6,20.700000000000003,14.5,13.0,18.25,3.1,2.7,2.3000000000000003,2.2,2.5666666666666664,355.8038452770844,0.38600000739097595,42.71370504550676,40.594062030573475,44.06989484845807,0.004188695456832647,0.29927219424799717,1.1366837498702698,7.936247431991551,7.876060863508624,12.0
46.5,-90.5,4.920323371887207,0.22731634974479675,5.2,5.2,5.2,5.5,5.2,5.4,5.300000000000001,5.4,5.6000000000000005,5.366666666666667,4.5,4.6000000000000005,4.6000000000000005,4.800000000000001,4.583333333333334,0.0,0.0,0.0,0.0,3.043333333333334,24.6,16.2,11.700000000000001,10.200000000000001,15.350000000000001,3.0,2.7,1.9000000000000001,1.8,2.35,302.0850235298427,0.4189999997615814,43.92771474878444,42.52382495948136,43.18833063209076,0.009689722210168839,0.29952814265281263,1.1366837498702698,0.0,0.0,8.0
46.5,-89.5,4.144032001495361,0.21194523572921753,5.2,5.2,5.300000000000001,5.6000000000000005,5.25,5.4,5.2,5.300000000000001,5.5,5.283333333333333,4.4,4.5,4.5,4.5,4.483333333333333,0.0,0.0,0.0,0.0,3.373333333333334,25.8,17.8,15.0,13.200000000000001,17.733333333333334,2.7,2.8000000000000003,1.8,1.6,2.283333333333333,415.1695903600008,0.4189999997615814,49.66160198183319,49.52906688687035,51.07729149463253,0.006958326790481806,0.3125323341165281,1.1366837498702698,7.42774390385037,7.42774390385037,8.0
46.5,-88.5,3.835012674331665,0.20255663990974426,4.9,4.9,5.0,5.2,4.95,5.300000000000001,5.300000000000001,5.4,5.5,5.35,4.7,4.800000000000001,4.800000000000001,4.9,4.783333333333333,9.21,4.11,4.07,1.82,4.94,29.1,12.9,12.200000000000001,10.3,15.25,3.0,1.8,1.6,1.4000000000000001,1.9000000000000001,501.4732593227169,0.4189999997615814,42.0086782376502,37.442145082332,39.4739652870494,0.0038163054268807173,0.2922220254001157,1.1366837498702698,0.900332576337417,0.8228039500760664,8.0
46.5,-87.5,4.886025905609131,0.19632446765899658,5.5,5.5,5.6000000000000005,5.9,5.550000000000001,4.5,4.6000000000000005,4.800000000000001,5.1000000000000005,4.683333333333334,4.1000000000000005,4.1000000000000005,4.1000000000000005,4.2,4.1,0.0,0.0,0.0,0.0,4.066666666666666,27.900000000000002,18.5,15.4,13.9,18.516666666666666,3.5,2.9000000000000004,2.3000000000000003,2.2,2.7,481.3319876998374,0.4189999997615814,38.55807757885763,33.718030690537084,36.105605285592496,0.005512578412890434,0.24076877801410734,1.1366837498702698,0.0,1.5399999618530273,5.0
46.5,-86.5,5.070303916931152,0.19955630600452423,5.300000000000001,5.300000000000001,5.4,5.800000000000001,5.35,5.1000000000000005,5.1000000000000005,5.2,5.5,5.15,4.5,4.6000000000000005,4.7,4.800000000000001,4.633333333333333,0.0,0.0,0.0,0.0,3.8283333333333336,25.8,14.3,11.8,9.9,14.966666666666667,3.8000000000000003,3.1,2.1,1.9000000000000001,2.716666666666667,457.0418040870137,0.4189999997615814,39.51109929549382,41.84009038947229,40.32580087730958,0.006323252338916063,0.23274031865509978,1.1366837498702698,0.0,0.07500000298023224,7.0
46.5,-85.5,4.811168670654297,0.19824790954589844,5.4,5.4,5.5,5.7,5.45,5.0,5.0,5.1000000000000005,5.5,5.050000000000001,4.6000000000000005,4.800000000000001,4.9,5.2,4.816666666666666,0.0,0.0,0.0,0.0,4.220000000000001,25.700000000000003,15.4,14.200000000000001,10.9,16.516666666666666,3.9000000000000004,2.6,1.8,1.8,2.4166666666666665,518.3972119373863,0.4189999997615814,46.10861342267373,43.511509780611696,48.190316654058144,0.0034452127292752266,0.28034485204108417,1.1366837498702698,58.05235797290706,58.61593194701399,7.0
46.5,-69.5,2.9346067905426025,0.25728023052215576,4.5,4.7,4.9,5.300000000000001,4.766666666666667,4.5,4.5,4.7,5.1000000000000005,4.6,3.8000000000000003,3.9000000000000004,4.1000000000000005,4.5,3.9833333333333334,14.38,8.75,3.72,1.77,7.173333333333335,65.3,30.6,22.200000000000003,13.100000000000001,32.18333333333334,5.4,3.8000000000000003,3.1,2.2,3.716666666666667,641.5173947213375,0.4189999997615814,37.0,33.735593220338984,33.86779661016949,0.0025477386079728603,0.6492640908366153,0.6671839401412454,0.0,8.489999771118164,1.0
46.5,-68.5,3.520113229751587,0.26433175802230835,4.7,5.0,5.2,5.5,5.050000000000001,4.5,4.6000000000000005,4.800000000000001,5.300000000000001,4.683333333333334,4.3,4.4,4.4,4.7,4.383333333333333,8.83,5.25,2.14,1.29,4.291666666666667,54.400000000000006,23.200000000000003,14.700000000000001,10.3,24.150000000000002,4.7,3.1,2.1,1.9000000000000001,2.8666666666666663,628.5448840170347,0.4189999997615814,37.0,32.84375,33.421875,0.0027069724164903164,0.6405881736467047,0.6671839401412454,0.0,6.944999933242798,5.0
47.5,-123.5,7.05413293838501,0.27628204226493835,4.7,4.800000000000001,4.800000000000001,5.0,4.783333333333333,4.800000000000001,4.7,4.9,5.2,4.816666666666666,4.3,4.1000000000000005,4.0,4.5,4.083333333333334,13.74,11.24,8.99,8.83,10.531666666666666,44.5,43.400000000000006,43.1,39.800000000000004,43.43333333333334,7.5,6.0,5.7,3.8000000000000003,6.1,790.598840272441,0.43700000643730164,39.311444921316166,38.624821173104436,40.8571530758226,0.0021900420542806387,2.2680111988798632,0.9389996194580489,4.751772089027517,3.7513990176533025,1.0
47.5,-122.5,10.532894134521484,0.27089768648147583,5.5,5.6000000000000005,5.6000000000000005,5.6000000000000005,5.583333333333334,5.4,5.300000000000001,5.4,5.6000000000000005,5.366666666666667,4.2,4.3,4.3,4.4,4.283333333333333,7.62,4.94,2.83,2.33,4.331666666666667,33.1,29.700000000000003,32.800000000000004,30.8,31.81666666666667,4.9,3.0,1.6,1.6,2.6166666666666667,515.1392199088829,0.4189999997615814,28.667172387635123,27.761426133131046,28.985397307035843,0.005425893701612949,0.636307550374014,0.9389996194580489,7.159999847412111,4.6999998092651385,5.0
47.5,-121.5,5.655117034912109,0.26521235704421997,5.300000000000001,5.4,5.4,5.5,5.383333333333334,4.7,4.800000000000001,4.800000000000001,5.1000000000000005,4.783333333333333,4.3,4.2,4.3,4.5,4.266666666666667,5.7,3.21,2.69,1.21,3.365,32.5,26.0,22.700000000000003,20.200000000000003,25.433333333333334,6.0,5.2,3.8000000000000003,3.5,4.633333333333334,604.8479504832936,0.4189999997615814,44.95104166666667,44.895833333333336,50.619791666666664,0.0008943927241489291,1.7918725860761702,0.9389996194580489,6.498974053720913,6.024125242984228,2.0
47.5,-120.5,7.405478000640869,0.25561943650245667,4.9,5.0,5.1000000000000005,5.300000000000001,5.033333333333333,5.6000000000000005,5.800000000000001,5.9,6.0,5.816666666666666,4.6000000000000005,4.5,4.5,4.7,4.516666666666667,8.69,4.98,2.62,1.68,4.418333333333333,29.0,23.0,19.5,16.7,22.25,2.4000000000000004,2.6,1.7000000000000002,1.6,2.1166666666666667,423.11613536947453,0.43700000643730164,69.23108127010771,70.17855644146034,74.60050356693243,0.02407531440258026,0.33677109665436367,0.9389996194580489,13.416023589117152,15.813134223512234,7.0
47.5,-119.5,9.403021812438965,0.24508041143417358,6.6000000000000005,6.7,7.0,7.6000000000000005,6.833333333333334,6.800000000000001,6.800000000000001,7.0,7.2,6.9,6.6000000000000005,6.6000000000000005,6.6000000000000005,6.800000000000001,6.6000000000000005,1.9100000000000001,0.93,0.65,0.52,0.9533333333333334,12.200000000000001,11.600000000000001,12.4,12.8,12.100000000000001,1.7000000000000002,1.5,1.4000000000000001,1.4000000000000001,1.4833333333333334,220.10436528665696,0.43700000643730164,92.30166666666666,92.37152777777777,93.86930555555556,0.01641865260899067,0.04491194094213512,0.9389996194580489,15.305579954261487,32.01801729429868,20.0
47.5,-118.5,8.630194664001465,0.24533727765083313,6.7,6.800000000000001,7.0,7.7,6.883333333333333,6.9,6.9,7.0,7.2,6.949999999999999,6.2,6.300000000000001,6.2,6.4,6.233333333333333,2.48,1.02,0.76,0.48,1.1333333333333333,14.3,13.700000000000001,14.4,14.4,14.149999999999999,1.8,1.8,1.8,1.8,1.7999999999999998,232.4029276076049,0.43700000643730164,88.55041834968263,90.12947201384881,91.6833525678015,0.03214632719755173,0.04133903306986375,0.9389996194580489,12.899766448921392,43.85688113761135,17.0
47.5,-117.5,8.368369102478027,0.25803226232528687,6.4,6.6000000000000005,6.800000000000001,7.5,6.666666666666667,6.300000000000001,6.300000000000001,6.300000000000001,6.6000000000000005,6.300000000000001,5.9,5.9,5.9,6.0,5.9,3.92,1.82,1.36,0.6900000000000001,1.94,19.700000000000003,19.200000000000003,19.700000000000003,17.7,19.533333333333335,2.6,2.6,2.5,2.5,2.55,342.44097691736187,0.44699999690055847,81.02138031896372,81.29793161083641,80.11149801518212,0.02061496675014496,0.08621607905896432,0.9389996194580489,14.349645725227859,11.199074353920343,33.0
47.5,-116.5,6.906214237213135,0.2485371232032776,5.800000000000001,6.0,6.1000000000000005,6.4,6.0166666666666675,5.4,5.4,5.5,5.800000000000001,5.45,4.9,4.800000000000001,4.800000000000001,5.1000000000000005,4.816666666666667,0.0,0.0,0.0,0.0,3.0666666666666673,23.700000000000003,19.5,17.2,13.600000000000001,19.049999999999997,4.6000000000000005,3.4000000000000004,2.8000000000000003,2.6,3.3,542.0465623710884,0.4189999997615814,44.91746962714705,44.935064935064936,50.96229576874738,0.02629542537033558,0.4705099019837216,1.7297361411069323,15.874237069011272,5.052631398017108,5.0
47.5,-115.5,5.083517551422119,0.24267834424972534,5.6000000000000005,5.7,5.800000000000001,5.7,5.733333333333333,5.300000000000001,5.1000000000000005,5.300000000000001,5.5,5.233333333333333,4.3,4.3,4.4,4.6000000000000005,4.35,9.24,3.3200000000000003,1.51,0.48,3.4016666666666664,28.200000000000003,19.3,14.0,9.0,18.133333333333333,3.9000000000000004,3.1,2.8000000000000003,2.5,3.083333333333333,566.391709140214,0.4189999997615814,42.0,42.0,49.0,0.010060015134513378,0.608094598883694,1.7297361411069323,8.358205875422605,7.645971712609695,1.0
47.5,-114.5,7.612030506134033,0.23952394723892212,6.1000000000000005,6.2,6.2,6.300000000000001,6.183333333333334,7.2,7.2,7.2,7.300000000000001,7.199999999999999,5.9,5.9,5.9,6.1000000000000005,5.9,6.88,3.5500000000000003,3.09,1.6600000000000001,3.875,28.8,24.6,19.900000000000002,18.7,22.950000000000003,2.8000000000000003,2.2,2.0,2.0,2.2,438.01314454934055,0.43700000643730164,65.63466744713544,67.18819053193825,71.95390356332773,0.0371636301279068,0.1604615754066942,1.7297361411069323,7.424337869845241,7.424337869845241,8.0
47.5,-113.5,2.4946136474609375,0.24169692397117615,6.5,6.4,6.5,6.800000000000001,6.466666666666667,5.300000000000001,5.300000000000001,5.4,5.5,5.35,4.4,4.3,4.4,4.5,4.366666666666667,8.28,4.5,3.12,2.05,4.4399999999999995,25.6,24.1,21.400000000000002,20.5,23.0,6.6000000000000005,5.1000000000000005,4.5,4.3,5.05,471.91783696907453,0.43700000643730164,64.80131944444445,65.16034722222223,71.89486111111111,0.01329848449677229,0.6424656577997361,1.7297361411069323,46.21003406824299,45.711339818052735,1.0
47.5,-112.5,6.552001953125,0.23938454687595367,5.800000000000001,5.7,5.800000000000001,6.0,5.7666666666666675,7.2,7.2,7.300000000000001,7.6000000000000005,7.25,6.9,6.800000000000001,6.800000000000001,7.1000000000000005,6.816666666666666,7.0,3.93,2.43,1.47,3.6916666666666664,24.1,22.400000000000002,20.3,19.1,21.633333333333333,1.9000000000000001,2.2,2.3000000000000003,2.3000000000000003,2.2,351.2239414376394,0.43700000643730164,81.13506944444444,83.43458333333334,87.35895833333333,0.020284432917833328,0.1922589102453736,1.7297361411069323,4.823199739955713,5.422976278458597,14.0
47.5,-111.5,7.413768768310547,0.23579105734825134,6.9,7.2,7.4,7.9,7.25,7.1000000000000005,7.1000000000000005,7.4,7.800000000000001,7.25,7.1000000000000005,7.0,7.1000000000000005,7.300000000000001,7.066666666666666,3.04,2.06,1.87,0.8,2.1283333333333334,21.6,22.6,23.5,21.5,22.883333333333333,1.9000000000000001,2.2,2.3000000000000003,2.3000000000000003,2.2,297.5985188616629,0.43700000643730164,92.17527777777778,95.294375,96.88458333333334,0.047249481081962585,0.03712389873414265,1.7297361411069323,25.26425838498886,23.781830124977148,21.0
47.5,-110.5,6.172781467437744,0.23630860447883606,7.1000000000000005,7.1000000000000005,7.300000000000001,7.800000000000001,7.2,7.300000000000001,7.300000000000001,7.5,7.7,7.3999999999999995,7.0,7.0,7.1000000000000005,7.2,7.050000000000001,2.58,1.62,1.17,0.68,1.5550000000000002,23.0,24.5,25.1,22.700000000000003,24.55,2.5,2.5,2.6,2.6,2.55,311.5728114951867,0.43700000643730164,92.94493055555556,96.09722222222223,97.33645833333334,0.02682081237435341,0.06248204727369176,1.7297361411069323,25.564912385397715,20.423413464295713,19.0
47.5,-109.5,6.74924898147583,0.2350049614906311,7.1000000000000005,7.2,7.5,7.9,7.333333333333333,7.1000000000000005,7.1000000000000005,7.4,7.6000000000000005,7.25,6.800000000000001,6.800000000000001,6.800000000000001,7.1000000000000005,6.800000000000001,2.2,1.6500000000000001,0.93,0.68,1.3816666666666668,20.5,21.400000000000002,22.700000000000003,21.3,21.9,2.7,2.9000000000000004,3.0,2.9000000000000004,2.916666666666667,286.3821026150377,0.41200000047683716,93.7063888888889,96.85381944444444,97.54326388888889,0.032747142016887665,0.03841714686793223,1.7297361411069323,29.875979312357316,24.872659884499928,16.0
47.5,-108.5,7.27756929397583,0.2288016378879547,7.2,7.4,7.6000000000000005,8.0,7.466666666666667,7.0,7.0,7.2,7.6000000000000005,7.1,7.1000000000000005,7.0,7.1000000000000005,7.300000000000001,7.066666666666666,2.12,1.43,0.9,0.62,1.28,20.900000000000002,22.1,24.6,22.200000000000003,23.15,2.6,2.7,2.9000000000000004,3.0,2.7833333333333337,249.3260265931751,0.43700000643730164,96.12908209846196,98.59322986164759,99.2033850691762,0.060802292078733444,0.04412055893043014,1.7297361411069323,18.412757536940667,17.755316267082552,17.0
47.5,-107.5,6.766255855560303,0.2247457206249237,7.2,7.5,7.7,8.1,7.550000000000001,7.0,6.9,6.9,7.300000000000001,6.916666666666667,7.1000000000000005,7.1000000000000005,7.1000000000000005,7.4,7.1,1.9000000000000001,1.33,0.87,0.59,1.195,24.0,26.1,27.1,25.3,26.25,2.6,2.6,2.8000000000000003,3.0,2.7,217.6344901971622,0.43700000643730164,96.82300103077603,99.86894419084082,99.29421292887645,0.06103939563035965,0.040550128435589264,1.7297361411069323,22.05639767271529,20.581761512637,10.0
47.5,-106.5,6.985164165496826,0.22097216546535492,7.1000000000000005,7.2,7.4,7.7,7.283333333333333,6.9,6.9,7.0,7.300000000000001,6.949999999999999,6.800000000000001,6.7,6.7,7.0,6.716666666666667,2.68,2.23,1.5,1.34,1.9400000000000002,23.5,24.3,24.5,24.6,24.266666666666666,2.3000000000000003,2.4000000000000004,2.5,2.5,2.4333333333333336,186.87495096253326,0.43700000643730164,96.24051031658529,99.68262718538352,98.940699322728,0.0456046499311924,0.029574930828354096,1.7297361411069323,25.79999923706055,25.79999923706055,4.0
47.5,-105.5,6.803203582763672,0.21885071694850922,7.1000000000000005,7.300000000000001,7.5,7.9,7.366666666666666,7.4,7.4,7.6000000000000005,7.800000000000001,7.5,7.2,7.1000000000000005,7.2,7.4,7.166666666666666,1.97,1.4000000000000001,1.0,0.71,1.295,22.200000000000003,23.5,24.1,23.0,23.583333333333336,2.4000000000000004,2.3000000000000003,2.3000000000000003,2.2,2.3166666666666664,250.08351273521413,0.43700000643730164,93.28826388888889,97.0775,98.11722222222222,0.042432092130184174,0.02254101165264875,1.7297361411069323,5.176930835167579,5.63460149624068,15.0
47.5,-104.5,7.964385986328125,0.22157657146453857,7.0,7.1000000000000005,7.4,7.9,7.233333333333333,6.9,7.0,7.2,7.5,7.083333333333334,7.300000000000001,7.2,7.300000000000001,7.5,7.266666666666667,2.95,2.02,1.29,1.02,1.81,18.900000000000002,18.2,17.5,16.400000000000002,17.96666666666667,2.2,2.1,2.0,1.9000000000000001,2.0666666666666664,276.0790661087173,0.43700000643730164,93.11486111111111,96.80055555555556,98.37638888888888,0.04754190891981125,0.025436743317183767,1.7297361411069323,9.590283686917685,9.383202478587378,22.0
47.5,-103.5,6.3033366203308105,0.2252187728881836,7.6000000000000005,7.7,7.800000000000001,8.1,7.733333333333333,6.9,6.9,7.1000000000000005,7.4,7.0,6.800000000000001,6.9,6.9,7.1000000000000005,6.883333333333333,3.36,1.67,1.22,0.8300000000000001,1.7266666666666666,23.200000000000003,22.900000000000002,20.400000000000002,20.1,21.700000000000003,2.6,2.4000000000000004,2.3000000000000003,2.3000000000000003,2.3833333333333337,304.90684701699547,0.43700000643730164,95.53458333333333,98.63875,99.21958333333333,0.04854459688067436,0.03773548059507518,1.1613942661717973,4.826799878574562,4.826799878574562,28.0
47.5,-102.5,5.368072509765625,0.22395160794258118,6.7,6.9,7.1000000000000005,7.9,6.966666666666667,6.6000000000000005,6.6000000000000005,6.800000000000001,7.0,6.700000000000001,6.2,6.300000000000001,6.300000000000001,6.5,6.283333333333333,3.83,2.08,1.17,0.9500000000000001,1.9166666666666667,20.700000000000003,20.8,20.1,18.5,20.433333333333334,2.7,2.4000000000000004,2.0,2.0,2.25,330.1454882714177,0.43700000643730164,95.45395833333333,98.40222222222222,98.43638888888889,0.03643892705440521,0.058799678372423156,1.1613942661717973,6.217679286322316,5.857813935211702,33.0
47.5,-101.5,5.081450939178467,0.2270374447107315,7.1000000000000005,7.1000000000000005,7.2,7.800000000000001,7.15,6.800000000000001,6.800000000000001,6.9,7.2,6.85,6.2,6.300000000000001,6.300000000000001,6.6000000000000005,6.283333333333333,5.32,2.56,1.61,0.85,2.5450000000000004,24.3,23.700000000000003,22.1,19.3,23.0,2.9000000000000004,2.7,2.5,2.4000000000000004,2.6333333333333333,349.67601310076856,0.43700000643730164,94.56125,97.13097222222223,98.01118055555555,0.02381235361099243,0.07044934957097825,1.1613942661717973,19.075344900357447,20.267993310683845,61.0
47.5,-100.5,4.751527309417725,0.23567891120910645,7.2,7.300000000000001,7.4,7.9,7.333333333333333,6.7,6.800000000000001,7.1000000000000005,7.4,6.933333333333334,6.2,6.300000000000001,6.300000000000001,6.4,6.283333333333333,5.74,2.5100000000000002,1.53,0.8300000000000001,2.5583333333333336,24.700000000000003,22.6,19.900000000000002,16.5,21.6,3.2,2.8000000000000003,2.5,2.3000000000000003,2.716666666666667,385.78890039340325,0.43700000643730164,94.28319444444445,95.59736111111111,96.9420138888889,0.02183866873383522,0.07624192412647,1.1613942661717973,14.998134643128934,16.190486461684372,76.0
47.5,-99.5,4.534353733062744,0.24523121118545532,7.1000000000000005,7.1000000000000005,7.300000000000001,7.800000000000001,7.2,7.1000000000000005,7.0,7.4,7.5,7.216666666666667,6.300000000000001,6.5,6.5,6.6000000000000005,6.466666666666667,5.63,2.88,2.0300000000000002,1.03,2.9133333333333336,25.400000000000002,21.5,18.3,13.8,20.55,3.6,2.9000000000000004,2.4000000000000004,2.2,2.7666666666666666,381.6090059484247,0.43700000643730164,92.87908269631689,93.67637248088951,95.35225851285615,0.015511403791606426,0.09501845839883674,1.1613942661717973,6.437400657051261,5.377005258636401,79.0
47.5,-98.5,4.215065002441406,0.24882438778877258,7.2,7.4,7.5,8.0,7.416666666666667,7.1000000000000005,7.2,7.300000000000001,7.4,7.233333333333333,5.800000000000001,5.800000000000001,5.9,6.1000000000000005,5.85,5.03,2.85,2.05,0.77,2.8133333333333335,25.400000000000002,22.6,18.900000000000002,16.3,21.21666666666667,3.3000000000000003,2.6,2.1,2.0,2.466666666666667,379.2035286458945,0.43700000643730164,92.70145833333333,93.70145833333333,95.40291666666667,0.011854800395667553,0.09318360167695833,1.1613942661717973,9.59240414386545,9.06220644465802,77.0
47.5,-97.5,4.5907883644104,0.25682929158210754,7.2,7.4,7.4,7.7,7.366666666666667,7.4,7.4,7.6000000000000005,7.7,7.5,5.9,6.2,6.2,6.4,6.15,5.01,3.02,2.7,1.0,3.191666666666667,28.400000000000002,26.400000000000002,26.3,18.900000000000002,26.683333333333337,3.4000000000000004,2.9000000000000004,2.7,2.4000000000000004,2.8833333333333333,359.0305421707944,0.43700000643730164,92.86138888888888,94.62201388888889,96.74965277777778,0.017252691090106964,0.11843000481159957,1.1613942661717973,14.524293578735813,9.157814341232333,73.0
47.5,-96.5,4.6194987297058105,0.25984781980514526,7.4,7.6000000000000005,7.7,7.800000000000001,7.616666666666667,7.300000000000001,7.300000000000001,7.5,7.6000000000000005,7.3999999999999995,6.0,6.2,6.2,6.4,6.166666666666666,4.84,3.87,3.86,2.38,4.026666666666666,37.2,37.300000000000004,35.6,29.900000000000002,36.43333333333334,3.6,3.7,3.2,3.1,3.4333333333333336,386.5204692056574,0.44999998807907104,91.92611111111111,95.090625,98.23743055555556,0.021339965984225273,0.15768463889499856,1.1366837498702698,23.65447788680501,15.942486124299968,73.0
47.5,-95.5,3.498044967651367,0.25012797117233276,7.0,7.0,7.2,7.2,7.1,6.9,7.0,7.0,7.0,6.983333333333333,5.800000000000001,6.0,6.0,6.1000000000000005,5.966666666666667,4.15,3.25,2.18,2.74,2.865,24.900000000000002,23.5,21.3,19.3,22.633333333333333,2.8000000000000003,2.6,2.4000000000000004,2.3000000000000003,2.5333333333333337,412.1957057347456,0.43700000643730164,81.6113245849344,83.27180453853404,85.43355325164939,0.004665864631533623,0.2138948420568183,1.1366837498702698,16.878466767821333,15.820835374617072,50.0
47.5,-94.5,3.626347541809082,0.2520127594470978,6.4,6.4,6.6000000000000005,6.7,6.5,6.300000000000001,6.300000000000001,6.300000000000001,6.5,6.300000000000001,5.0,5.2,5.2,5.4,5.166666666666667,5.64,3.48,2.59,1.69,3.395,35.9,33.9,28.400000000000002,28.200000000000003,31.483333333333334,3.1,2.9000000000000004,2.2,2.1,2.5833333333333335,365.98432931392887,0.43700000643730164,79.07633769322236,81.03797066983749,83.3346016646849,0.005644587334245443,0.20408068656693334,1.1366837498702698,6.716300067869311,6.1665053047910545,23.0
47.5,-93.5,3.6128571033477783,0.2590167224407196,6.0,6.0,6.0,6.1000000000000005,6.0,5.2,5.300000000000001,5.4,5.5,5.333333333333334,4.5,4.6000000000000005,4.7,4.9,4.633333333333333,5.37,3.74,1.34,1.17,2.8116666666666665,29.6,28.5,28.900000000000002,29.700000000000003,28.883333333333333,3.2,2.4000000000000004,1.8,1.7000000000000002,2.2333333333333334,449.64634563773035,0.43700000643730164,71.55708333333334,72.81986111111111,75.93013888888889,0.0030313103925436735,0.23682175669877498,1.1366837498702698,9.462519562453322,11.831430198825,17.0
47.5,-92.5,3.20419979095459,0.2467377781867981,5.2,5.300000000000001,5.4,5.7,5.333333333333334,4.9,4.9,5.0,5.300000000000001,4.95,4.6000000000000005,4.800000000000001,4.7,4.9,4.716666666666667,5.65,3.85,0.78,0.46,2.615,29.400000000000002,19.400000000000002,13.5,12.4,18.116666666666667,3.5,3.3000000000000003,2.4000000000000004,2.2,2.8833333333333337,473.0246275039765,0.43700000643730164,66.80299555682959,67.21248387559123,70.6626057044575,0.002231874503195286,0.2428979745926134,1.1366837498702698,0.0,0.0,16.0
47.5,-91.5,2.4529898166656494,0.2303512692451477,5.300000000000001,5.300000000000001,5.4,5.800000000000001,5.35,5.1000000000000005,5.2,5.300000000000001,5.5,5.233333333333334,4.3,4.5,4.5,4.5,4.466666666666667,5.1000000000000005,3.96,1.92,1.16,3.13,33.6,31.8,29.200000000000003,29.400000000000002,30.8,3.8000000000000003,3.4000000000000004,2.2,2.2,2.8666666666666667,424.7639646105061,0.43700000643730164,70.24976509780473,73.16853164773212,76.06722473733663,0.0038513217587023973,0.2582489910827576,1.1366837498702698,0.0,0.0,2.0
48.5,-122.5,10.106359481811523,0.2615980803966522,5.9,6.0,6.0,6.2,5.983333333333333,5.0,5.0,5.1000000000000005,5.4,5.050000000000001,4.4,4.3,4.4,4.5,4.366666666666667,0.0,0.0,0.0,0.0,4.693333333333333,39.1,25.6,19.900000000000002,17.6,25.0,5.2,4.2,3.2,3.0,3.8666666666666667,459.5998819656018,0.4189999997615814,30.14694851687692,29.191158086146153,31.105011933174225,0.0020335346926003695,0.6454167724196834,0.9389996194580489,27.399999618530273,27.399999618530273,11.0
48.5,-121.5,6.900063991546631,0.26424846053123474,5.800000000000001,5.800000000000001,5.800000000000001,5.9,5.800000000000001,4.7,4.7,4.9,5.2,4.800000000000001,4.4,4.3,4.4,4.5,4.366666666666667,7.65,4.11,1.99,1.6300000000000001,3.6400000000000006,25.200000000000003,19.200000000000003,16.400000000000002,15.100000000000001,18.800000000000004,6.300000000000001,5.5,4.5,4.0,5.133333333333333,493.56976783911836,0.4189999997615814,43.60340277777778,43.459583333333335,48.83159722222222,0.0014687225921079516,2.2571523144330987,0.9389996194580489,10.999999999999998,9.380000114440918,1.0
48.5,-120.5,3.1432502269744873,0.2580241560935974,5.2,5.2,5.300000000000001,5.300000000000001,5.25,5.4,5.4,5.5,5.7,5.45,4.7,4.5,4.4,4.6000000000000005,4.483333333333333,7.15,5.58,3.21,1.92,4.656666666666666,23.3,21.3,19.1,14.700000000000001,20.53333333333333,3.3000000000000003,2.7,1.8,1.5,2.35,404.9300158077177,0.4189999997615814,47.431948070274466,47.40012700204615,53.241021660904536,0.006500046234577894,0.7031721630820098,0.9389996194580489,2.9999999999999996,2.9999999999999996,1.0
48.5,-119.5,8.431450843811035,0.24814680218696594,6.0,6.0,6.1000000000000005,6.2,6.050000000000001,6.4,6.5,6.5,6.6000000000000005,6.483333333333333,5.2,5.2,5.2,5.2,5.2,6.28,3.7600000000000002,2.0300000000000002,1.6600000000000001,3.315,19.200000000000003,13.700000000000001,10.8,8.8,13.166666666666668,2.3000000000000003,2.1,1.9000000000000001,1.7000000000000002,2.033333333333333,373.58673680110326,0.43700000643730164,68.01784722222222,67.50847222222222,71.345625,0.017326826229691505,0.08915428713499483,0.9389996194580489,5.9169667884278265,4.596699710048192,5.0
48.5,-118.5,4.627688407897949,0.23914074897766113,6.2,6.300000000000001,6.300000000000001,6.4,6.283333333333333,6.2,6.2,6.2,6.2,6.199999999999999,4.3,4.4,4.4,4.4,4.383333333333333,4.29,2.6,1.47,1.23,2.316666666666667,23.0,21.6,19.400000000000002,17.7,20.733333333333334,3.8000000000000003,3.1,2.4000000000000004,2.2,2.8666666666666667,539.0529414967374,0.4189999997615814,46.01780841591268,45.12674134712049,51.83132270573029,0.012175275944173336,0.11644824938471751,0.9389996194580489,0.0,1.8703950202445259,3.0
48.5,-117.5,5.535043239593506,0.2423434555530548,5.9,6.0,6.0,6.1000000000000005,5.983333333333333,5.9,5.9,5.9,6.1000000000000005,5.9,4.5,4.6000000000000005,4.6000000000000005,4.7,4.583333333333334,5.47,3.0500000000000003,1.8,0.8300000000000001,2.8283333333333336,21.3,18.1,13.3,9.5,16.233333333333334,5.1000000000000005,3.4000000000000004,2.1,1.9000000000000001,3.033333333333333,575.0512172623577,0.4189999997615814,43.88097222222222,43.641597222222224,50.274861111111115,0.01575963944196701,0.2848226674099305,0.9389996194580489,0.0,4.09499979019165,4.0
48.5,-116.5,5.887655258178711,0.24330288171768188,5.5,5.6000000000000005,5.6000000000000005,5.7,5.583333333333334,5.4,5.4,5.6000000000000005,5.800000000000001,5.5,4.4,4.4,4.5,4.7,4.449999999999999,8.4,5.0200000000000005,2.7600000000000002,1.33,4.453333333333333,24.0,19.200000000000003,15.200000000000001,9.0,18.0,3.5,3.2,2.0,1.9000000000000001,2.65,522.0924565577233,0.4189999997615814,42.317423806785506,42.3588269120184,49.33122484186314,0.0353226400911808,0.5318586617985427,1.7297361411069323,11.199511017839196,5.277820843310265,4.0
48.5,-115.5,5.260573387145996,0.24298003315925598,5.7,5.7,5.800000000000001,5.800000000000001,5.75,5.300000000000001,5.4,5.5,5.7,5.433333333333334,4.9,4.9,4.9,5.1000000000000005,4.9,8.21,3.7800000000000002,1.9100000000000001,0.85,3.5833333333333335,26.5,18.900000000000002,14.700000000000001,8.6,18.066666666666666,2.9000000000000004,2.7,2.2,2.1,2.4833333333333334,559.6891205429332,0.4189999997615814,43.50354166666666,42.966458333333335,49.608402777777776,0.01134986151009798,0.37700231471191464,1.7297361411069323,6.775667689999832,6.775667689999832,1.0
48.5,-114.5,4.415513038635254,0.24538107216358185,6.5,6.5,6.6000000000000005,6.800000000000001,6.550000000000001,6.1000000000000005,6.1000000000000005,6.1000000000000005,6.300000000000001,6.1,4.5,4.5,4.6000000000000005,4.800000000000001,4.550000000000001,6.28,2.06,1.83,1.28,2.6483333333333334,23.3,18.900000000000002,16.8,15.100000000000001,18.583333333333336,4.1000000000000005,3.5,2.6,2.5,3.1500000000000004,508.91209919371215,0.43700000643730164,65.69981802911533,65.8083006718925,72.28793393057111,0.01745685562491417,0.4120100328282419,1.7297361411069323,35.489089753661816,34.24068850513523,5.0
48.5,-113.5,1.6884087324142456,0.2481989562511444,6.300000000000001,6.5,6.5,6.5,6.466666666666667,5.800000000000001,5.6000000000000005,5.7,5.9,5.683333333333334,4.800000000000001,4.7,4.800000000000001,4.800000000000001,4.7666666666666675,0.0,0.0,0.0,0.0,3.17,22.3,17.6,16.6,13.8,17.883333333333333,5.300000000000001,3.5,3.0,2.9000000000000004,3.55,400.46719554590504,0.43700000643730164,75.97398454667895,77.85957326150138,82.70659956050189,0.0058577777817845345,0.7252141421966148,1.7297361411069323,31.825253967017435,30.874332286113464,6.0
48.5,-112.5,7.11990213394165,0.23707792162895203,6.6000000000000005,6.7,6.800000000000001,7.1000000000000005,6.733333333333334,7.0,7.0,7.300000000000001,7.5,7.15,7.1000000000000005,7.0,7.1000000000000005,7.2,7.066666666666666,0.0,0.0,0.0,0.0,2.345,22.200000000000003,20.400000000000002,19.6,17.7,20.3,2.0,2.2,2.2,2.2,2.166666666666667,263.6995157311127,0.43700000643730164,90.7604861111111,94.29784722222222,96.90930555555556,0.01373431645333767,0.05092569121755243,1.7297361411069323,22.26444500571599,23.36654787579385,21.0
48.5,-111.5,6.61609411239624,0.2282092422246933,7.1000000000000005,7.2,7.4,7.9,7.283333333333333,7.6000000000000005,7.6000000000000005,7.7,7.9,7.65,6.9,6.9,6.9,7.0,6.9,2.6,1.61,1.08,0.71,1.5100000000000002,18.8,19.5,20.0,17.900000000000002,19.633333333333333,2.1,2.3000000000000003,2.3000000000000003,2.4000000000000004,2.2666666666666666,217.16732642239205,0.43700000643730164,95.41,98.0575,99.02875,0.029305225238204002,0.02375325050486185,1.7297361411069323,23.624482756876244,19.804567701979416,14.0
48.5,-110.5,5.932918071746826,0.22313177585601807,7.1000000000000005,7.1000000000000005,7.300000000000001,8.1,7.2,7.4,7.300000000000001,7.4,7.7,7.366666666666667,7.300000000000001,7.4,7.4,7.4,7.383333333333334,2.77,1.6400000000000001,1.12,0.72,1.5683333333333334,21.0,21.5,22.6,21.3,21.96666666666667,2.1,2.4000000000000004,2.3000000000000003,2.3000000000000003,2.3,205.11868066750395,0.43700000643730164,97.69938306225463,99.77453729669097,99.88726864834548,0.031115049496293068,0.01658888627597411,1.7297361411069323,19.5,17.610000610351562,6.0
48.5,-109.5,5.804546356201172,0.22155794501304626,7.300000000000001,7.4,7.6000000000000005,7.9,7.483333333333334,7.2,7.2,7.5,7.7,7.35,7.2,7.1000000000000005,7.1000000000000005,7.300000000000001,7.116666666666667,1.85,1.33,0.91,0.63,1.2066666666666668,17.3,19.0,21.6,20.200000000000003,20.016666666666666,2.4000000000000004,2.3000000000000003,2.4000000000000004,2.4000000000000004,2.3666666666666667,289.5128474208928,0.43700000643730164,94.78956897152008,97.45630527122067,98.5107583037393,0.038518328219652176,0.04413624030148182,1.7297361411069323,23.384268088070503,18.878499645683878,19.0
48.5,-108.5,5.966899871826172,0.21951857209205627,6.7,7.2,7.6000000000000005,8.1,7.316666666666666,7.1000000000000005,7.1000000000000005,7.4,7.6000000000000005,7.25,7.1000000000000005,7.2,7.300000000000001,7.4,7.233333333333333,3.0100000000000002,1.37,0.86,0.64,1.3883333333333334,18.8,21.1,21.3,19.700000000000003,20.816666666666666,2.1,2.1,2.2,2.2,2.15,271.94571248281756,0.43700000643730164,94.66944444444445,97.50208333333333,98.75104166666667,0.03279061242938042,0.024728501891927566,1.7297361411069323,22.251034486247498,18.655393791448255,18.0
48.5,-107.5,5.781957626342773,0.21430665254592896,6.800000000000001,7.0,7.300000000000001,8.0,7.116666666666667,7.300000000000001,7.2,7.5,7.6000000000000005,7.366666666666666,7.1000000000000005,7.1000000000000005,7.1000000000000005,7.300000000000001,7.1,2.89,1.49,0.9400000000000001,0.73,1.4483333333333335,22.5,23.8,24.6,23.6,23.983333333333334,2.4000000000000004,2.2,2.3000000000000003,2.3000000000000003,2.283333333333333,259.9301281651023,0.43700000643730164,95.04027777777777,97.7161111111111,98.75965277777777,0.04104091227054596,0.02391710925428697,1.7297361411069323,21.25141066306477,18.600414176112224,17.0
48.5,-106.5,5.577487945556641,0.21102720499038696,6.9,7.0,7.300000000000001,7.800000000000001,7.133333333333334,7.0,6.9,7.1000000000000005,7.300000000000001,7.0166666666666675,6.9,6.9,6.9,7.2,6.9,2.58,1.44,0.93,0.64,1.3750000000000002,19.700000000000003,21.400000000000002,22.200000000000003,21.700000000000003,21.516666666666666,2.0,2.1,2.2,2.1,2.1333333333333333,270.05967934234974,0.43700000643730164,94.46590277777777,97.08451388888889,98.39104166666667,0.028721485286951065,0.025191873740549202,1.7297361411069323,22.125094044204314,18.39243927184628,19.0
48.5,-105.5,7.834100246429443,0.21305698156356812,7.1000000000000005,7.2,7.300000000000001,7.9,7.233333333333333,7.2,7.1000000000000005,7.300000000000001,7.5,7.216666666666667,6.9,6.9,6.9,7.1000000000000005,6.9,4.0,2.18,1.25,1.32,2.0183333333333335,22.400000000000002,23.1,23.8,21.900000000000002,23.333333333333336,2.5,2.3000000000000003,2.3000000000000003,2.3000000000000003,2.3333333333333335,299.7266035398656,0.43700000643730164,91.80375,95.00208333333333,97.40083333333334,0.019477616995573044,0.024869201051508777,1.7297361411069323,19.91029798075772,20.09091850088072,30.0
48.5,-104.5,5.934453964233398,0.21655890345573425,7.2,7.300000000000001,7.4,7.9,7.333333333333333,7.6000000000000005,7.4,7.5,7.800000000000001,7.483333333333333,6.800000000000001,6.7,6.800000000000001,7.0,6.7666666666666675,5.18,2.54,1.8900000000000001,1.74,2.6550000000000002,22.400000000000002,22.6,22.5,21.8,22.516666666666666,2.6,2.6,2.4000000000000004,2.4000000000000004,2.5,309.52440651221815,0.43700000643730164,91.275,94.70833333333333,97.28333333333333,0.021131198853254318,0.031415036019259455,1.7297361411069323,20.700000762939453,22.530000686645504,45.0
48.5,-103.5,4.785708427429199,0.22022077441215515,7.300000000000001,7.4,7.4,7.9,7.383333333333334,7.2,7.1000000000000005,7.300000000000001,7.5,7.216666666666667,6.5,6.6000000000000005,6.7,6.9,6.633333333333333,4.1,2.15,1.46,1.25,2.13,23.700000000000003,23.5,24.200000000000003,22.1,23.883333333333333,2.2,2.2,2.1,2.0,2.15,320.11704241686283,0.43700000643730164,91.76041666666667,95.29972222222223,97.56076388888889,0.024460680782794952,0.03956481694592836,1.1613942661717973,20.0,21.590000152587887,64.0
48.5,-102.5,3.5958175659179688,0.2250455915927887,7.1000000000000005,7.1000000000000005,7.2,7.800000000000001,7.15,6.9,7.0,7.1000000000000005,7.4,7.033333333333333,6.6000000000000005,6.7,6.7,6.9,6.683333333333334,5.95,2.11,1.59,0.99,2.49,23.900000000000002,23.5,23.0,21.200000000000003,23.316666666666666,3.0,2.6,2.2,2.2,2.466666666666667,355.34619798377884,0.43700000643730164,93.44041666666666,96.59506944444445,98.02972222222222,0.02282586134970188,0.06310503406864652,1.1613942661717973,20.0,21.590000152587887,71.0
48.5,-101.5,4.274505615234375,0.23651117086410522,7.4,7.4,7.4,8.1,7.4,6.9,7.0,7.1000000000000005,7.300000000000001,7.033333333333333,6.300000000000001,6.5,6.5,6.6000000000000005,6.466666666666667,6.32,3.2,1.6500000000000001,0.68,2.9450000000000003,25.200000000000003,23.0,19.900000000000002,15.100000000000001,21.81666666666667,2.6,2.4000000000000004,2.0,2.0,2.2333333333333334,359.85357663378795,0.43700000643730164,92.96243055555556,94.43118055555556,96.24361111111111,0.010996349155902863,0.06406802630291272,1.1613942661717973,4.998119115913634,5.39546962376139,78.0
48.5,-100.5,3.913522481918335,0.24252763390541077,7.6000000000000005,7.7,7.7,8.1,7.683333333333334,7.0,7.0,7.300000000000001,7.5,7.15,5.7,5.800000000000001,5.9,6.1000000000000005,5.833333333333334,5.69,2.79,1.47,0.8200000000000001,2.6133333333333333,24.8,24.0,20.200000000000003,15.700000000000001,22.233333333333334,2.7,2.1,1.9000000000000001,1.7000000000000002,2.1,387.3364742710139,0.43700000643730164,91.9925,92.968125,91.13916666666667,0.01004035584628582,0.07729809967246695,1.1613942661717973,10.101354141138874,9.846449951829413,72.0
48.5,-99.5,3.4885361194610596,0.2475612908601761,6.9,7.0,7.1000000000000005,7.2,7.033333333333333,7.1000000000000005,7.2,7.4,7.6000000000000005,7.283333333333333,6.4,6.5,6.5,6.6000000000000005,6.483333333333333,7.08,3.69,2.08,2.33,3.45,26.8,24.8,24.0,21.400000000000002,24.733333333333334,3.4000000000000004,3.0,2.6,2.4000000000000004,2.8666666666666667,346.11875318085583,0.43700000643730164,92.8955640936081,93.92469437652812,93.56716730702061,0.00958995521068573,0.10343012038627297,1.1613942661717973,0.0,0.0,71.0
48.5,-98.5,3.0563910007476807,0.24822595715522766,7.1000000000000005,7.2,7.300000000000001,7.6000000000000005,7.233333333333333,7.2,7.2,7.300000000000001,7.6000000000000005,7.25,6.0,6.2,6.2,6.4,6.166666666666666,6.44,3.52,1.8800000000000001,0.98,3.186666666666667,29.700000000000003,28.400000000000002,22.3,19.1,25.56666666666667,3.4000000000000004,2.9000000000000004,2.6,2.5,2.833333333333333,336.504847527964,0.43700000643730164,94.20625,95.809375,97.809375,0.009934626519680023,0.11716570809602433,1.1613942661717973,19.550018999647477,19.550018999647477,74.0
48.5,-97.5,3.927415132522583,0.2545701265335083,7.300000000000001,7.4,7.6000000000000005,7.7,7.483333333333334,7.300000000000001,7.4,7.6000000000000005,7.7,7.483333333333334,6.2,6.300000000000001,6.4,6.6000000000000005,6.333333333333334,4.69,3.0300000000000002,2.1,1.02,2.841666666666667,34.2,33.4,29.700000000000003,24.900000000000002,31.683333333333334,3.1,2.9000000000000004,2.5,2.4000000000000004,2.7333333333333334,363.9373702048424,0.43700000643730164,92.71777777777778,94.84715277777778,97.10430555555556,0.01694192737340927,0.12804653245709693,1.1613942661717973,23.413463279540114,14.678239797556142,73.0
48.5,-96.5,3.2595865726470947,0.26307910680770874,7.2,7.300000000000001,7.4,7.7,7.333333333333333,7.2,7.2,7.300000000000001,7.5,7.25,5.9,6.2,6.2,6.4,6.15,4.8500000000000005,3.68,2.32,1.72,3.1950000000000003,36.1,34.0,31.200000000000003,21.1,32.95,3.1,2.6,2.1,2.0,2.4333333333333336,411.37984891767985,0.43700000643730164,85.66791666666667,88.49895833333333,92.27986111111112,0.007488694507628679,0.1545334842634141,1.1366837498702698,7.794227032819649,7.619161249578279,73.0
48.5,-95.5,2.9086391925811768,0.26709240674972534,7.2,7.2,7.300000000000001,7.5,7.25,6.9,6.9,7.0,7.300000000000001,6.949999999999999,5.5,5.7,5.7,5.800000000000001,5.666666666666666,4.37,3.65,1.9000000000000001,1.68,2.8950000000000005,35.800000000000004,34.6,29.1,23.1,32.05,3.4000000000000004,2.6,1.9000000000000001,2.0,2.3833333333333333,423.66552335866584,0.4189999997615814,63.64366319444444,63.634765625,67.98524305555556,0.0018351497128605843,0.1571853456693607,1.1366837498702698,44.75619441885789,25.027499162064288,49.0
48.5,-94.5,3.029435157775879,0.26908189058303833,7.2,7.300000000000001,7.4,7.7,7.333333333333333,6.5,6.5,6.6000000000000005,6.800000000000001,6.550000000000001,5.2,5.300000000000001,5.300000000000001,5.4,5.283333333333333,4.91,4.16,2.84,2.74,3.625,29.6,28.700000000000003,26.6,25.0,27.8,3.5,2.8000000000000003,2.2,2.0,2.6166666666666667,436.0657379333115,0.4189999997615814,57.16479459586835,55.68227162045401,60.71424082947137,0.00194922077935189,0.11569585126678208,1.1366837498702698,60.205140100854635,38.89962786450759,20.0
48.5,-93.5,3.130021810531616,0.24567073583602905,5.9,6.0,6.1000000000000005,6.800000000000001,6.033333333333333,5.9,5.9,5.9,6.1000000000000005,5.9,5.1000000000000005,5.2,5.2,5.300000000000001,5.183333333333334,6.07,6.88,6.59,8.65,6.6,30.400000000000002,28.400000000000002,26.8,25.8,27.933333333333334,3.3000000000000003,3.3000000000000003,2.0,1.9000000000000001,2.6500000000000004,465.86241387213454,0.4189999997615814,57.35518748562227,52.727551568131275,58.883751246070084,0.0023383728694170713,0.11750438152266554,1.1366837498702698,15.109999656677244,12.920000076293945,13.0
