lat,lon,temperature [oC],soil moisture [m3/m3],pH_H2O_0-30cm [-],SOC_0-30cm [wt%],NPP [gC/m/yr],porosity [-],BS_0-20cm [%],nitrification rate [kgN/ha/day],runoff [m/yr],erosion [mm/yr],CEC_0-30cm [cmol/kg],cropland [%],OC_input_gC_per_m2_per_yr,log_tau_OC_yr,log_KH_per_Na,log_Ca_M
26.5,-98.5,22.960739135742200,0.2215402275323870,7.583333333333330,0.915,375.36125796389800,0.4370000064373020,92.21138888888890,0.1844565421342850,0.0579725578276277,2.1745254345344300,1.5503748441131500,27.0,1865.738174,0.09820973225380560,6.511224405,-1.8375402411851300
26.5,-97.5,22.44908142089840,0.2026870101690290,6.85,0.7966666666666670,255.70380553802100,0.4370000064373020,90.66026622688180,0.1470789313316350,0.0969704637307315,2.1745254345344300,2.167016000044620,22.0,9846.862648,-0.5141972610503690,6.771276025,-1.4885428285526300
27.5,-99.5,22.78376007080080,0.2238846123218540,8.083333333333330,1.0,305.2106339406200,0.449999988079071,99.16583333333330,0.2003921121358870,0.0501289162271822,2.1745254345344300,11.386937746893700,20.0,,,,
27.5,-98.5,21.915925979614300,0.2230989336967470,7.783333333333330,1.0666666666666700,398.1715343328370,0.4469999969005580,86.03083333333330,0.1480157077312470,0.0813850601556304,2.1745254345344300,7.285296375085040,22.0,1153.272543,0.34579788946000800,6.181071264,-2.1822629780412100
27.5,-97.5,22.108497619628900,0.2202380150556560,7.316666666666670,1.2016666666666700,247.61438067650000,0.449999988079071,88.97655726724720,0.1509003788232800,0.124839609772053,2.1745254345344300,0.0,21.0,7793.734314,-0.4096345319004420,7.141536749,-1.21156963197755
27.5,-82.5,22.72563934326170,0.1795871555805210,6.166666666666670,1.4,330.673791807401,0.4189999997615810,42.09104151493080,0.0105153769254684,0.3161129309183100,0.8401575542519390,0.0,27.0,10986.35594,-0.17901633427941400,5.471115312,-3.25723849283335
27.5,-81.5,22.448381423950200,0.1956457197666170,6.766666666666670,1.7600000000000000,676.1427761327460,0.4189999997615810,46.46285226302310,0.0262746401131153,0.3339888426889730,0.8401575542519390,0.0,54.0,2373.411584,0.6238161499368960,5.802987208,-3.371463680598500
27.5,-80.5,22.78833770751950,0.1891552209854130,6.833333333333330,2.9766666666666700,447.2490251037210,0.4189999997615810,50.64093150110140,0.1349847316741940,0.2767648163043430,0.8401575542519390,0.0,35.0,6904.804278,0.20282794909001800,5.758548039,-2.8550010808032700
28.5,-99.5,21.748838424682600,0.2321172505617140,7.633333333333330,1.1416666666666700,337.2164152405850,0.449999988079071,87.50277777777780,0.1554873883724210,0.0993063568169089,2.1745254345344300,18.12477415199980,20.0,,,,
28.5,-98.5,21.55056953430180,0.2361458390951160,7.5166666666666700,1.015,416.6423761494980,0.449999988079071,90.490625,0.1348966807127000,0.1356070128308590,2.1745254345344300,18.650651828192700,17.0,1055.119355,0.42735989981070800,6.165204523,-2.163811917511080
28.5,-97.5,21.36896705627440,0.2459588050842290,7.533333333333330,1.26,495.6279158815660,0.4469999969005580,86.15093803297330,0.1341728717088700,0.1776620781394860,2.1745254345344300,6.159089472499380,38.0,1079.153308,0.5223621806157010,6.420316521,-2.020068766900680
28.5,-96.5,21.553564071655300,0.262919545173645,6.833333333333330,1.7283333333333300,282.7773946567330,0.449999988079071,91.46300871148100,0.1341728717088700,0.2767169812583350,2.1745254345344300,28.754515398686100,28.0,,,,
28.5,-82.5,21.68406867980960,0.1790340840816500,5.15,2.2883333333333300,487.865532533633,0.4189999997615810,55.22999401317100,0.0427741259336471,0.3345956324746360,0.8401575542519390,0.0,27.0,,,,
28.5,-81.5,22.15903663635250,0.1828543841838840,5.35,3.653333333333330,661.481312628875,0.4189999997615810,49.10823104693140,0.0195690430700778,0.3887921026341120,0.8401575542519390,0.0,37.0,,,,
29.5,-103.5,18.956859588623000,0.1827997267246250,8.0,0.985,158.31538661242400,0.4469999969005580,92.08402777777780,0.0659980326890945,0.0226426752437062,2.1745254345344300,14.924993064031300,0.0,,,,
29.5,-100.5,20.000652313232400,0.2103829979896550,7.283333333333330,2.4250000000000000,307.414409986738,0.449999988079071,96.21222222222220,0.1621325612068180,0.0895014334086306,2.1745254345344300,21.300265230700100,15.0,,,,
29.5,-99.5,19.47732925415040,0.2230507582426070,7.35,1.9433333333333300,342.55241561050700,0.449999988079071,95.75611111111110,0.1119054704904560,0.1301884623118620,2.1745254345344300,35.0026599363954,16.0,1221.329276,0.5629247527757540,5.993129123,-2.040530857983660
29.5,-98.5,20.211261749267600,0.2375953197479250,7.3,1.995,371.5263126035610,0.449999988079071,88.50732728541520,0.1243505105376240,0.1843343630209320,2.1745254345344300,33.576563118039000,24.0,1766.333704,0.3291900774132810,6.096828987,-2.1077654150231500
29.5,-97.5,20.26688575744630,0.2586056888103490,7.133333333333330,1.2766666666666700,506.1410269834730,0.449999988079071,88.18375,0.1386336237192150,0.1829572348720840,2.1745254345344300,10.398111421311100,37.0,684.5437298,0.6873938826521810,5.807365274,-2.4602714775770300
29.5,-96.5,20.121641159057600,0.2683836817741390,6.65,1.38,563.1928234575950,0.449999988079071,83.41152777777780,0.1252203434705730,0.3056270332904200,2.1745254345344300,9.23430843083597,59.0,580.9043966,0.830130607691238,5.750217671,-2.6806403782082400
29.5,-95.5,20.37989044189450,0.2676318883895870,6.6000000000000000,2.9650000000000000,444.41558448568000,0.449999988079071,88.81380602392280,0.1161948889493940,0.6127751468208780,2.1745254345344300,44.194548835686400,44.0,1858.071374,0.47444773992269900,5.88511467,-2.1826224457676500
29.5,-90.5,20.522735595703100,0.2635058760643010,5.300000000000000,2.876666666666670,447.8034462313270,0.4370000064373020,61.8820724438331,0.0090605486184358,0.6252634042221160,0.8648680705534660,47.02620371661170,15.0,,,,
29.5,-82.5,20.62892341613770,0.1864544749259950,4.983333333333330,1.595,832.3958724298090,0.4189999997615810,56.74310605515160,0.0592114441096782,0.3953960202252790,0.8401575542519390,0.0,29.0,2657.137842,0.2721190861604790,5.362333465,-3.3625967290119800
29.5,-81.5,20.83100700378420,0.1816278547048570,5.633333333333330,4.078333333333330,847.7565324580400,0.4189999997615810,46.52167287504230,0.0155698154121637,0.3834232958294190,0.8401575542519390,0.0,13.0,,,,
30.5,-104.5,16.45859718322750,0.1759922802448270,8.05,0.7766666666666670,171.3395621717860,0.4469999969005580,89.72430555555560,0.101258598268032,0.0283824164588535,2.1745254345344300,19.68897336586710,2.0,,,,
30.5,-103.5,16.51456642150880,0.1834803372621540,7.45,1.83,183.5862343195380,0.4469999969005580,90.96944444444440,0.1135875880718230,0.0469224702808432,2.1745254345344300,16.723473080229700,4.0,,,,
30.5,-102.5,17.59988784790040,0.1869447231292720,7.800000000000000,0.9216666666666670,181.455653686411,0.4469999969005580,88.37388888888890,0.1254572719335560,0.0535984927681991,2.1745254345344300,22.299999237060500,6.0,,,,
30.5,-101.5,18.39236640930180,0.1935997009277340,7.85,1.211666666666670,240.7313023262430,0.4469999969005580,88.265,0.1339019387960430,0.0792784068758553,2.1745254345344300,22.299999237060500,12.0,,,,
30.5,-100.5,18.009492874145500,0.2055813819170000,7.65,1.8833333333333300,293.9839718956080,0.449999988079071,95.8938888888889,0.1007026582956310,0.1180032334230320,2.1745254345344300,51.0,13.0,,,,
30.5,-99.5,18.209604263305700,0.2170948088169100,7.550000000000000,2.046666666666670,334.276408233004,0.449999988079071,94.10416666666670,0.0811267495155334,0.1270123948487540,2.1745254345344300,43.823035406673300,16.0,,,,
30.5,-98.5,18.86801147460940,0.2302390336990360,6.6,1.518333333333330,361.5245770799310,0.449999988079071,89.79286013692890,0.1043755412101750,0.1440135601023610,2.1745254345344300,18.048385101538200,19.0,1036.279027,0.6207226751926740,6.555498401,-1.9399502663277000
30.5,-97.5,19.644222259521500,0.2523808479309080,7.25,1.6733333333333300,400.2408128000710,0.449999988079071,86.308125,0.1200247555971150,0.2035036771409930,2.1745254345344300,37.27861150942740,24.0,1034.004324,0.559764460296815,6.565509049,-1.9094682224954600
30.5,-96.5,19.83644294738770,0.2533852756023410,6.800000000000000,1.2133333333333300,520.16282577157,0.4469999969005580,78.76555555555560,0.1106838807463650,0.2283618298107790,2.1745254345344300,10.9246371284502,44.0,625.1865233,0.7388937459978960,5.55804713,-2.858570165720730
30.5,-95.5,19.42442321777340,0.2572578489780430,6.45,1.405,496.9234517125460,0.4469999969005580,61.46173611111110,0.113431230187416,0.3716908902050150,2.1745254345344300,4.025376429606510,18.0,1017.589876,0.5062205935585110,5.678264325,-3.0425044973911200
30.5,-94.5,19.186641693115200,0.2567678987979890,5.233333333333330,1.5133333333333300,733.0763880849380,0.449999988079071,56.29895833333330,0.0555282570421695,0.4873705246939590,2.1745254345344300,4.424363403745080,9.0,,,,
30.5,-93.5,19.2115421295166,0.2532057464122770,5.1,1.32,856.298953012827,0.449999988079071,52.85418276322260,0.0544423796236515,0.6235347146984790,0.8648680705534660,0.0,17.0,1073.633777,0.6005109058692830,5.907779432,-3.245153373692470
30.5,-92.5,19.532712936401400,0.2616990506649020,5.4,1.5633333333333300,733.8454771174040,0.4469999969005580,66.25501168803570,0.0902959629893302,0.776898505513985,0.8648680705534660,3.801040332742350,51.0,712.6656642,0.8038790214613170,5.767351665,-3.100857460444570
30.5,-91.5,19.36850929260250,0.2790403068065640,6.200000000000000,1.806666666666670,698.0351126390560,0.449999988079071,73.451875,0.1316625624895100,0.5917909820978530,0.8648680705534660,42.72040217369220,35.0,772.7638847,0.9570082222117160,6.344004565,-2.4982893689763300
30.5,-90.5,19.34447288513180,0.2770378887653350,5.4,1.735,801.0837092408600,0.4469999969005580,66.5626572327044,0.0475020818412303,0.5956910347869530,0.8648680705534660,0.0,11.0,1429.264415,0.6553695921452100,5.18708596,-3.2838333214514500
30.5,-89.5,19.27305793762210,0.259146511554718,5.050000000000000,1.846666666666670,815.1119058949130,0.449999988079071,44.17147950089130,0.0363125056028366,0.6357497394707980,0.8648680705534660,0.0,6.0,,,,
30.5,-88.5,19.44530868530270,0.246924340724945,5.1,1.6733333333333300,589.1589345797290,0.449999988079071,43.900274788184100,0.0221786852926015,0.5888649305288860,0.8648680705534660,0.0,8.0,,,,
30.5,-87.5,19.48880386352540,0.2456320822238920,5.183333333333330,3.203333333333330,595.9295316732630,0.449999988079071,46.49576319059990,0.0298997238278388,0.553024669642444,0.8401575542519390,0.0,17.0,3664.482268,0.1692894947628660,5.530555268,-3.234514620484590
30.5,-86.5,19.39097595214840,0.2336622476577760,5.133333333333330,1.3850000000000000,594.3677734561300,0.449999988079071,48.35922105019130,0.0249989405274391,0.46751218261562,0.8401575542519390,0.0,10.0,,,,
30.5,-85.5,19.20881462097170,0.2164292484521870,4.883333333333330,1.8616666666666700,933.1371439172840,0.4189999997615810,46.92529087568890,0.0157254431396722,0.4741625176287900,0.8401575542519390,0.0,20.0,,,,
30.5,-84.5,19.367733001709000,0.2272652089595790,5.300000000000000,1.8733333333333300,1001.9805803588700,0.4189999997615810,49.11113522899940,0.033150840550661,0.4037075715369970,0.8401575542519390,0.0,15.0,,,,
30.5,-83.5,19.602243423461900,0.2254942655563350,5.300000000000000,1.86,978.1458727539510,0.4189999997615810,50.49695995527290,0.014943616464734,0.3601997664842800,0.8401575542519390,0.0,22.0,1794.363311,0.5287222706635450,5.329942118,-3.5849461538207500
30.5,-82.5,19.722702026367200,0.2176656723022460,5.083333333333330,2.2033333333333300,1043.7664514569500,0.4189999997615810,49.32451388888890,0.0161580108106136,0.3005187850762630,0.8401575542519390,0.0,11.0,,,,
30.5,-81.5,20.42880630493160,0.2049063742160800,5.283333333333330,2.205,530.1617284869220,0.4189999997615810,44.98610433934670,0.0155271599069237,0.2809399253327890,0.8401575542519390,0.0,6.0,,,,
31.5,-111.5,18.071495056152300,0.1595703959465030,8.083333333333330,0.3216666666666670,73.83924112598480,0.4120000004768370,93.20875,0.1448141038417820,0.0236654472771001,1.7297361411069300,3.174106507557310,8.0,,,,
31.5,-110.5,15.502493858337400,0.166265457868576,7.95,0.5333333333333330,93.48171637294490,0.4370000064373020,92.40326388888890,0.1997754126787190,0.0369956044186348,1.7297361411069300,22.515242039593200,8.0,,,,
31.5,-109.5,16.379823684692400,0.1649770587682720,7.85,0.5233333333333330,131.497352434995,0.4370000064373020,94.03847222222220,0.1227733194828030,0.0389879040278119,1.7297361411069300,49.45619889296600,7.0,,,,
31.5,-108.5,15.618186950683600,0.1623966991901400,8.016666666666670,0.4983333333333330,133.96796689543300,0.4370000064373020,93.81125,0.1119353920221330,0.0182508130905103,1.7297361411069300,7.6742472075214700,7.0,,,,
31.5,-105.5,15.785682678222700,0.1595332473516460,8.3,0.5033333333333330,137.05870131578300,0.4370000064373020,89.84680555555560,0.0093642715364694,0.0440563635309341,2.1745254345344300,16.348465798239800,1.0,,,,
31.5,-104.5,16.086687088012700,0.1723121106624600,7.3,2.536666666666670,147.68888015312700,0.4370000064373020,91.29083333333330,0.0485305897891521,0.035010582971937,2.1745254345344300,15.79831131446200,1.0,,,,
31.5,-103.5,18.2453670501709,0.174969732761383,7.800000000000000,0.8,144.97352372243600,0.4370000064373020,92.81520833333330,0.1162449941039090,0.0407866496020737,2.1745254345344300,9.823768684578780,12.0,,,,
31.5,-102.5,18.3416805267334,0.1752893030643460,7.700000000000000,0.9283333333333340,162.4554049597080,0.4370000064373020,95.64611111111110,0.105651170015335,0.0436352523110718,2.1745254345344300,8.5251336411308,15.0,,,,
31.5,-101.5,17.347265243530300,0.1871783137321470,7.800000000000000,1.1416666666666700,205.6876354499890,0.4370000064373020,90.85916666666670,0.1095555573701860,0.0800563432152807,2.1745254345344300,21.914891623084600,19.0,,,,
31.5,-100.5,18.05756378173830,0.199573278427124,7.700000000000000,1.6850000000000000,270.925414023229,0.449999988079071,96.85777777777780,0.1057409197092060,0.0995689342058258,2.1745254345344300,28.500000000000000,19.0,1315.20512,0.48162120520685900,6.353886856,-1.5915374837350500
31.5,-99.5,18.42243766784670,0.2116414904594420,7.433333333333330,1.5316666666666700,308.4032607172070,0.4370000064373020,94.53469987407300,0.0884497687220573,0.1369068402390870,2.1745254345344300,30.189735541540100,18.0,1029.201313,0.6176435486889950,6.449407612,-1.8481939761527900
31.5,-98.5,18.10882377624510,0.2275342643260960,6.950000000000000,1.2416666666666700,354.88289095865000,0.449999988079071,93.75111111111110,0.0916961282491684,0.1559971132789860,2.1745254345344300,18.594312890393000,17.0,856.155728,0.6746143873463950,6.645829274,-1.8307334623966000
31.5,-97.5,18.733312606811500,0.2454500198364260,7.6,1.4233333333333300,372.6918273675250,0.449999988079071,91.6757638888889,0.1213509514927860,0.2153683705355400,2.1745254345344300,36.409912136344900,20.0,920.89427,0.6450355574537900,6.688748919,-1.6861391313395000
31.5,-96.5,18.93777656555180,0.2478289306163790,6.5,1.1483333333333300,440.0384285915650,0.4469999969005580,79.5625,0.1022625118494030,0.245732933757234,2.1745254345344300,15.87092862455190,32.0,640.573212,0.6873125226064720,6.001773843,-2.598128065819560
31.5,-95.5,18.72162628173830,0.2492991089820860,5.6,1.5683333333333300,456.8256003196060,0.4469999969005580,58.22430555555560,0.039015494287014,0.284585104128786,2.1745254345344300,2.854774958732130,24.0,539.3166827,0.7762335036534210,6.010141513,-3.173703983461440
31.5,-94.5,18.467374801635700,0.2553207278251650,5.333333333333330,1.4666666666666700,466.57150019008000,0.4469999969005580,51.81006944444450,0.0239793267101049,0.4092975619587880,2.1745254345344300,1.5995497839498500,7.0,826.6128134,0.5650832274580230,5.670558721,-3.413508240272390
31.5,-93.5,18.217775344848600,0.2594169378280640,5.300000000000000,1.0166666666666700,499.9517293076390,0.4469999969005580,56.13089589729280,0.0267032720148563,0.4701465567586170,0.8648680705534660,0.0,7.0,,,,
31.5,-92.5,18.731857299804700,0.2686567306518550,5.6,1.5566666666666700,533.5949505340030,0.4469999969005580,63.09198146327760,0.0589432008564472,0.5070399131408320,0.8648680705534660,12.57261506407530,16.0,578.8408993,0.7800000467951180,5.843498092,-3.1608745131564000
31.5,-91.5,18.755464553833000,0.2820392251014710,5.616666666666670,1.9166666666666700,522.0089943513740,0.449999988079071,72.420625,0.1819215714931490,0.5479717584485620,0.8648680705534660,9.407351874129640,28.0,501.0070944,0.8924788390728980,5.649331359,-2.9769905675041700
31.5,-90.5,17.973651885986300,0.2806375920772550,5.866666666666670,1.6166666666666700,851.7601766034280,0.4469999969005580,66.17493055555560,0.1021473780274390,0.5989219745805200,0.8648680705534660,0.0,6.0,,,,
31.5,-89.5,18.241884231567400,0.276518166065216,5.5,1.4383333333333300,922.5358136284380,0.449999988079071,42.87215277777780,0.0269111413508653,0.5791231896572010,0.8648680705534660,3.75,7.0,1038.969202,0.4855489723694510,5.829147327,-3.5455416549741400
31.5,-88.5,18.15903663635250,0.2724506855010990,5.300000000000000,1.6316666666666700,889.0542328952890,0.449999988079071,46.56875,0.0265359617769718,0.5541302125704050,0.8648680705534660,0.0,2.0,,,,
31.5,-87.5,18.217618942260700,0.2722703814506530,5.25,1.61,831.5351715615170,0.4469999969005580,47.321041666666700,0.0301008950918912,0.5258611204535470,0.8401575542519390,0.0,7.0,,,,
31.5,-86.5,18.14898681640630,0.2646769285202030,5.300000000000000,1.6250000000000000,916.245358009422,0.4469999969005580,48.37354166666670,0.0375584214925766,0.4889785860137930,0.8401575542519390,0.0,13.0,895.4761793,0.5879934735823830,5.178363846,-3.6137346356879000
31.5,-85.5,18.343542098999000,0.25642791390419,5.45,1.3333333333333300,781.5166364377760,0.4469999969005580,52.20965277777780,0.0237168073654174,0.4364473292544020,0.8401575542519390,0.0,34.0,1287.255814,0.4435508974810520,5.427792791,-3.4751182098656600
31.5,-84.5,18.756521224975600,0.2526590228080750,5.15,1.8733333333333300,719.6045785147520,0.4469999969005580,52.02298611111110,0.0244009513407945,0.383901362904145,0.8401575542519390,0.0,50.0,1317.378742,0.42517562271543300,5.536375401,-3.4906600176580500
31.5,-83.5,18.850271224975600,0.2503869831562040,5.300000000000000,1.905,756.4004714573040,0.4469999969005580,51.10583333333330,0.0219513922929763,0.3037344705728490,0.8401575542519390,0.0,55.0,1346.016679,0.4346945460925570,5.447521861,-3.5140538560286400
31.5,-82.5,19.079219818115200,0.2343304455280300,5.15,1.538333333333330,884.1973731447340,0.4189999997615810,52.89138888888890,0.0202767346054315,0.2725104192287500,0.8401575542519390,0.0,28.0,1455.900927,0.498404306193759,5.080841216,-3.662733010784860
31.5,-81.5,19.3701114654541,0.2196865975856780,4.75,2.52,776.4686038832730,0.4189999997615810,50.085127028934400,0.0239771343767642,0.2391246883267500,0.8401575542519390,10.418620649551900,6.0,,,,
32.5,-114.5,22.981958389282200,0.1421782970428470,8.05,0.5833333333333330,59.79095311554870,0.4120000004768370,97.315625,2.07427036408186E-17,0.0457804784795754,1.7297361411069300,4.0,11.0,,,,
32.5,-113.5,22.7561092376709,0.1396568119525910,8.25,0.1883333333333330,61.8496202687074,0.4120000004768370,96.29,1.25604428831139E-05,0.0152922854077695,1.7297361411069300,9.187337513776450,2.0,,,,
32.5,-112.5,20.541015625,0.1467856466770170,8.2,0.265,86.26012162284430,0.4120000004768370,96.0,0.1319277435541150,0.0374125031852079,1.7297361411069300,10.242093490109600,3.0,,,,
32.5,-111.5,20.96543312072750,0.1575192511081700,7.966666666666670,0.3133333333333330,101.55216706216100,0.4120000004768370,95.68840277777780,0.1888469457626340,0.0719505971339666,1.7297361411069300,13.508328251921700,8.0,,,,
32.5,-110.5,17.65959930419920,0.1694361865520480,7.166666666666670,0.8833333333333330,126.85260401044100,0.4469999969005580,90.95125,0.2937780618667600,0.0437938504906786,1.7297361411069300,22.479999065399200,9.0,,,,
32.5,-109.5,17.112958908081100,0.1721556186676030,7.716666666666670,0.51,124.12104497824600,0.4370000064373020,94.46194444444440,0.2527876794338230,0.0679949367785059,1.7297361411069300,10.519936430819700,6.0,,,,
32.5,-108.5,13.305588722229000,0.1722378581762310,7.800000000000000,0.4833333333333330,151.6945215057880,0.4370000064373020,93.11541666666670,0.1309172064065930,0.0367557555488112,1.7297361411069300,4.2262203566841300,4.0,,,,
32.5,-107.5,15.60990047454830,0.1650622189044950,7.483333333333330,0.9066666666666670,146.8564631917780,0.4370000064373020,93.37913965000350,0.2276677042245870,0.038085729998179,1.7297361411069300,0.0,2.0,,,,
32.5,-106.5,15.204216003418000,0.1598246395587920,8.083333333333330,1.1816666666666700,127.9373802837760,0.4370000064373020,96.08173611111110,0.1904773116111760,0.0373819917598547,1.7297361411069300,1.6745161044643700,2.0,,,,
32.5,-105.5,13.7848482131958,0.1707296669483180,8.083333333333330,0.4833333333333330,187.56485485181300,0.4370000064373020,94.99875,0.0707416087388992,0.04355070469783,1.7297361411069300,18.83288465438090,2.0,,,,
32.5,-104.5,16.172616958618200,0.1719469428062440,7.85,1.2016666666666700,164.38588257779200,0.4370000064373020,95.91194444444440,0.2100241035223010,0.0589586320317693,1.7297361411069300,14.585119916860900,6.0,,,,
32.5,-103.5,16.74531364440920,0.1648405790328980,7.75,0.825,169.00558532845000,0.4189999997615810,98.00881944444440,0.185003399848938,0.0555855665449758,1.7297361411069300,4.125324972447100,20.0,,,,
32.5,-102.5,16.942195892334000,0.1657709926366810,7.783333333333330,0.6866666666666670,180.4758963737780,0.4189999997615810,99.0,0.0957464277744293,0.0759522232440554,2.1745254345344300,6.5,20.0,1723.87112,0.04631199313317100,5.173572043,-2.2076761727752600
32.5,-101.5,17.213411331176800,0.1828885078430180,7.800000000000000,0.7383333333333330,199.99891574636,0.4370000064373020,98.06805555555560,0.1103195697069170,0.0650988242181883,2.1745254345344300,18.676957247192700,20.0,1440.448746,0.19920954062499000,5.64539971,-1.9773246316979600
32.5,-100.5,17.355117797851600,0.1950171589851380,7.65,1.2583333333333300,249.46503561150200,0.4370000064373020,98.29597222222220,0.1064224764704700,0.0870238423932887,2.1745254345344300,24.76443610412860,23.0,1068.727992,0.518194037635801,5.760460909,-1.9349231442476700
32.5,-99.5,17.720569610595700,0.2080861628055570,7.683333333333330,1.4333333333333300,297.45977495308400,0.4370000064373020,92.13319444444440,0.0939777642488479,0.1147754533894060,2.1745254345344300,24.704332170127400,17.0,1015.669237,0.585964510287039,6.337714195,-1.9576433345807100
32.5,-98.5,17.76702308654790,0.2273704409599300,7.25,1.66,346.0310679851010,0.4120000004768370,83.24370805369130,0.0796488597989082,0.1429393801175220,2.1745254345344300,13.83673322453150,17.0,498.1594544,0.9130887439900370,5.725901819,-2.6634947466700600
32.5,-97.5,18.255510330200200,0.2445415258407590,6.933333333333330,1.2366666666666700,327.4596486742760,0.449999988079071,85.02409722222220,0.0962434411048889,0.2185820051919570,2.1745254345344300,16.148333166659300,18.0,1508.843787,0.40083949730340000,6.494840561,-1.9711746841348700
32.5,-96.5,18.470001220703100,0.2526031732559200,6.800000000000000,1.21,332.8553785715750,0.449999988079071,83.70208333333330,0.100708283483982,0.316042670426631,2.1745254345344300,41.31299691076510,22.0,1533.06271,0.30539696496369700,6.533725501,-1.8643826284180500
32.5,-95.5,18.10926818847660,0.249203473329544,5.6,1.1583333333333300,425.02263354086000,0.4469999969005580,56.21319444444450,0.0362202860414981,0.2880026418965910,2.1745254345344300,3.202630756452450,34.0,669.9586381,0.6766951719850260,5.882495681,-3.1944331593758400
32.5,-94.5,17.89449119567870,0.2537243962287900,5.550000000000000,1.0833333333333300,407.7725434898050,0.4469999969005580,53.0,0.0264571756124496,0.3478964679237600,2.1745254345344300,2.4752382773616400,16.0,734.9725721,0.6047852090296580,5.708684096,-3.41246044757894
32.5,-93.5,17.73688316345220,0.2585399448871610,5.5,1.2233333333333300,397.2238404555250,0.4469999969005580,62.97249878159160,0.0595233924686908,0.4343335803786480,0.8648680705534660,15.899104615763000,13.0,737.0390317,0.5977692111426870,5.377196989,-3.3264661047880100
32.5,-92.5,17.6643009185791,0.2696987688541410,4.966666666666670,1.125,468.5935786800700,0.4469999969005580,54.85208333333330,0.0280385185033082,0.4879790864832350,0.8648680705534660,1.9999855567939000,7.0,,,,
32.5,-91.5,17.998456954956100,0.2865298986434940,6.083333333333330,1.435,463.99560067891700,0.449999988079071,73.65881944444450,0.0855239927768707,0.4950744480161680,0.8648680705534660,18.81999969482420,58.0,442.4500472,0.866567066273024,5.907390826,-2.9093063184787400
32.5,-90.5,17.69239616394040,0.2850734889507290,6.3500000000000000,1.1783333333333300,531.7465130359270,0.4469999969005580,69.12854166666670,0.0957920998334884,0.5202153550122200,0.8648680705534660,0.0,33.0,572.5518099,0.7561381045403430,5.357977457,-3.198280424286400
32.5,-89.5,17.1953182220459,0.2828583121299740,5.616666666666670,1.78,732.5107066676920,0.449999988079071,54.03888888888890,0.0715031027793884,0.5293229587733700,0.8648680705534660,0.0,10.0,658.3204681,0.7108017176828800,5.552794118,-3.4658385359257900
32.5,-88.5,17.305164337158200,0.2821546196937560,5.9,1.4566666666666700,739.0401578885660,0.449999988079071,49.461527777777800,0.1008844748139380,0.5831137162647660,0.8648680705534660,0.0,6.0,,,,
32.5,-87.5,17.669239044189500,0.28251513838768,5.3500000000000000,1.4200000000000000,775.453427221223,0.449999988079071,63.09125,0.0695413723587989,0.482147540524652,0.8401575542519390,0.0,12.0,699.757707,0.7140042334971070,4.87588074,-3.5187342145145400
32.5,-86.5,17.890480041503900,0.2767304480075840,5.566666666666670,1.6083333333333300,785.8880900314150,0.4469999969005580,65.96757787666880,0.0604756399989128,0.4846851966689460,0.8401575542519390,0.0,17.0,864.7763374,0.6172018260024910,4.689831293,-3.585417211058470
32.5,-85.5,17.48066520690920,0.2736470103263860,5.3500000000000000,1.5533333333333300,795.592474875909,0.4469999969005580,53.7,0.0309937875717878,0.4213066760625460,0.8401575542519390,2.7507943770929100,10.0,,,,
32.5,-84.5,17.463212966918900,0.2685231566429140,5.25,1.778333333333330,776.5499742310200,0.4469999969005580,50.49048611111110,0.0276309940963983,0.3690891205228890,0.8401575542519390,1.0753105769247200,14.0,1238.315132,0.4616050335228030,5.645151197,-3.383349248304740
32.5,-83.5,18.01583671569820,0.2640172839164730,5.300000000000000,2.1383333333333300,759.5917092191040,0.4469999969005580,50.11888888888890,0.0228388179093599,0.312687090327165,0.8401575542519390,0.0,31.0,1274.666658,0.45965029106730100,5.648170131,-3.3887871743981400
32.5,-82.5,18.235313415527300,0.2549978792667390,5.183333333333330,1.6933333333333300,831.2556917647340,0.4120000004768370,50.99736111111110,0.0231151841580867,0.2735126464832920,0.8401575542519390,0.0,30.0,862.7405731,0.678907114171362,5.528418583,-3.432414981335050
32.5,-81.5,18.473785400390600,0.2376453280448910,4.833333333333330,2.06,888.1523614199580,0.4189999997615810,52.49972222222220,0.0227913167327642,0.2434256041773430,0.8401575542519390,0.0,26.0,1473.78136,0.5762383310552770,5.601420209,-3.356673623065310
32.5,-80.5,18.66124153137210,0.2395007610321050,4.783333333333330,2.755,577.2540552068760,0.4189999997615810,43.80163043478260,0.0227913167327642,0.2137720911273560,0.8401575542519390,31.25,4.0,,,,
33.5,-117.5,16.630260467529300,0.1592089831829070,6.833333333333330,1.485,306.6153872263090,0.4469999969005580,82.73924125085780,0.1360590010881420,0.0542989789685031,0.9389996194580490,11.449999809265100,4.0,,,,
33.5,-116.5,15.36418628692630,0.1583136618137360,6.183333333333330,2.373333333333330,297.6679405523230,0.4120000004768370,93.41625891234450,0.2289159893989560,0.0366741733597023,0.9389996194580490,30.55000019073490,4.0,,,,
33.5,-115.5,21.334396362304700,0.1491877883672710,7.95,0.5066666666666670,61.46563486786910,0.4120000004768370,96.41288130585720,4.36286281910725E-05,0.0084008629930684,0.9389996194580490,4.251258619189060,6.0,,,,
33.5,-114.5,22.778993606567400,0.1443712711334230,8.400000000000000,0.1883333333333330,80.25244907658900,0.4120000004768370,96.0,8.9607141151582E-14,0.027668875358497,1.7297361411069300,0.0,6.0,,,,
33.5,-113.5,21.92009162902830,0.1484018266201020,8.3,0.195,94.40836039715700,0.4120000004768370,96.0,0.0895573496818542,0.0398955491887569,1.7297361411069300,8.95956766542602,8.0,,,,
33.5,-112.5,21.680152893066400,0.1588631868362430,7.833333333333330,0.35,99.99042975441700,0.4120000004768370,95.95722222222220,0.2830332517623900,0.1005752273580140,1.7297361411069300,6.352802770833930,13.0,,,,
33.5,-111.5,20.843957901001000,0.1732174456119540,7.25,0.6716666666666670,136.33416646400600,0.4120000004768370,92.50433324014540,0.3024777770042420,0.0906644422141444,1.7297361411069300,6.607483047950570,15.0,,,,
33.5,-110.5,16.214427947998000,0.1861538887023930,7.016666666666670,0.9000000000000000,181.47290197790400,0.4469999969005580,89.17400666851900,0.2518542408943180,0.0484245151388631,1.7297361411069300,14.594317651119400,6.0,,,,
33.5,-109.5,10.17700481414800,0.1921089142560960,6.45,2.875,264.4758398388000,0.4469999969005580,86.06201388888890,0.1794434189796450,0.0779560769292429,1.7297361411069300,17.089214889639900,4.0,,,,
33.5,-108.5,7.366920471191410,0.1935749650001530,6.983333333333330,1.7933333333333300,254.5681087492620,0.4469999969005580,85.53756944444440,0.0653937608003616,0.0524165998295514,1.7297361411069300,16.792585160931600,3.0,,,,
33.5,-107.5,11.071292877197300,0.1829151213169100,7.533333333333330,0.9616666666666670,185.99461847543400,0.4370000064373020,87.42754135444650,0.0936329066753387,0.0288311136892574,1.7297361411069300,4.826428950659540,2.0,,,,
33.5,-106.5,13.932044982910200,0.1751773208379750,8.183333333333330,0.565,136.15337211261600,0.4370000064373020,96.19375,0.1788671016693120,0.0252477354421376,1.7297361411069300,1.22536280232106,1.0,,,,
33.5,-105.5,11.93863010406490,0.1798283606767650,7.483333333333330,1.3916666666666700,223.87041261100200,0.4370000064373020,97.44833333333330,0.1468196511268620,0.0445917966552061,1.7297361411069300,16.850207206701400,5.0,,,,
33.5,-104.5,15.531211853027300,0.1767063587903980,7.85,0.955,161.73942837764800,0.4370000064373020,95.96777777777780,0.3505452275276180,0.0544758704894117,1.7297361411069300,3.5435491151914300,9.0,,,,
33.5,-103.5,14.430793762207000,0.170520007610321,7.783333333333330,0.7183333333333330,182.0368842379730,0.4189999997615810,98.78659722222220,0.3851255178451540,0.0526801078064581,1.7297361411069300,12.198075338966000,12.0,1662.164772,0.08618394602431410,5.191991873,-1.8955715381082700
33.5,-102.5,14.894967079162600,0.173673927783966,7.6,0.8383333333333340,188.1380349578080,0.4370000064373020,99.0,0.2330800890922550,0.1289317809453870,2.1745254345344300,9.675658638033150,31.0,1791.242032,-0.005139267653495790,5.075976026,-2.2046019576982100
33.5,-101.5,15.801700592041000,0.1876212656497960,7.416666666666670,0.7250000000000000,196.7266738917690,0.4370000064373020,98.52722222222220,0.1243668273091320,0.1314957856434750,2.1745254345344300,16.350340472206100,28.0,1705.949913,0.1474052556715460,5.129561017,-2.194188939864960
33.5,-100.5,16.689970016479500,0.1962313950061800,7.566666666666670,1.1700000000000000,237.01142143690900,0.4370000064373020,97.76013888888890,0.1133232042193410,0.092523310023859,2.1745254345344300,13.170000076293900,20.0,1844.959183,0.24121484188616600,5.622684332,-1.89781771415384
33.5,-99.5,17.441640853881800,0.2059207260608670,7.583333333333330,1.5433333333333300,270.08586175860900,0.4370000064373020,96.68646980430660,0.1119749695062640,0.1097659369032630,2.1745254345344300,22.07381522649900,25.0,978.0153499,0.4775231533000300,6.08815903,-1.8957606700735900
33.5,-98.5,17.573226928710900,0.2218322157859800,7.083333333333330,1.1566666666666700,325.7912825882320,0.4370000064373020,92.30770833333330,0.0838677212595939,0.1289329566806940,2.1745254345344300,13.044963058082500,20.0,839.3525604,0.5720328991262900,5.267912967,-2.5127018902594100
33.5,-97.5,17.380020141601600,0.2433605343103410,6.75,1.2966666666666700,349.57990200062600,0.4469999969005580,85.20568667273620,0.0817396566271781,0.1892451401974280,2.1745254345344300,15.182868323367100,24.0,769.6336134,0.6775464434375510,5.863959918,-2.556949517471280
33.5,-96.5,17.3742733001709,0.2547616064548490,6.066666666666670,1.6150000000000000,344.56804369240200,0.449999988079071,80.96430107526880,0.0965409129858017,0.3092092317201320,2.1745254345344300,38.59999847412110,23.0,948.1291888,0.5940689873447800,6.897767235,-1.9316604560108700
33.5,-95.5,17.232580184936500,0.2516130805015560,5.800000000000000,1.82,409.5956372202320,0.4469999969005580,70.91701388888890,0.0755596831440925,0.3283448313182330,2.1745254345344300,40.24708078590760,37.0,518.6466114,0.8597043606205550,6.473834628,-2.562033677967820
33.5,-94.5,17.114774703979500,0.2536769807338710,5.516666666666670,1.6033333333333300,380.58867921852900,0.4469999969005580,51.075625,0.005769548472017,0.3765740262526500,2.1745254345344300,4.613866162793600,27.0,685.3867796,0.675525641176844,6.009973522,-3.356862862742100
33.5,-93.5,16.879663467407200,0.2633618414402010,5.55,1.455,331.4442584094630,0.449999988079071,52.647083333333300,0.0261251684278249,0.4653068492249780,0.8648680705534660,4.61113421867613,15.0,426.0408135,0.8787050567904610,5.931469723,-3.5103837958418300
33.5,-92.5,16.9390811920166,0.2765995860099790,5.15,1.2266666666666700,299.1306892553380,0.449999988079071,43.74375,0.0219759345054626,0.4908780067716880,0.8648680705534660,0.0,4.0,,,,
33.5,-91.5,17.178199768066400,0.2962267100811000,5.1,1.1733333333333300,402.361043025483,0.449999988079071,67.21256944444440,0.0774540677666664,0.6421316623115310,0.8648680705534660,18.850000381469700,43.0,440.0028283,0.8579738625074430,5.756540831,-3.14871319919587
33.5,-90.5,17.47600555419920,0.2927886247634890,6.483333333333330,1.6466666666666700,463.4079023659220,0.4469999969005580,72.93604166666670,0.2291068732738500,0.7235492190091030,0.8648680705534660,0.0,66.0,319.9937562,0.9885524291694690,5.283874173,-3.158222237439920
33.5,-89.5,16.457448959350600,0.2889134287834170,5.75,1.3333333333333300,615.3117562435430,0.449999988079071,46.875347222222200,0.1124137863516810,0.5985929574417750,0.8648680705534660,0.0,18.0,541.104446,0.7731394142691430,5.712400903,-3.4316560101623200
33.5,-88.5,16.85801887512210,0.2873867452144620,5.300000000000000,1.57,664.4882077298610,0.4469999969005580,62.96305555555560,0.0683976039290428,0.6081023025043070,0.8648680705534660,0.0,24.0,540.9094229,0.7870245158667240,5.479063243,-3.426155424866
33.5,-87.5,16.277484893798800,0.2842258810997010,5.2,1.7483333333333300,705.158199484716,0.4370000064373020,48.86611111111110,0.0252918172627687,0.5822925060679640,0.8401575542519390,0.0,9.0,,,,
33.5,-86.5,16.215497970581100,0.2813289165496830,5.05,1.775,721.4174501030720,0.4469999969005580,48.31387979664320,0.0274421907961368,0.5774537884070370,0.8401575542519390,0.0,13.0,,,,
33.5,-85.5,15.716094970703100,0.2842767238616940,5.2,1.74,796.0268078009430,0.4469999969005580,50.52458333333330,0.0298199262470006,0.4938283123344860,0.8401575542519390,0.0,13.0,,,,
33.5,-84.5,16.32502555847170,0.2830818295478820,5.2,1.6033333333333300,622.3559516961680,0.4469999969005580,50.66597222222220,0.0302641615271568,0.4694925763423420,0.8401575542519390,3.799999952316280,16.0,,,,
33.5,-83.5,16.715126037597700,0.2794197797775270,5.4,2.373333333333330,807.9183185985450,0.4469999969005580,50.55979166666670,0.0249593593180179,0.3512583976009150,0.8401575542519390,4.4751258857466400,9.0,,,,
33.5,-82.5,16.85009002685550,0.2684929072856900,5.283333333333330,1.535,786.1993181756740,0.4469999969005580,49.93111111111110,0.0278327539563179,0.3060656614790480,0.8401575542519390,1.499555781462680,13.0,1341.658295,0.427200646984113,5.678895447,-3.3352050755665300
33.5,-81.5,17.27223014831540,0.2547271847724910,5.2,1.6116666666666700,782.4308898973510,0.4189999997615810,51.02270833333330,0.0209605377167463,0.2853858735005840,0.8401575542519390,0.0,30.0,1045.009051,0.6322939081158010,5.739442556,-3.3553760554896500
33.5,-80.5,17.645723342895500,0.257916510105133,5.1,2.333333333333330,825.8831415513420,0.449999988079071,47.166532228496,0.02546301856637,0.2975763785046790,0.8401575542519390,0.0,29.0,1707.607198,0.5541466918097900,5.600396226,-3.4312892914904000
33.5,-79.5,17.611005783081100,0.2473671436309810,5.316666666666670,2.498333333333330,886.2299577590810,0.449999988079071,45.7535526419094,0.0193069204688072,0.3313922414988740,0.8401575542519390,0.0,17.0,2002.514044,0.5801604499331850,5.747007411,-3.271855599764450
34.5,-119.5,13.672030448913600,0.1689841449260710,6.183333333333330,1.0516666666666700,466.5801828266730,0.4469999969005580,87.01730959446090,0.296022891998291,0.1047787303676400,0.9389996194580490,13.697331549577900,4.0,,,,
34.5,-118.5,16.29724884033200,0.1709164530038830,6.583333333333330,3.4233333333333300,421.9353990175910,0.4469999969005580,89.9722576079264,0.2035541832447050,0.082925486423189,0.9389996194580490,10.699999809265100,9.0,,,,
34.5,-117.5,15.170805931091300,0.1653628349304200,7.433333333333330,0.595,271.8250528959030,0.4120000004768370,91.98138888888890,0.0998852252960205,0.0572375808690129,0.9389996194580490,6.718429253560070,9.0,,,,
34.5,-116.5,17.78122901916500,0.1556838899850850,8.583333333333330,0.3300000000000000,134.3503857016980,0.4120000004768370,94.18118055555560,0.0246466286480426,0.0220773545057351,0.9389996194580490,2.449711971167630,1.0,,,,
34.5,-115.5,22.522912979126000,0.1510152518749240,8.3,0.3483333333333330,59.68481173773670,0.4120000004768370,96.0,0.0036320488434284,0.0095374999434163,0.9389996194580490,0.0,0.0,,,,
34.5,-114.5,22.208585739135700,0.1512469947338100,8.233333333333330,0.26,84.56718723665250,0.4120000004768370,95.95406035762240,1.01254932613666E-15,0.0231380702050356,0.9389996194580490,30.479740750216200,2.0,,,,
34.5,-113.5,19.65878677368160,0.1601674109697340,8.15,0.4716666666666670,140.33447784550500,0.4120000004768370,95.15347222222220,0.0639591291546821,0.0272011427205705,1.7297361411069300,19.26454311654260,6.0,,,,
34.5,-112.5,12.170841217041000,0.1805905401706700,7.533333333333330,0.8016666666666670,178.66280968798100,0.4370000064373020,87.47277777777780,0.2630882263183590,0.0440037923398977,1.7297361411069300,13.451045981765800,9.0,,,,
34.5,-111.5,11.144070625305200,0.1977864503860470,7.433333333333330,0.9366666666666670,234.32233600744800,0.4469999969005580,85.42743055555560,0.2488281577825550,0.0632131165956455,1.7297361411069300,12.406605618789100,4.0,,,,
34.5,-110.5,10.681022644043000,0.2009642422199250,6.833333333333330,1.16,184.2575613051850,0.4469999969005580,91.12465277777780,0.0867409706115722,0.039584085115067,1.7297361411069300,8.18646519891124,5.0,,,,
34.5,-109.5,11.854866027832000,0.19931660592556,8.216666666666670,0.525,150.5672081336860,0.4370000064373020,91.33479166666670,0.0683282241225242,0.0376809933099036,1.7297361411069300,18.17598178150130,2.0,,,,
34.5,-108.5,9.207474708557130,0.1966191381216050,7.85,0.6300000000000000,167.25299465008800,0.4370000064373020,87.43284722222220,0.0776241645216941,0.0232764068523197,1.7297361411069300,14.899363294708500,3.0,,,,
34.5,-107.5,10.884559631347700,0.1899176836013790,7.566666666666670,1.3016666666666700,154.62296793935900,0.4370000064373020,87.75798611111110,0.065073512494564,0.0223327125501479,1.7297361411069300,20.81437628774090,3.0,,,,
34.5,-106.5,11.79383373260500,0.1867620795965190,8.283333333333330,0.7133333333333330,180.39842354856900,0.4370000064373020,93.17055555555560,0.0840084552764892,0.0352120893495947,1.7297361411069300,11.387276409361400,5.0,,,,
34.5,-105.5,11.043781280517600,0.1898648142814640,7.6,0.9716666666666670,184.6911115652190,0.4370000064373020,91.0729861111111,0.0480537824332714,0.0208625092363622,1.7297361411069300,8.649666533131310,4.0,,,,
34.5,-104.5,14.029301643371600,0.1859023123979570,7.8,0.9483333333333330,180.760627400869,0.4370000064373020,96.3169250104734,0.295030415058136,0.020492527850556,1.7297361411069300,4.946499447223120,3.0,,,,
34.5,-103.5,13.703286170959500,0.1863745152950290,7.7666666666666700,0.9816666666666670,215.079447496876,0.4370000064373020,97.74340277777780,0.3422163128852840,0.072777235233302,1.7297361411069300,11.726751106552900,20.0,1222.413204,0.2550155354638810,5.61865076,-2.0493987680701400
34.5,-102.5,13.25844955444340,0.1924658417701720,7.533333333333330,1.0750000000000000,263.759843292725,0.4370000064373020,98.25847222222220,0.5171706080436710,0.2157792336686050,2.1745254345344300,24.65216777313740,54.0,1198.968458,0.29981631749833400,5.179695118,-2.188839138177010
34.5,-101.5,14.352740287780800,0.1983122527599330,7.533333333333330,1.0316666666666700,235.40822343986100,0.4370000064373020,97.78888888888890,0.5012799501419070,0.143443311941888,2.1745254345344300,31.799999237060500,30.0,1082.939795,0.3980963359273780,5.328125259,-2.073245483724220
34.5,-100.5,16.378385543823200,0.2027851492166520,7.416666666666670,1.163333333333330,232.4300676226510,0.4370000064373020,95.71388888888890,0.3460678160190580,0.0962140691614988,2.1745254345344300,14.23720505292410,19.0,1194.499359,0.33444169327980300,5.992354378,-1.9403767599770000
34.5,-99.5,16.657928466796900,0.2091322988271710,7.483333333333330,1.1616666666666700,267.857481031846,0.4370000064373020,96.32243055555560,0.1620857715606690,0.1031597374454080,2.1745254345344300,14.21680987147990,35.0,936.2496817,0.42542462572883700,5.763297919,-2.1069916901526100
34.5,-98.5,16.648452758789100,0.2218858450651170,6.883333333333330,1.7083333333333300,319.55851331435300,0.4370000064373020,96.01277777777780,0.1154299899935720,0.1389053018528180,2.1745254345344300,17.086033179468400,37.0,824.1204576,0.5701762427903290,5.393779725,-2.3614640607945000
34.5,-97.5,16.471593856811500,0.2409655451774600,6.6,1.5066666666666700,343.4662378925270,0.4370000064373020,85.71351804033780,0.0939992293715477,0.1690172881834480,2.1745254345344300,12.19360454119960,32.0,517.6088596,0.8753974343352020,5.848778835,-2.614715273902610
34.5,-96.5,16.369510650634800,0.253184974193573,6.0,1.6533333333333300,357.19794801129000,0.4469999969005580,80.82042302843540,0.0865615978837013,0.2459041566011970,2.1745254345344300,9.40018191921903,24.0,483.1869298,0.9087184351067510,5.62860708,-2.886560604984910
34.5,-95.5,16.01121711730960,0.2565867006778720,5.75,1.475,344.6922149048580,0.4469999969005580,56.096944444444400,0.0556689836084842,0.3338266311206260,2.1745254345344300,0.0,11.0,511.3193222,0.9635828017341780,5.730214125,-3.3544183300098400
34.5,-94.5,15.23434829711910,0.2617928981781010,5.65,2.17,293.85518402595600,0.4469999969005580,51.06923611111110,0.0218842402100563,0.5041436371155200,2.1745254345344300,0.0,7.0,,,,
34.5,-93.5,15.50716495513920,0.2662620544433590,5.75,1.5033333333333300,301.0393421265520,0.4469999969005580,52.98931041710330,0.0222194995731115,0.5302052627940970,0.8648680705534660,0.0,4.0,,,,
34.5,-92.5,16.32543182373050,0.2799150943756100,5.1,1.5783333333333300,368.92309880285400,0.4469999969005580,51.35041666666670,0.0726429298520088,0.5205717433831750,0.8648680705534660,0.0,14.0,648.2298826,0.6995118948577200,5.396606472,-3.427491805551850
34.5,-91.5,16.622941970825200,0.294733464717865,5.416666666666670,1.205,453.5905018715970,0.449999988079071,67.31861111111110,0.1095241606235500,0.8616398982663240,0.8648680705534660,25.53692043787050,63.0,407.5779338,0.8641844310326130,5.944337324,-3.02347348127671
34.5,-90.5,16.442853927612300,0.2954030036926270,5.966666666666670,1.1966666666666700,485.8373432091420,0.4469999969005580,74.05868055555560,0.1885766386985780,0.7196295627884680,0.8648680705534660,28.232853015748300,68.0,516.2212869,0.7933536535556050,5.59175604,-2.9358093582430100
34.5,-89.5,15.816462516784700,0.2913113534450530,5.45,1.2383333333333300,621.175546361179,0.449999988079071,47.759770114942500,0.1744502335786820,0.6050005111637420,0.8648680705534660,0.0,42.0,593.2823324,0.7241732902413890,5.712193773,-3.2806107577983900
34.5,-88.5,15.876221656799300,0.2887873947620390,5.366666666666670,1.4066666666666700,658.7136017486610,0.4469999969005580,47.94404217926190,0.0381767600774765,0.6127824752705170,0.8648680705534660,0.0,35.0,543.7387487,0.7952466648581550,5.545380839,-3.660368454071830
34.5,-87.5,15.361504554748500,0.2875048220157620,5.25,1.475,690.7008727573870,0.4469999969005580,49.07559224694900,0.0422776751220226,0.6398959826760210,0.8401575542519390,0.0,41.0,678.1588497,0.7303612688927940,5.413004802,-3.5850897549245800
34.5,-86.5,15.28288745880130,0.2859268188476560,5.300000000000000,1.3650000000000000,716.239659698766,0.4469999969005580,47.82106176768410,0.0285639893263578,0.5966081678026410,0.8401575542519390,0.0,41.0,770.3371509,0.7168972250694610,5.19270467,-3.743350770704140
34.5,-85.5,14.628832817077600,0.2880617082118990,6.1,2.455,801.9526412786670,0.4469999969005580,49.40812311151710,0.0392042882740497,0.5480472267130070,0.8401575542519390,0.0,28.0,762.8479166,0.7609869225531840,5.308838028,-3.6096810216096800
34.5,-84.5,14.444619178772000,0.2914076149463650,4.8500000000000000,5.013333333333330,774.9380779337000,0.4469999969005580,49.316944444444400,0.0402900986373424,0.6322620539080040,0.8401575542519390,8.115820031028610,13.0,971.3514916,0.7412067594179400,5.719904493,-3.3135009393346400
34.5,-83.5,15.056754112243700,0.2922070026397710,5.35,3.815,832.1405871478680,0.4469999969005580,51.33875,0.0299201477319002,0.6337783650948740,0.8401575542519390,4.300000190734860,10.0,760.3934312,0.8996046776355110,5.646933724,-3.3609029514017400
34.5,-82.5,15.784892082214400,0.2848592400550840,5.300000000000000,1.72,784.2172895259180,0.4469999969005580,52.69489030630130,0.031665951013565,0.4042411408639430,0.8401575542519390,3.925037916741850,18.0,1183.232359,0.5278464851869440,5.529280319,-3.2738197448828200
34.5,-81.5,16.012365341186500,0.2769714295864110,5.45,1.9383333333333300,834.9317840135100,0.4469999969005580,53.2463456577816,0.0294705033302307,0.2904558280025570,0.8401575542519390,5.562928324279380,8.0,,,,
34.5,-80.5,16.26557731628420,0.2698157131671910,6.15,1.2766666666666700,816.0052213106470,0.4469999969005580,51.24221211060550,0.0205211453139781,0.2840286485740180,0.8401575542519390,0.6752046978599090,27.0,1314.199076,0.4696914193042840,5.385249572,-3.4332178056259400
34.5,-79.5,16.72956657409670,0.2708423137664800,5.383333333333330,1.145,800.7716725801940,0.4469999969005580,49.25305555555560,0.0258794203400611,0.2862703265406740,0.8401575542519390,0.0,47.0,910.3609701,0.7445134201990110,5.397313975,-3.5130849248446500
34.5,-78.5,16.622270584106400,0.2655136883258820,4.9,2.3000000000000000,979.3044546677630,0.449999988079071,46.46513888888890,0.0079642217606306,0.3426905703306240,0.7907365216488830,0.3751137144085360,31.0,857.1269365,0.8748997594924740,5.408091231,-3.625798435427340
34.5,-77.5,16.967092514038100,0.2510260343551640,5.016666666666670,2.985,603.6028541620830,0.449999988079071,47.315609122060700,0.0062331329099833,0.3324787095481960,0.7907365216488830,0.0,10.0,,,,
35.5,-120.5,14.7789306640625,0.1922392845153810,6.3500000000000000,2.890000000000000,586.6552160132300,0.4469999969005580,82.87955333076630,0.3704037070274350,0.068207787939831,0.9389996194580490,3.565191884401370,12.0,3081.525462,0.12035424437740500,6.690415197,-1.702798603836720
35.5,-119.5,17.472105026245100,0.1963140964508060,7.75,0.91,375.6002425590510,0.4370000064373020,89.70864581859350,0.3882851898670200,0.2146701938928650,0.9389996194580490,6.059373467135130,38.0,1485.740148,0.22624993345707400,6.846365897,-1.7257671236053400
35.5,-118.5,12.537165641784700,0.1869120746850970,7.833333333333330,0.9533333333333330,370.59290556216400,0.4120000004768370,81.72548611111110,0.6225479245185850,0.0726831658424498,0.9389996194580490,11.399999618530300,14.0,,,,
35.5,-117.5,18.03791236877440,0.1685692369937900,7.4,0.865,123.45573197169300,0.4120000004768370,95.22083333333330,0.2702797353267670,0.0110572622680337,0.9389996194580490,2.55026368752444,4.0,,,,
35.5,-116.5,18.54641914367680,0.1564626991748810,7.683333333333330,0.7283333333333330,60.39941200919060,0.4120000004768370,95.80208333333330,0.020711226388812,0.0081121963150658,0.9389996194580490,2.249767397654580,0.0,,,,
35.5,-115.5,16.498390197753900,0.1566700190305710,8.283333333333330,0.325,114.16492958719000,0.4120000004768370,96.0,0.0022110589779913,0.0180921794448812,0.9389996194580490,3.0850000381469700,1.0,,,,
35.5,-114.5,19.397628784179700,0.1635895520448680,8.083333333333330,0.6183333333333330,108.33804174614700,0.4120000004768370,95.45085217391300,8.61055937662059E-08,0.0148554254133399,1.7297361411069300,10.582703895584300,4.0,,,,
35.5,-113.5,13.254502296447800,0.1766000688076020,8.25,0.7516666666666670,164.50116988646600,0.4370000064373020,94.25083333333330,0.0107833622023463,0.0254624860952693,1.7297361411069300,11.683622341390900,9.0,,,,
35.5,-112.5,11.047398567199700,0.1923979520797730,7.5166666666666700,0.9666666666666670,173.6756771842770,0.4370000064373020,97.17395833333330,0.114669494330883,0.0459928640076531,1.7297361411069300,20.36086785917780,8.0,,,,
35.5,-111.5,11.28562831878660,0.199335515499115,6.950000000000000,1.916666666666670,153.55945742231600,0.4370000064373020,96.16270833333330,0.0742257535457611,0.0383742881033096,1.7297361411069300,11.425457403640000,2.0,,,,
35.5,-110.5,12.233771324157700,0.1985119581222530,8.166666666666670,0.4933333333333330,96.4711489426072,0.4370000064373020,98.59965277777780,0.0147174699231982,0.013416569933906,1.7297361411069300,9.374418494136460,0.0,,,,
35.5,-109.5,10.045245170593300,0.1978054940700530,7.733333333333330,1.0,143.2315873359370,0.4370000064373020,95.890625,0.127467930316925,0.014469933780744,1.7297361411069300,3.248992056503190,4.0,,,,
35.5,-108.5,8.040553092956540,0.1977548003196720,6.9,1.455,158.27734770814600,0.4370000064373020,92.15722222222220,0.0848025828599929,0.0208589145158081,1.7297361411069300,21.50477586302960,4.0,,,,
35.5,-107.5,8.746582984924320,0.197368249297142,8.2,0.7283333333333330,143.83806433702800,0.4370000064373020,87.49125,0.0578823201358318,0.0202800144486911,1.7297361411069300,20.20102325964410,1.0,,,,
35.5,-106.5,12.035037994384800,0.1970732808113100,7.75,0.8050000000000000,211.6772707881330,0.4370000064373020,86.43305555555560,0.0661744773387909,0.039330231445892,1.7297361411069300,7.387751914311660,4.0,,,,
35.5,-105.5,8.456828117370610,0.1968642622232440,6.300000000000000,2.515,303.6339634150370,0.4370000064373020,84.46854166666670,0.0947066321969032,0.0595928141110145,1.7297361411069300,12.146052894204200,4.0,,,,
35.5,-104.5,12.661797523498500,0.193672239780426,7.2,1.915,214.14991670407200,0.4370000064373020,93.87669699090270,0.2249426245689390,0.025093861554139,1.7297361411069300,7.147215905931270,5.0,,,,
35.5,-103.5,13.73747730255130,0.1900759786367420,7.683333333333330,1.3,201.3173330040830,0.4370000064373020,96.224375,0.2924103438854220,0.0360005422637889,1.7297361411069300,2.0243720690052300,10.0,,,,
35.5,-102.5,14.02664852142330,0.195922166109085,7.433333333333330,1.0083333333333300,226.2925562435700,0.4370000064373020,97.20923611111110,0.3469190895557400,0.110810530713421,2.1745254345344300,21.731878133331900,18.0,1316.066135,0.32629334756388700,6.097509036,-1.9803758205944500
35.5,-101.5,14.106558799743700,0.2009060084819790,7.683333333333330,0.9466666666666670,223.9422433916050,0.4370000064373020,97.106875,0.4541384875774380,0.0839001547528365,2.1745254345344300,21.731878133331900,15.0,1308.905801,0.32745422060858200,6.15158563,-1.8183191266745400
35.5,-100.5,14.2803316116333,0.2077917456626890,7.616666666666670,1.1933333333333300,240.364276000718,0.4370000064373020,91.25465277777780,0.4753333330154420,0.0757134920726862,2.1745254345344300,14.57428071061620,15.0,769.6894542,0.5560573749096650,6.366689502,-1.891640185590000
35.5,-99.5,15.087183952331500,0.2132739424705510,7.2,1.028333333333330,270.2816113011760,0.4370000064373020,92.91458333333330,0.3915404975414280,0.0877530245259073,2.1745254345344300,11.772933453862400,33.0,805.8597711,0.5297405926267560,6.149324927,-1.9913994961306600
35.5,-98.5,15.204486846923800,0.2217628955841060,7.1,1.221666666666670,339.0283198379850,0.4370000064373020,91.55083333333330,0.2418105453252790,0.1264152454995380,2.1745254345344300,13.925395137914500,48.0,823.218967,0.5990457360831680,5.555971451,-2.4239928911476000
35.5,-97.5,15.820631980896000,0.2402481883764270,6.483333333333330,1.1333333333333300,323.89442908722700,0.4370000064373020,85.98166666666670,0.1019245088100430,0.2042084407999140,2.1745254345344300,12.25,38.0,832.7759975,0.677001269031898,5.267983834,-2.784486890734190
35.5,-96.5,15.779122352600100,0.2529918551445010,6.133333333333330,1.98,347.06983453118800,0.4469999969005580,83.15527777777780,0.0995652750134468,0.2265639601113140,2.1745254345344300,9.62496123294243,30.0,442.8744343,0.9653567232604780,5.212026318,-3.0050264010870400
35.5,-95.5,15.760401725769000,0.2583561241626740,6.0,1.7733333333333300,346.87868200515100,0.4469999969005580,72.11173611111110,0.065874770283699,0.2884369854638220,2.1745254345344300,10.349891356901000,30.0,710.0133434,0.7554252479311940,5.128259245,-3.2073158947523700
35.5,-94.5,15.530510902404800,0.2633009552955630,5.916666666666670,2.021666666666670,381.608799845853,0.449999988079071,54.348958333333300,0.0467679090797901,0.3807559384452170,2.1745254345344300,0.0,23.0,639.4619068,0.819453453561423,5.032024582,-3.6123847206870100
35.5,-93.5,15.080899238586400,0.2667428851127620,5.416666666666670,1.7816666666666700,316.7370525112650,0.4469999969005580,56.02534722222220,0.0900933668017387,0.4920118036643460,0.8648680705534660,0.0,15.0,484.0851731,0.9377377781636800,4.621812627,-3.5764585005125000
35.5,-92.5,14.94830322265630,0.2763460576534270,5.700000000000000,1.8183333333333300,426.2760401938150,0.4469999969005580,55.46930555555560,0.1145847365260120,0.4952015236618220,0.8648680705534660,0.0,21.0,532.6422891,0.8648137528019700,4.484493306,-3.4889269978043700
35.5,-91.5,15.580448150634800,0.291308730840683,5.55,1.525,511.6625103374730,0.449999988079071,52.61805555555560,0.1270299404859540,0.6896591020885700,0.8648680705534660,9.81088317532514,51.0,490.8564801,0.8213353689000080,5.758722862,-3.2711786720777600
35.5,-90.5,15.87838077545170,0.2927857935428620,6.016666666666670,1.866666666666670,464.82710251610300,0.4469999969005580,72.71270833333330,0.1578124463558200,0.9390941580705360,0.8648680705534660,27.67941134416810,69.0,610.7833158,0.7045719286625310,5.90140012,-2.8181760903268700
35.5,-89.5,15.498950958252000,0.2884791493415830,5.9,1.6816666666666700,559.7326531421600,0.4469999969005580,72.26611111111110,0.2221062332391740,0.5326394397470120,0.7907365216488830,0.0,66.0,836.2323302,0.5439782114213550,5.341492119,-2.9583003222925100
35.5,-88.5,14.917214393615700,0.2872059941291810,5.516666666666670,1.4516666666666700,637.3516898492200,0.449999988079071,51.34143369175630,0.0933825746178627,0.5688650560281960,0.7907365216488830,1.4995347953091700,45.0,612.3600942,0.7241720936807080,5.529488653,-3.45808510589727
35.5,-87.5,14.285422325134300,0.2892946600914000,5.3500000000000000,1.7266666666666700,670.674491123796,0.4469999969005580,52.636963696369600,0.0767965838313102,0.5894251343947230,0.7907365216488830,0.0,32.0,531.3089555,0.8611706373404780,5.427339567,-3.508661985386980
35.5,-86.5,14.451701164245600,0.2903029322624210,5.5,1.7483333333333300,755.1433135658970,0.4469999969005580,59.263333333333300,0.1539679616689680,0.5531927251778750,0.7907365216488830,3.1509770252477600,53.0,638.9647865,0.7828454829623400,5.591062931,-3.1597574642464000
35.5,-85.5,13.21535587310790,0.2932326197624210,5.383333333333330,2.1083333333333300,747.1915659545310,0.4370000064373020,46.66042535151560,0.0610827542841434,0.6689619125061320,0.7907365216488830,0.0,31.0,575.5866185,0.9629623268047460,5.358786289,-3.6001010662991700
35.5,-84.5,14.25399398803710,0.2954119443893430,5.1,1.646666666666670,805.3827841630430,0.4469999969005580,48.22616552222620,0.0565884411334991,0.664841239295021,0.7907365216488830,0.0,25.0,774.7002744,0.8358930920819870,5.572958533,-3.4762986666619700
35.5,-83.5,11.09111785888670,0.297342836856842,5.700000000000000,1.785,774.3380265999320,0.4469999969005580,49.50784753363230,0.0348880179226398,0.7403414696012220,0.7907365216488830,0.0,9.0,,,,
35.5,-82.5,12.54330348968510,0.2943293452262880,5.700000000000000,1.9633333333333300,808.2538517796880,0.4469999969005580,48.90472222222220,0.0271850060671567,0.6392395808218860,0.7907365216488830,0.0,9.0,,,,
35.5,-81.5,14.446677207946800,0.2890025973320010,4.983333333333330,3.135,820.5589442485220,0.4469999969005580,52.84225872982010,0.0501113198697567,0.4314739153202160,0.7907365216488830,4.074403035011940,23.0,972.7442975,0.6836265454794370,5.547312508,-3.2907679796124900
35.5,-80.5,15.071094512939500,0.2854058146476750,5.283333333333330,2.0783333333333300,728.4270643458140,0.4469999969005580,54.063025799214800,0.054692443460226,0.3776465139671240,0.7907365216488830,5.260229491447030,38.0,1383.663791,0.4165493318687070,5.304764603,-3.2207614681275400
35.5,-79.5,15.261528968811000,0.281217098236084,5.483333333333330,1.4866666666666700,807.8661322636440,0.4469999969005580,52.684444444444400,0.0383687317371368,0.3573686115279800,0.7907365216488830,3.049999952316280,26.0,984.3658952,0.537549284949648,5.347328889,-3.347595258323980
35.5,-78.5,15.65804958343510,0.2805185317993160,5.2,1.745,702.6937085870900,0.4469999969005580,52.14013888888890,0.032866284251213,0.36517853114359,0.7907365216488830,1.500465204690830,54.0,1206.926233,0.4833280526294100,5.158706935,-3.431676662219330
35.5,-77.5,16.08859634399410,0.2803010940551760,5.283333333333330,1.346666666666670,763.312556168423,0.4469999969005580,47.93125,0.0234936475753784,0.3991323955127860,0.7907365216488830,0.0,56.0,847.0624361,0.8880764889081140,5.162223336,-3.6790566849722900
35.5,-76.5,16.3550968170166,0.2684967517852780,5.2,1.5616666666666700,597.9147242957400,0.449999988079071,47.36832740213520,0.0216898322105407,0.531863050144291,0.7907365216488830,37.48836988272920,17.0,,,,
36.5,-121.5,13.66705322265630,0.192212164402008,7.116666666666670,1.305,644.1388714877020,0.4469999969005580,81.17788502243670,0.2207815945148470,0.1998107103094280,0.9389996194580490,18.64779810658270,11.0,5789.895573,-0.07454425191625800,6.242432446,-2.0927448862788100
36.5,-120.5,15.935454368591300,0.2093288600444790,7.366666666666670,1.2016666666666700,418.89068770331500,0.4370000064373020,86.67736111111110,0.1511964946985240,0.1647302506139450,0.9389996194580490,6.922806122802970,41.0,1014.773869,0.48296548274035700,7.028514616,-1.6893977639803800
36.5,-119.5,17.1550235748291,0.2077573835849760,7.916666666666670,0.9000000000000000,405.4132295100300,0.4469999969005580,84.29204157076100,0.0015004421584308,0.2969902285223470,0.9389996194580490,10.949920601038700,46.0,1789.773953,0.27716104195343500,6.191818211,-2.4037082873130700
36.5,-118.5,1.8750985860824600,0.2024229764938350,5.85,3.105,291.8749630881830,0.4469999969005580,62.67638888888890,0.2249154150485990,0.2246015584323630,0.9389996194580490,21.49825741901910,3.0,,,,
36.5,-117.5,15.090510368347200,0.1825159639120100,7.35,1.19,77.86413155366400,0.4370000064373020,93.83895833333330,0.0475081503391265,0.0121026420725426,0.9389996194580490,2.2572600515094600,0.0,,,,
36.5,-116.5,17.16457176208500,0.1663350611925130,8.85,0.3866666666666670,80.73907769721840,0.4120000004768370,95.3575,9.85039787337882E-06,0.0088952410945357,1.7297361411069300,2.332288494955970,0.0,,,,
36.5,-115.5,14.67332363128660,0.1680794656276700,8.366666666666670,0.4083333333333330,103.23727321361200,0.4120000004768370,95.89354166666670,0.0283278264105319,0.0238745658726426,1.7297361411069300,2.730323188631180,0.0,,,,
36.5,-114.5,19.83333969116210,0.1751012057065960,7.583333333333330,1.1283333333333300,99.78198388945720,0.4120000004768370,96.6950127411722,0.0554257854819297,0.0126196521063627,1.7297361411069300,7.792407345442550,2.0,,,,
36.5,-113.5,12.07060718536380,0.186433732509613,7.533333333333330,1.028333333333330,155.21715546110700,0.4370000064373020,97.94833333333330,0.0893228352069854,0.0281925938626976,1.7297361411069300,9.998415835471870,7.0,,,,
36.5,-112.5,11.491291999816900,0.193712517619133,7.666666666666670,0.7333333333333330,181.78327502251400,0.4370000064373020,98.01041666666670,0.1124687120318410,0.0427746330978075,1.7297361411069300,39.17061973738090,8.0,,,,
36.5,-111.5,10.9035005569458,0.1956446170806880,5.983333333333330,2.8233333333333300,111.26119169836300,0.4370000064373020,98.409375,0.0845358669757843,0.0165771712984617,1.7297361411069300,26.57386737003100,3.0,,,,
36.5,-110.5,10.279702186584500,0.1961535215377810,7.883333333333330,0.6483333333333330,119.28332028171200,0.4370000064373020,97.46034722222220,0.006749827414751,0.0134130670073369,1.7297361411069300,15.909584557980800,4.0,,,,
36.5,-109.5,11.819266319274900,0.1976783573627470,8.066666666666670,0.475,133.82997994023800,0.4370000064373020,96.21256944444440,0.0850351527333259,0.0183890892378523,1.7297361411069300,5.083661965613940,4.0,,,,
36.5,-108.5,11.515911102294900,0.1998907327651980,8.266666666666670,0.5133333333333330,107.91280464844500,0.4469999969005580,89.4251388888889,0.0236386507749557,0.0176308512147234,1.7297361411069300,9.956377600352290,4.0,,,,
36.5,-107.5,9.496374130249020,0.2051278352737430,8.133333333333330,0.565,171.2084998084970,0.4370000064373020,88.74104166666670,0.0244011245667934,0.0292140721659388,1.7297361411069300,3.6663380343860600,4.0,,,,
36.5,-106.5,6.480640888214110,0.2118919491767880,7.233333333333330,1.4500000000000000,320.0077195520130,0.4370000064373020,71.79972222222220,0.012539118528366,0.0854536047729314,1.7297361411069300,20.384999752044700,7.0,,,,
36.5,-105.5,4.516820907592770,0.2093230187892910,7.683333333333330,1.5083333333333300,373.23854967467800,0.4370000064373020,74.25923611111110,0.0170147363096475,0.0982326988957498,1.7297361411069300,19.19522306199850,3.0,,,,
36.5,-104.5,9.928046226501470,0.2051726281642910,6.483333333333330,2.27,272.0056529064940,0.4370000064373020,90.02881944444450,0.0737138167023658,0.0317114722724021,1.7297361411069300,18.0,4.0,,,,
36.5,-103.5,10.913856506347700,0.2007030546665190,7.466666666666670,1.2566666666666700,231.9954738731170,0.4370000064373020,96.20097222222220,0.1260656416416170,0.0364935618816625,1.7297361411069300,16.225784781375100,7.0,,,,
36.5,-102.5,12.677082061767600,0.2011489570140840,7.616666666666670,1.1966666666666700,254.2312338853760,0.4370000064373020,96.99569444444440,0.186547502875328,0.1258801673466360,2.1745254345344300,12.494253744211400,26.0,1216.903344,0.3240486616762540,5.819571259,-2.1373530985789400
36.5,-101.5,13.550868034362800,0.2027219384908680,7.716666666666670,0.9216666666666670,249.152852236429,0.4370000064373020,97.81444444444440,0.3120591938495640,0.1452796170300990,2.1745254345344300,27.100000381469700,30.0,1121.10921,0.3268439000247700,5.729757069,-2.0314464680778
36.5,-100.5,13.453453063964800,0.2047413289546970,7.433333333333330,0.8416666666666670,236.80517194492000,0.4370000064373020,96.635625,0.552308976650238,0.0579188805552985,2.1745254345344300,25.5,22.0,908.4448749,0.4294801654621390,6.406841438,-1.7268714832401700
36.5,-99.5,14.26364803314210,0.2068754732608800,7.466666666666670,1.08,259.85950434590600,0.4120000004768370,87.97930555555560,0.4049027264118190,0.0598873613085585,2.1745254345344300,13.125014257504900,28.0,812.4175441,0.4954220185563260,6.57211308,-1.9110255622941800
36.5,-98.5,14.929519653320300,0.2201564908027650,6.666666666666670,1.01,312.642792965049,0.4370000064373020,87.61184026808150,0.2887496650218960,0.0947450756998233,2.1745254345344300,7.250396041132030,51.0,1018.191648,0.43705284383247100,5.801031171,-2.2822311172290100
36.5,-97.5,15.008899688720700,0.2396886646747590,7.233333333333330,1.2533333333333300,355.4313551911190,0.4370000064373020,88.78145833333330,0.0855500474572181,0.1791807584788310,2.1745254345344300,13.994684636854200,62.0,609.3104141,0.7425016112993300,5.593557789,-2.6279862000671100
36.5,-96.5,15.0426664352417,0.2546639442443850,6.4,1.3983333333333300,314.4355227937070,0.4370000064373020,83.05895833333330,0.0828245878219604,0.2275094997111600,2.1745254345344300,18.25215446381870,29.0,441.4563563,1.003945462995880,5.518600248,-2.8464057916596200
36.5,-95.5,14.94170379638670,0.2620386183261870,6.15,1.6216666666666700,346.68021307828600,0.4469999969005580,76.52900619820320,0.1713825017213820,0.2846946148405480,2.1745254345344300,10.0,39.0,613.6522568,0.8545969695015310,5.219618132,-2.9404044704841800
36.5,-94.5,14.18774700164800,0.2674185931682590,5.766666666666670,1.6516666666666700,378.307522556514,0.449999988079071,47.62433558396780,0.0720005631446838,0.3703115421925650,0.8648680705534660,6.805289730435190,46.0,495.540869,0.9615024866571280,5.780139332,-3.3504600440070500
36.5,-93.5,13.915780067443800,0.2696559131145480,5.65,2.5516666666666700,372.76396559680000,0.4469999969005580,50.49118055555560,0.1020691990852360,0.4035915902378810,0.8648680705534660,16.30840693898340,35.0,480.306588,0.9727860673440020,5.979419573,-3.2134338563146300
36.5,-92.5,14.135554313659700,0.2756980657577510,5.45,1.913333333333330,387.99063133017400,0.4469999969005580,53.79378986472280,0.0933829918503761,0.4033504066096860,0.8648680705534660,16.6208080478719,26.0,442.586148,0.9503896311432920,6.244141165,-3.133554484339700
36.5,-91.5,14.00118923187260,0.2836285233497620,5.9,1.5033333333333300,476.16768116292900,0.4469999969005580,51.46083333333330,0.0447444878518581,0.4735333974202770,0.8648680705534660,8.342301397141940,32.0,466.1928617,0.876058453455567,5.969277317,-3.3807715400431500
36.5,-90.5,14.537349700927700,0.2855306267738340,5.416666666666670,1.471666666666670,477.4616981085220,0.449999988079071,54.773402777777800,0.279234915971756,0.784875861852107,1.0131311683626300,11.874801979434000,58.0,515.1509257,0.7866924354141270,6.232735751,-3.0078545387553400
36.5,-89.5,14.617451667785600,0.2842251658439640,5.95,1.03,516.1438874110510,0.4370000064373020,79.01743055555560,0.5674615502357480,0.6403122932800270,0.7907365216488830,18.43694688097860,72.0,614.0713265,0.7393863284885570,5.695319787,-2.6385461338517400
36.5,-88.5,14.23944091796880,0.2865763902664180,5.366666666666670,1.6466666666666700,627.6322783941570,0.4469999969005580,64.08885442056280,0.1325303465127950,0.5432030613654150,0.7907365216488830,0.0,62.0,757.1248815,0.6824122173060460,5.207237009,-3.3127707641808100
36.5,-87.5,14.045894622802700,0.2899623513221740,5.25,1.6633333333333300,646.9260129963720,0.4469999969005580,51.316606676547400,0.1099045053124430,0.5447631571652230,0.7907365216488830,9.300665062969310,46.0,670.2162324,0.7481220919110900,6.084857107,-3.135620262332400
36.5,-86.5,14.025691986084000,0.291987270116806,5.833333333333330,1.5700000000000000,678.0139130146350,0.4469999969005580,55.91909722222220,0.1067506223917010,0.537911053874174,0.7907365216488830,1.8005702515313000,62.0,943.0115441,0.5989272580184640,5.769503183,-3.1535982545040200
36.5,-85.5,13.904316902160600,0.2949566841125490,5.4,1.705,752.6893211001090,0.4469999969005580,50.67803431476380,0.0689899921417236,0.5821230768924940,0.7907365216488830,1.5754990595251900,34.0,610.7668032,0.9049872937567520,5.536601744,-3.454470058056820
36.5,-84.5,12.834195137023900,0.2973708510398870,5.483333333333330,2.618333333333330,765.8679607646190,0.4370000064373020,48.19754816112080,0.0507065914571285,0.6343105796026290,0.7907365216488830,1.974374278845690,15.0,,,,
36.5,-83.5,12.685840606689500,0.2951564192771910,5.433333333333330,2.4400000000000000,775.4981767412270,0.4370000064373020,50.33642355327010,0.0582481920719146,0.5089594121586020,0.7907365216488830,1.9756257688380200,27.0,659.1824254,0.9658505368889500,5.772445613,-3.2851088634434100
36.5,-82.5,12.902260780334500,0.2932492196559910,5.683333333333330,2.61,787.3884705595500,0.4469999969005580,53.321527777777800,0.0314730554819107,0.4884614438451210,0.7907365216488830,0.0,26.0,872.5728608,0.8553158797877610,5.220543835,-3.4754932549151700
36.5,-81.5,10.145569801330600,0.2941040992736820,5.266666666666670,2.51,816.7734633686240,0.4469999969005580,49.857708333333300,0.0194624233990907,0.554207161796183,0.7907365216488830,0.0,15.0,784.1437902,1.022871580655030,5.419255946,-3.4978780266228700
36.5,-80.5,13.126843452453600,0.2900958359241490,5.483333333333330,2.401666666666670,814.3423107755990,0.4469999969005580,52.193888888888900,0.0326037630438804,0.4498688966801490,0.7907365216488830,3.974944578060710,32.0,950.1151781,0.7440109353712540,5.476739613,-3.338002384131720
36.5,-79.5,14.22410488128660,0.2860462963581090,5.183333333333330,1.4983333333333300,754.0402582329280,0.4469999969005580,55.0,0.0396251454949379,0.3865847296098970,0.7907365216488830,4.799619752814420,39.0,1009.165835,0.5688887263166930,5.383413321,-3.2175161953313600
36.5,-78.5,14.504376411438000,0.2847030460834500,5.183333333333330,1.8400000000000000,778.1802107893320,0.4469999969005580,54.70486111111110,0.0449527315795421,0.3584501830573200,0.7907365216488830,3.024041556626180,30.0,848.6548045,0.6321480888852320,5.236959841,-3.3155140170980200
36.5,-77.5,14.974282264709500,0.2808586955070500,5.033333333333330,1.6416666666666700,811.4338032656770,0.4469999969005580,51.82881944444440,0.0474253445863723,0.3646083529493620,0.7907365216488830,1.3002217949510900,35.0,774.3373385,0.7347117154971240,5.245200443,-3.435227335098430
36.5,-76.5,15.221985816955600,0.2632481455802920,5.300000000000000,1.7766666666666700,658.2452137481320,0.449999988079071,47.40253838921970,0.0234378259629011,0.4546229447582790,0.7907365216488830,0.0,35.0,1553.678318,0.7118675021497580,3.778465029,-4.23561621977221
37.5,-121.5,14.938735961914100,0.2162584066390990,6.833333333333330,1.4066666666666700,563.7231162139730,0.4469999969005580,77.49541551448120,0.1480665057897570,0.1496708604376470,0.9389996194580490,19.5274649334292,25.0,3344.759238,0.1728750487636540,6.686994539,-2.0516800641938200
37.5,-120.5,16.471410751342800,0.2214519679546360,7.666666666666670,1.778333333333330,466.94514255113200,0.4469999969005580,82.3645138888889,0.1339128166437150,0.1828075351706990,0.9389996194580490,8.225573887017930,37.0,1497.842891,0.4639124874749750,6.164282514,-2.4184091724898600
37.5,-119.5,7.276281833648680,0.2216771245002750,5.800000000000000,3.166666666666670,370.6614325197150,0.4469999969005580,57.32186007305420,0.2372015416622160,0.3418971224794390,0.9389996194580490,13.137520016764300,3.0,,,,
37.5,-118.5,11.264050483703600,0.2114903926849370,6.433333333333330,3.043333333333330,128.93329035002200,0.4370000064373020,78.19330620263820,0.0073939329013228,0.1790287713068470,0.9389996194580490,7.299062443571720,2.0,,,,
37.5,-117.5,10.167241096496600,0.1908250153064730,7.016666666666670,1.3233333333333300,77.26478922064360,0.4370000064373020,93.24520833333330,7.50951357986196E-06,0.0141134148646873,1.7297361411069300,5.375848714965200,0.0,,,,
37.5,-116.5,10.84381103515630,0.1815783977508550,8.383333333333330,0.4333333333333330,101.33510647872800,0.4370000064373020,93.95479166666670,2.12014310818631E-06,0.0173464387705059,1.7297361411069300,16.0,0.0,,,,
37.5,-115.5,10.989105224609400,0.1852377206087110,8.383333333333330,0.3133333333333330,107.21604114303400,0.4370000064373020,95.14625,0.0376442000269889,0.0223782991121302,1.7297361411069300,0.874717095011599,0.0,,,,
37.5,-114.5,11.32367706298830,0.1917870640754700,8.183333333333330,0.4716666666666670,155.0612910334410,0.4370000064373020,96.24680555555560,0.0754127353429794,0.0282196788446024,1.7297361411069300,15.70287805790910,2.0,,,,
37.5,-113.5,8.425841331481930,0.1982343792915340,8.133333333333330,0.6566666666666670,180.77148685013600,0.4370000064373020,97.97395833333330,0.0756131783127784,0.0641250458869051,1.7297361411069300,49.3077124685367,9.0,,,,
37.5,-112.5,5.981852054595950,0.2029670625925060,8.083333333333330,1.0033333333333300,201.29855936531000,0.4370000064373020,95.99541666666670,0.0759759321808815,0.0763066142160524,1.7297361411069300,9.0279175812873,11.0,,,,
37.5,-111.5,10.28630256652830,0.2004994451999660,7.783333333333330,0.985,136.21401910762700,0.4370000064373020,91.71333333333330,0.0441847033798694,0.0334088917478131,1.7297361411069300,10.381815303149300,3.0,,,,
37.5,-110.5,13.384718894958500,0.1986576318740840,8.083333333333330,0.5933333333333330,106.0027830435230,0.4370000064373020,94.530625,0.039319735020399,0.0184900372593646,1.7297361411069300,33.74797925008290,3.0,,,,
37.5,-109.5,11.360855102539100,0.2015006840229030,8.183333333333330,0.67,152.96214531409600,0.4370000064373020,91.53013888888890,0.0632833763957023,0.0298191189112236,1.7297361411069300,8.234736627706710,7.0,,,,
37.5,-108.5,7.79315710067749,0.2083120942115780,7.333333333333330,1.5700000000000000,256.6964200740160,0.4370000064373020,85.06645833333330,0.0191328469663858,0.095673683783609,1.7297361411069300,19.170719463387800,15.0,1419.587012,0.5671297505417060,6.687273068,-2.1880987034803200
37.5,-107.5,1.440243363380430,0.2199563980102540,5.75,4.506666666666670,335.9609322641440,0.4370000064373020,70.825625,0.015851717442274,0.2731112678752030,1.7297361411069300,29.62601037495860,7.0,,,,
37.5,-106.5,1.1956355571746800,0.2234809398651120,5.950000000000000,3.655,337.2678704284170,0.4370000064373020,74.884375,0.0020371563732624,0.2841699110278420,1.7297361411069300,6.397067612235580,12.0,,,,
37.5,-105.5,4.549190521240230,0.2126211524009700,7.85,0.8983333333333330,288.23592689481300,0.4370000064373020,82.98236111111110,0.0055053513497114,0.1193074573204730,1.7297361411069300,8.71977232646282,10.0,1744.428179,0.4407773306529970,6.796095672,-1.9559737144870500
37.5,-104.5,10.6284761428833,0.2102210968732830,7.633333333333330,1.3266666666666700,261.2862409191670,0.4370000064373020,93.11604166666670,0.0516014322638511,0.0308997680193539,1.7297361411069300,16.73390084552860,5.0,,,,
37.5,-103.5,11.5729341506958,0.2038533091545110,7.916666666666670,0.9583333333333330,206.87310169059400,0.4469999969005580,92.318125,0.0608671568334102,0.0213435641679045,1.7297361411069300,12.199999809265100,3.0,,,,
37.5,-102.5,11.912558555603000,0.2040904462337490,7.9,0.9566666666666670,215.112545907571,0.4120000004768370,95.80916666666670,0.0866377502679824,0.0458071891510872,1.7297361411069300,18.700000762939500,9.0,975.6420346,0.4049907515090010,5.781358404,-2.0998093727430300
37.5,-101.5,12.623473167419400,0.2019300460815430,7.65,0.9516666666666670,255.69386012974300,0.4370000064373020,97.37027777777780,0.1290703862905500,0.1253316733957620,1.1613942661718000,18.950000762939500,49.0,1188.479052,0.2451457822896290,5.485943945,-2.2735853909586200
37.5,-100.5,12.54940414428710,0.2053429931402210,7.233333333333330,0.955,263.2003175918890,0.4370000064373020,96.508125,0.222377061843872,0.1595275241668530,1.1613942661718000,24.761874330465100,59.0,1130.659446,0.30277669623591500,5.719637123,-2.2277459352149500
37.5,-99.5,12.988581657409700,0.2137839198112490,6.983333333333330,1.0483333333333300,273.3540153664520,0.4370000064373020,93.20222222222220,0.4884060323238370,0.0950665975396966,1.1613942661718000,24.100000381469700,44.0,888.796463,0.4569991216223530,5.689682118,-2.0872763538142600
37.5,-98.5,13.581645965576200,0.2288695722818370,6.216666666666670,0.975,308.8438682841010,0.4370000064373020,90.27423611111110,0.3196846544742580,0.1277790163658290,1.1613942661718000,10.300000190734900,50.0,683.4718222,0.5828451119181440,5.312564472,-2.406385138010300
37.5,-97.5,13.859997749328600,0.2451203763484950,6.333333333333330,1.1333333333333300,331.60202137992400,0.4370000064373020,89.66104166666670,0.1552392840385440,0.2201295319246960,1.1613942661718000,16.30035536585230,51.0,809.6447266,0.565709968959951,5.311764229,-2.643524703492950
37.5,-96.5,13.46200180053710,0.2596632838249210,6.15,1.6583333333333300,306.65233014586900,0.4370000064373020,88.46923611111110,0.1269012838602070,0.270339915808115,1.1613942661718000,25.949999809265100,29.0,340.5349586,1.1905210574692500,5.583201407,-2.679120637715050
37.5,-95.5,13.748902320861800,0.265188604593277,6.300000000000000,2.3783333333333300,377.19890770982300,0.4469999969005580,79.34930555555560,0.1840468794107440,0.3163062098314100,1.1613942661718000,18.10059804657720,46.0,411.308177,1.0903432506111500,5.544169877,-2.877857371586570
37.5,-94.5,13.536118507385300,0.2687463760375980,6.300000000000000,2.1383333333333300,448.3663079514920,0.4469999969005580,68.42138888888890,0.1427710652351380,0.3794240597867000,1.0131311683626300,20.1526346762989,67.0,491.3027046,1.0025615118351100,5.642666421,-2.9733415055380900
37.5,-93.5,13.093600273132300,0.2720456421375270,6.0,2.496666666666670,452.4813534530490,0.449999988079071,46.88618055555560,0.0988488867878913,0.3951912671899620,1.0131311683626300,10.35494020489440,63.0,572.0489355,0.846307958917706,6.457833616,-3.0003600235298600
37.5,-92.5,12.939187049865700,0.2748838663101200,5.45,1.5266666666666700,441.7983671792410,0.4469999969005580,51.90763888888890,0.0418558456003665,0.4181658486415800,1.0131311683626300,10.19817468254780,45.0,476.4292994,0.8840959156977740,6.020371994,-3.3707342841646100
37.5,-91.5,12.744186401367200,0.2801479697227480,5.65,1.7483333333333300,329.6874995570850,0.4469999969005580,52.0,0.0520409569144248,0.4061327062942460,1.0131311683626300,5.410067863792410,19.0,355.8082074,1.019450500412810,5.423902137,-3.6106948029062700
37.5,-90.5,12.76553440093990,0.2814075350761410,6.033333333333330,1.5033333333333300,375.72869345877400,0.4469999969005580,60.547847222222200,0.2836602330207820,0.4134006028619560,1.0131311683626300,8.280859764086600,20.0,409.1806268,0.9716943667048760,5.163545257,-3.02101479746656
37.5,-89.5,13.523882865905800,0.2820668220520020,6.0,1.2283333333333300,559.3752224481320,0.4469999969005580,77.95951388888890,0.4915803074836730,0.4923148379808660,1.0131311683626300,13.525315332323700,62.0,682.5533901,0.6939104536352150,5.181590968,-2.7759998304318000
37.5,-88.5,13.52297592163090,0.2863895297050480,5.583333333333330,1.1716666666666700,591.7650174083060,0.4469999969005580,77.38428948465070,0.2168669700622560,0.506730513923444,1.0131311683626300,3.826236746648430,60.0,780.0332649,0.6604677593733550,4.88850476,-3.0533678222409600
37.5,-87.5,13.7129487991333,0.2892230451107030,5.833333333333330,1.4733333333333300,618.016382015346,0.4469999969005580,69.36125,0.4547421932220460,0.4906462259122840,0.7907365216488830,14.654999732971200,68.0,740.1728514,0.6948755628316000,5.436721279,-2.7951924150237700
37.5,-86.5,13.237549781799300,0.2935212850570680,5.800000000000000,1.7166666666666700,692.823461809677,0.4469999969005580,53.18861111111110,0.0653069987893104,0.5551981187526690,0.7907365216488830,0.0,52.0,661.4410241,0.8127374475919490,5.745435288,-3.322999444260470
37.5,-85.5,13.29576587677000,0.2979282140731810,5.45,1.7366666666666700,740.4186272143470,0.4469999969005580,53.861666666666700,0.0838517546653747,0.5313446233534460,0.7907365216488830,5.919413265101210,57.0,643.1953786,0.8602572680952370,6.000013245,-3.100175044600470
37.5,-84.5,12.783302307128900,0.2994610071182250,5.95,2.401666666666670,769.4169937328430,0.4469999969005580,59.84854166666670,0.0857123583555221,0.5415508031242530,0.7907365216488830,5.786870253486090,52.0,671.2839785,0.9216700481271740,5.799709697,-3.0822842477122000
37.5,-83.5,12.478160858154300,0.2967949211597440,5.300000000000000,2.2750000000000000,743.8441919790250,0.4370000064373020,46.98194444444450,0.0512112937867641,0.518325839273643,0.7907365216488830,0.0,9.0,,,,
37.5,-82.5,12.612334251403800,0.2947187125682830,5.800000000000000,2.893333333333330,733.8094607770720,0.4370000064373020,45.1125,0.0296146944165229,0.5166419153937320,0.7907365216488830,0.0,4.0,,,,
37.5,-81.5,11.358166694641100,0.2945193648338320,5.333333333333330,3.49,728.926158403835,0.4370000064373020,45.27513888888890,0.021358199417591,0.5292654153866710,0.7907365216488830,5.449999809265140,6.0,,,,
37.5,-80.5,10.495298385620100,0.2912349700927730,4.716666666666670,3.92,742.6488255277130,0.4370000064373020,51.19145833333330,0.0317543223500251,0.4159460749688320,0.7907365216488830,0.0,14.0,727.9319929,1.1423731791445900,5.393212634,-3.44613598434595
37.5,-79.5,12.514447212219200,0.2885507941246030,5.050000000000000,4.171666666666670,758.670219620807,0.4469999969005580,52.57993055555560,0.0371707752346992,0.4208547364253620,0.7907365216488830,0.899708988177781,20.0,915.5748793,0.8720367924538200,5.490983919,-3.324603717685340
37.5,-78.5,13.530684471130400,0.2852746248245240,6.25,1.8783333333333300,784.9520865678310,0.4469999969005580,54.92534722222220,0.0356866866350173,0.3754688182831490,0.7907365216488830,0.999676680013256,16.0,807.2056021,0.7586427309650460,5.247476999,-3.370246702118720
37.5,-77.5,14.474556922912600,0.2794798016548160,5.2,1.6216666666666700,734.6000565262150,0.4469999969005580,51.4467129727075,0.0483610928058624,0.4005158168381940,0.7907365216488830,2.0,20.0,1202.565131,0.5701839435888640,5.374360268,-3.3394266049080300
37.5,-76.5,14.454838752746600,0.2708207964897160,4.833333333333330,2.2766666666666700,476.20987189846100,0.4469999969005580,47.58281641810740,0.0557892955839633,0.5389733959356230,0.7907365216488830,0.0,12.0,3109.210484,0.3205042990868040,5.450936456,-3.3880916547530500
38.5,-122.5,14.392123222351100,0.2227655947208400,5.95,3.346666666666670,866.5145064337750,0.4469999969005580,78.71608598962190,0.357380747795105,0.2411097561985570,0.9389996194580490,13.8502637906608,10.0,3048.360128,0.24213488552418800,5.705424493,-2.4269178536428800
38.5,-121.5,16.17272186279300,0.2347907423973080,6.783333333333330,1.8066666666666700,455.9086225913100,0.4370000064373020,77.15094075680210,0.1032769158482550,0.254523325992428,0.9389996194580490,38.25,42.0,2181.80433,0.41344571867195900,6.304320799,-2.422716513275750
38.5,-120.5,11.822464942932100,0.2357914447784420,5.800000000000000,3.8733333333333300,526.0165755034980,0.4469999969005580,58.33412820872490,0.0612500570714473,0.3645863543146120,0.9389996194580490,11.351927827861600,3.0,,,,
38.5,-119.5,5.510197162628170,0.2314907014369960,5.5,2.62,211.9748991001250,0.4370000064373020,73.34454959691550,0.043793711811304,0.3204914801193550,0.9389996194580490,7.772437769976950,6.0,,,,
38.5,-118.5,10.604268074035600,0.2144605219364170,8.016666666666670,0.4316666666666670,74.43478963416590,0.4370000064373020,95.07038626609440,0.0040038679726421,0.0154826196645604,1.7297361411069300,6.497857863043880,0.0,,,,
38.5,-117.5,10.02042293548580,0.199357733130455,7.633333333333330,1.6466666666666700,84.38670360039830,0.4370000064373020,95.88833333333330,0.0006671425653621,0.0234171408275459,1.7297361411069300,4.001318238126840,0.0,,,,
38.5,-116.5,7.622346878051760,0.1941883265972140,8.383333333333330,0.415,119.76121930772600,0.4370000064373020,97.50833333333330,0.0122605795040726,0.0309751941145017,1.7297361411069300,0.0,1.0,,,,
38.5,-115.5,8.750893592834470,0.1975693851709370,7.883333333333330,1.41,112.7676708731970,0.4370000064373020,96.0,0.036124087870121,0.025757017430191,1.7297361411069300,2.6041415164870900,1.0,,,,
38.5,-114.5,8.789095878601070,0.2014175355434420,7.9,1.08,161.52505313074000,0.4370000064373020,95.34083333333330,0.0543083660304546,0.0405172440439108,1.7297361411069300,5.2919916734895400,2.0,,,,
38.5,-113.5,9.631918907165530,0.2042534351348880,8.016666666666670,0.905,124.5842355931650,0.4370000064373020,92.54520833333330,0.0743263512849807,0.0363451594752455,1.7297361411069300,5.625617924121960,1.0,,,,
38.5,-112.5,5.887239456176760,0.209550142288208,8.383333333333330,0.4783333333333330,198.35393258923300,0.4370000064373020,97.25055555555560,0.0424597151577472,0.0874081066050544,1.7297361411069300,6.566042874628600,10.0,,,,
38.5,-111.5,5.67820405960083,0.2151927947998050,8.233333333333330,1.1050000000000000,164.24350008912500,0.4469999969005580,94.52319444444440,0.0243456978350877,0.0846294157481725,1.7297361411069300,9.19116645945299,8.0,,,,
38.5,-110.5,11.222881317138700,0.2102163136005400,7.983333333333330,0.8,91.70697177072420,0.4370000064373020,92.14930555555560,0.0095782466232776,0.0197421357148906,1.7297361411069300,4.974528753728800,1.0,,,,
38.5,-109.5,11.43707275390630,0.2117260992527010,8.266666666666670,0.7916666666666670,137.0989576648650,0.4370000064373020,93.34215277777780,0.0248962007462978,0.0384292252734669,1.7297361411069300,7.397492623044940,6.0,,,,
38.5,-108.5,6.606238842010500,0.2199891060590740,6.75,2.92,233.06023110366500,0.4469999969005580,88.11902777777780,0.0315207913517952,0.0600194382001906,1.7297361411069300,17.30271858111370,14.0,,,,
38.5,-107.5,3.74786114692688,0.2306602001190190,6.0,2.865,310.71630638097300,0.4370000064373020,79.88027777777780,0.0291130729019641,0.1501218905845220,1.7297361411069300,28.485255542182900,15.0,,,,
38.5,-106.5,1.0008450746536300,0.2302846610546110,5.45,4.726666666666670,327.5858300699420,0.4370000064373020,72.34576388888890,0.0019329863134771,0.1680319805570130,1.7297361411069300,15.289052716696500,5.0,,,,
38.5,-105.5,6.140237331390380,0.2195020020008090,7.033333333333330,2.66,339.52738823670500,0.4370000064373020,86.428125,0.0069583104923367,0.0640632040172708,1.7297361411069300,14.35031298628200,5.0,,,,
38.5,-104.5,10.771992683410600,0.2098520249128340,5.916666666666670,2.798333333333330,223.87468949643800,0.4120000004768370,93.64381944444450,0.0533087402582168,0.0292747520943202,1.7297361411069300,14.015829880741400,4.0,,,,
38.5,-103.5,10.998000144958500,0.2035286724567410,7.566666666666670,1.1283333333333300,208.5150863995190,0.4120000004768370,96.03479166666670,0.0612687654793262,0.0216909794088854,1.7297361411069300,17.537356199174600,4.0,1345.032229,0.26361626454487600,6.063506336,-1.810878252946090
38.5,-102.5,10.90155792236330,0.2010500133037570,7.616666666666670,1.05,234.98389474088500,0.4120000004768370,95.77097222222220,0.0347861796617507,0.0347791941553091,1.7297361411069300,14.124019798764600,19.0,1521.237578,0.2156873786222140,6.102035415,-1.8465840560057800
38.5,-101.5,11.40847396850590,0.2062182873487470,7.400000000000000,1.025,250.78627866365500,0.4370000064373020,97.02576388888890,0.0487878695130348,0.0802537966087057,1.1613942661718000,18.950000762939500,41.0,1221.645377,0.3058977322910130,5.432777936,-2.2687891532901400
38.5,-100.5,11.911537170410200,0.2120050936937330,7.383333333333330,1.22,264.4055537734980,0.4370000064373020,97.25416666666670,0.0450729355216026,0.0816451697423931,1.1613942661718000,24.100000381469700,41.0,1022.460936,0.4017364195083550,5.139014395,-2.4595690219255700
38.5,-99.5,12.348403930664100,0.2230037450790410,7.1,1.0750000000000000,292.8756973251450,0.4370000064373020,91.70041666666670,0.1750645041465760,0.0748407939100448,1.1613942661718000,24.100000381469700,44.0,919.9972839,0.48748264837314500,5.583141673,-2.339869109018060
38.5,-98.5,12.591564178466800,0.2390636205673220,7.283333333333330,1.7266666666666700,327.84799095442400,0.4370000064373020,89.83083333333330,0.1958952099084850,0.1200911497378020,1.1613942661718000,24.100000381469700,51.0,732.0858665,0.6425068307306620,5.471835239,-2.4802048720139100
38.5,-97.5,12.918296813964800,0.2541739344596860,6.416666666666670,1.751666666666670,344.23345698926800,0.4370000064373020,89.54388888888890,0.1454989463090900,0.1776421153638220,1.1613942661718000,24.366676753427000,37.0,587.7913701,0.8051329060816280,5.202277714,-2.713131050102780
38.5,-96.5,12.690948486328100,0.2681908905506130,6.533333333333330,2.01,318.72676238532000,0.4370000064373020,89.7863888888889,0.1296860128641130,0.2339480723478140,1.1613942661718000,28.875700314004900,27.0,369.2580318,1.1792363940971500,5.435121659,-2.6988825607800300
38.5,-95.5,12.78056812286380,0.2753951549530030,6.200000000000000,1.885,371.3717324969610,0.4469999969005580,87.88263888888890,0.1264810711145400,0.2729549003920220,1.1613942661718000,15.554540092798200,46.0,480.0240381,1.031918442948670,5.076515448,-2.8701036933292600
38.5,-94.5,12.673423767089800,0.273838996887207,6.383333333333330,2.165,456.9623453357720,0.4469999969005580,81.70416666666670,0.1912048310041430,0.3403718066684040,1.0131311683626300,19.66475114436890,72.0,704.5701927,0.8446084503946050,5.184499282,-2.8028488450601500
38.5,-93.5,12.432866096496600,0.2714298069477080,6.433333333333330,2.005,428.39204215038700,0.4469999969005580,68.00715940197940,0.1126909479498860,0.363516809654324,1.0131311683626300,19.10750631931840,62.0,571.9660888,0.8655434436190580,5.385164304,-3.0515069429345600
38.5,-92.5,12.668309211731000,0.2740517854690550,6.216666666666670,1.7,440.62686311415500,0.4469999969005580,67.24545130217620,0.0592915341258049,0.4175159539137270,1.0131311683626300,16.57681191093170,52.0,583.0841802,0.8188783410062190,6.021705068,-2.864626101900500
38.5,-91.5,12.562808990478500,0.2786614000797270,5.7,1.725,449.9039090603310,0.4469999969005580,72.35701388888890,0.0997860357165336,0.3761626746124600,1.0131311683626300,14.084642466042500,44.0,490.4091158,0.8714063286598160,5.258379047,-3.1716477561777500
38.5,-90.5,12.892440795898400,0.277234137058258,6.683333333333330,1.5200000000000000,401.7248711472540,0.4469999969005580,82.23868055555560,0.1016082242131230,0.3880203705985020,1.0131311683626300,17.44216196772960,44.0,1523.857161,0.36655348652966100,5.188291643,-2.7840725567810900
38.5,-89.5,12.69253635406490,0.2779507339000700,6.550000000000000,1.25,564.2093151259930,0.4469999969005580,71.75298611111110,0.1658744215965270,0.4034740725329540,1.0131311683626300,19.54981893292960,77.0,844.0297412,0.5367517613295430,5.304434266,-2.9681010003266900
38.5,-88.5,12.663010597229000,0.2837200164794920,6.016666666666670,1.7466666666666700,584.8971493966900,0.4469999969005580,72.68666666666670,0.0971970483660698,0.419369048357472,1.0131311683626300,18.450642450289100,81.0,768.6671038,0.5860320453919910,5.266411735,-3.0690871414177600
38.5,-87.5,12.769925117492700,0.2880505323410030,6.15,1.775,590.1085402845300,0.4469999969005580,77.58173611111110,0.206577181816101,0.4927422839298670,1.0131311683626300,14.426079259735500,83.0,674.0377167,0.7240029291657110,5.224399575,-2.960922071950780
38.5,-86.5,12.223690032959000,0.2909562587738040,5.300000000000000,2.056666666666670,646.9095035634850,0.4469999969005580,58.759791666666700,0.1191704273223880,0.5494156588202290,1.0131311683626300,8.250939244633950,44.0,719.6514805,0.7724818303334600,5.963645057,-3.0807877092317
38.5,-85.5,12.438496589660600,0.29697385430336,6.1,1.721666666666670,649.9843453011940,0.4469999969005580,72.2286111111111,0.073800578713417,0.5648037862751950,1.0131311683626300,15.815620800176000,57.0,1020.583093,0.59878848504649,5.678454455,-2.848364860316430
38.5,-84.5,12.053868293762200,0.3004108965396880,5.55,1.64,735.3551084721070,0.4469999969005580,74.52652777777780,0.0849403887987136,0.5182118088909490,0.7907365216488830,23.299999237060500,54.0,762.1323664,0.7877827003592490,6.188253923,-2.585150820873400
38.5,-83.5,11.828154563903800,0.2984420955181120,5.8,2.3550000000000000,718.2178127939130,0.4370000064373020,62.383541666666700,0.0704999342560768,0.5056991609435360,0.7907365216488830,14.574035609232000,33.0,610.8413392,1.0186513727724700,5.406824057,-3.2382176929453800
38.5,-82.5,12.181607246398900,0.2971357703208920,5.333333333333330,3.4416666666666700,698.6643431619200,0.4120000004768370,47.50826388888890,0.0345414765179157,0.4541564258685670,1.0131311683626300,10.799406983514900,12.0,507.1015719,1.1861976703498000,5.629595295,-3.3497190669973600
38.5,-81.5,12.108002662658700,0.2981777191162110,5.583333333333330,3.8933333333333300,683.1886411449660,0.4120000004768370,46.855555555555600,0.0129800988361239,0.4925214401778300,0.7907365216488830,11.426968832068200,6.0,,,,
38.5,-80.5,10.255684852600100,0.2973452806472780,5.433333333333330,4.328333333333330,670.9584537793750,0.4370000064373020,45.91673611111110,0.0239881686866283,0.7129678516394470,0.7907365216488830,0.0,2.0,,,,
38.5,-79.5,9.097705841064450,0.2920436263084410,4.566666666666670,4.98,693.1382835591940,0.4370000064373020,48.7725,0.0330088026821613,0.4828415189265100,0.7907365216488830,0.0,11.0,608.0681275,1.4249731948686100,5.320005514,-3.5682239232841000
38.5,-78.5,11.26667022705080,0.2857384085655210,5.050000000000000,3.975000000000000,733.4346176417620,0.4469999969005580,54.444652777777800,0.0279365163296461,0.3789058396595530,0.7907365216488830,3.020995250705990,27.0,833.1900707,0.9570130625017750,5.411661523,-3.4389238299058100
38.5,-77.5,13.183731079101600,0.282302975654602,5.800000000000000,3.045,628.9791277976890,0.4469999969005580,51.50273547242350,0.0488840416073799,0.42033270285484,0.7907365216488830,1.699439796464090,23.0,1629.811701,0.5267695404944500,5.45271362,-3.3491908216826900
38.5,-76.5,13.661014556884800,0.2742954194545750,5.183333333333330,2.72,424.3674033648310,0.4469999969005580,50.90640819854300,0.0873220711946487,0.5101389761819940,0.6671839401412450,0.0,20.0,3711.185254,0.2893860135880190,5.411141031,-3.2805892378508700
38.5,-75.5,13.354717254638700,0.2443895936012270,4.9,2.923333333333330,593.4868642558520,0.4469999969005580,57.33537795417640,0.1060739383101460,0.4548905040418700,0.6671839401412450,0.0,41.0,2674.961218,0.475454609045431,3.978487337,-3.5027295668494900
39.5,-123.5,11.96865463256840,0.2370065748691560,5.783333333333330,5.081666666666670,1076.675831517710,0.4469999969005580,58.14882282179070,0.2063244879245760,0.5101963154447730,0.9389996194580490,16.724806465856500,1.0,,,,
39.5,-122.5,15.297646522522000,0.2418481409549710,6.0,2.836666666666670,763.0494784748420,0.4469999969005580,69.56999155880700,0.2495300769805910,0.2961503186204610,0.9389996194580490,15.848607222318700,19.0,1620.165023,0.5181221871496810,6.175580422,-2.631511697716500
39.5,-121.5,16.129764556884800,0.2449390888214110,6.433333333333330,3.0700000000000000,570.3390006674970,0.4370000064373020,67.76652777777780,0.0789556726813316,0.483729499171316,0.9389996194580490,13.884597287136800,20.0,1072.127548,0.8035773086546470,6.556314247,-2.7442407824672100
39.5,-120.5,6.2089056968689000,0.2459312081336980,5.800000000000000,5.54,448.9031451735190,0.4469999969005580,47.269116903747600,0.0109655456617474,0.5612894442861300,0.9389996194580490,8.275763553758770,2.0,,,,
39.5,-119.5,10.152665138244600,0.2298238277435300,6.1,2.423333333333330,130.01270803308200,0.4370000064373020,92.00338519158740,0.0011226567439734,0.0496670685251198,1.7297361411069300,9.42613279379541,4.0,,,,
39.5,-118.5,10.807926177978500,0.2109066247940060,7.783333333333330,1.0066666666666700,63.28521877526270,0.4370000064373020,98.58368055555560,2.23497140933171E-11,0.0117281528063165,1.7297361411069300,0.0,2.0,,,,
39.5,-117.5,8.256208419799810,0.2056442499160770,7.533333333333330,2.181666666666670,119.96714438284900,0.4370000064373020,99.0,1.17306847829263E-12,0.0329012692193428,1.7297361411069300,15.724936143255900,1.0,,,,
39.5,-116.5,7.673223495483400,0.2029114961624150,8.033333333333330,0.7450000000000000,127.32757172617000,0.4370000064373020,98.268125,0.0131053049117326,0.0370367822647312,1.7297361411069300,11.825344023380000,2.0,,,,
39.5,-115.5,7.567251682281490,0.2055745124816890,8.166666666666670,0.7616666666666670,128.31840435825000,0.4370000064373020,96.0,0.0361489206552505,0.0386371928748763,1.7297361411069300,10.984927202730000,2.0,,,,
39.5,-114.5,7.09706449508667,0.2073616832494740,7.4,3.4300000000000000,142.80923863761600,0.4370000064373020,94.79291666666670,0.0225538965314626,0.0446575764000534,1.7297361411069300,13.439531914628500,2.0,,,,
39.5,-113.5,11.2168550491333,0.2079462110996250,7.833333333333330,1.4700000000000000,80.33795665418020,0.4370000064373020,90.52467909535450,2.76533431570192E-11,0.0302346149915092,1.7297361411069300,5.625629223922530,0.0,,,,
39.5,-112.5,10.76494598388670,0.217402383685112,8.150000000000000,1.2883333333333300,125.14483693189100,0.4370000064373020,95.55826308705820,0.0474232882261276,0.0510808886241306,1.7297361411069300,13.125629223922500,9.0,,,,
39.5,-111.5,7.082968235015870,0.2320617139339450,8.033333333333330,1.14,216.22054253582600,0.4370000064373020,94.91090277777780,0.0384072475135326,0.1254993415108490,1.7297361411069300,24.732824279071200,20.0,,,,
39.5,-110.5,8.946596145629880,0.2243746519088750,6.433333333333330,4.833333333333330,147.25113543258700,0.4370000064373020,95.37736111111110,0.0219588465988636,0.0475160637407375,1.7297361411069300,6.502181309598090,4.0,,,,
39.5,-109.5,8.43240737915039,0.217251569032669,7.533333333333330,2.6466666666666700,159.392285400473,0.4370000064373020,96.27854166666670,0.0370939671993255,0.0387783033072278,1.7297361411069300,13.91492109923660,4.0,,,,
39.5,-108.5,6.932064056396480,0.2229344546794890,7.283333333333330,2.751666666666670,222.6847504174150,0.4469999969005580,93.3254861111111,0.0427885130047798,0.0651337252299281,1.7297361411069300,12.3067772335586,12.0,,,,
39.5,-107.5,5.206132888793950,0.2338340431451800,6.950000000000000,2.226666666666670,339.8260106407370,0.4370000064373020,73.21097222222220,0.0319903567433357,0.2595440667023170,1.7297361411069300,15.577204491585200,16.0,,,,
39.5,-106.5,0.8762606978416440,0.234783262014389,5.45,4.256666666666670,355.37882286478,0.4370000064373020,66.20618055555560,0.0078968694433569,0.2677496687310840,1.7297361411069300,14.052835416311200,7.0,,,,
39.5,-105.5,2.9663078784942600,0.2259972691535950,5.65,3.33,380.9798405182320,0.4370000064373020,71.156875,0.0066445679403841,0.1477696827757720,1.7297361411069300,11.309683052363600,3.0,,,,
39.5,-104.5,8.894219398498540,0.2167540490627290,5.85,2.958333333333330,260.81215323044200,0.4370000064373020,90.54777777777780,0.0457899011671543,0.044660165640853,1.7297361411069300,12.13000011444090,14.0,3285.813299,-0.027034943550680600,5.596686427,-2.207793981516400
39.5,-103.5,8.847363471984860,0.2059087455272670,7.550000000000000,1.195,248.75722052950500,0.4370000064373020,95.94319444444440,0.0700651481747627,0.0401025474010915,1.7297361411069300,22.156248351661700,15.0,1344.800266,0.2804297930261190,5.630644229,-2.1839231535731100
39.5,-102.5,10.273259162902800,0.2029148042202000,7.216666666666670,1.0666666666666700,278.32492529299800,0.4370000064373020,96.81583333333330,0.0703333616256713,0.0858164053729083,1.7297361411069300,20.50240357625100,27.0,1500.014869,0.22928337903779900,5.511457506,-2.2749135393680500
39.5,-101.5,10.626441955566400,0.2099399715662000,7.2,1.0466666666666700,276.4373481475320,0.4370000064373020,97.19298611111110,0.0396029017865657,0.0745303352671288,1.1613942661718000,18.275159022052,34.0,1169.794633,0.38284525241316200,5.415415902,-2.2882815198815000
39.5,-100.5,11.059365272522000,0.219518780708313,7.233333333333330,1.23,292.02856211143400,0.4370000064373020,96.15388888888890,0.0430898740887641,0.0686849465458394,1.1613942661718000,17.59993231064100,42.0,923.3542786,0.49265840331228600,5.318191994,-2.4709537561518200
39.5,-99.5,11.597968101501500,0.229970782995224,6.766666666666670,1.3633333333333300,317.26576902662300,0.4370000064373020,89.09666666666670,0.0340355671942234,0.0665889766848144,1.1613942661718000,18.67502535962780,56.0,860.3196029,0.5719136027418360,6.156967323,-2.3147534501012900
39.5,-98.5,11.843541145324700,0.2418886721134190,7.033333333333330,1.415,346.4177203194490,0.4370000064373020,89.03111111111110,0.050922654569149,0.0944463804730372,1.1613942661718000,20.888578356454900,65.0,771.4715204,0.6954728364936570,5.949876171,-2.4083357505789600
39.5,-97.5,12.04110336303710,0.257075160741806,6.616666666666670,1.3983333333333300,360.09672451013500,0.4370000064373020,89.56159722222220,0.1128639951348300,0.1483754662090990,1.1613942661718000,29.23508523116910,50.0,543.0805482,0.8848023644704680,4.872725813,-2.8322028066746000
39.5,-96.5,11.8851900100708,0.271087646484375,6.25,2.015,350.07863281468700,0.4370000064373020,89.41236111111110,0.094765156507492,0.1945509006949430,1.1613942661718000,30.65102410984920,42.0,475.5812439,1.0120139619838800,5.47707125,-2.6533880856171700
39.5,-95.5,11.984416961669900,0.2768678963184360,6.7,2.161666666666670,381.0154119409030,0.4469999969005580,88.79611111111110,0.0858599245548248,0.249845970679892,1.1613942661718000,30.7590136055921,67.0,528.5120674,0.919323235363598,5.508249091,-2.675631849978400
39.5,-94.5,11.799429893493700,0.276424765586853,6.15,1.8516666666666700,431.3707934043710,0.4469999969005580,88.28645833333330,0.0899745896458625,0.3453914976905750,1.0131311683626300,21.602795878298300,73.0,987.6633954,0.6361086652634410,5.455388672,-2.6071148495249400
39.5,-93.5,11.755859375,0.2758199870586400,6.200000000000000,1.8200000000000000,458.6045808065120,0.4469999969005580,87.48965277777780,0.0704174488782882,0.3441665745960060,1.0131311683626300,16.900436834188200,78.0,490.8858294,0.9323908000637340,5.306636253,-2.8940832195220900
39.5,-92.5,11.763108253479000,0.2762134671211240,6.4,1.61,507.5734242918340,0.4469999969005580,75.30270833333330,0.0725833475589752,0.3640003779421630,1.0131311683626300,20.000000000000000,76.0,575.3759943,0.8139868170035640,5.501348931,-3.0276779621544000
39.5,-91.5,11.6972074508667,0.2811779677867890,6.25,1.7483333333333300,511.3656336045360,0.4469999969005580,75.966875,0.0916831120848655,0.3374599282404760,1.0131311683626300,14.022474809993000,75.0,613.7903933,0.7765232924952810,5.448712909,-2.955033463421720
39.5,-90.5,11.680709838867200,0.2861317694187160,6.3500000000000000,1.89,503.8320258914010,0.4469999969005580,84.05361111111110,0.0797473117709159,0.3238958560962660,1.0131311683626300,16.32999992370610,75.0,543.3474838,0.8461964333667750,5.349833484,-2.903332122927530
39.5,-89.5,11.638096809387200,0.2891792356967930,5.9,2.0,489.5295730599840,0.4469999969005580,82.93597222222220,0.0672042667865753,0.350037066347053,1.0131311683626300,26.23558189843170,82.0,550.9719903,0.8755840370468110,5.471663609,-2.835763094604670
39.5,-88.5,11.5141019821167,0.289026141166687,5.9,1.7566666666666700,505.97805629007300,0.4469999969005580,80.49347222222220,0.0835786834359169,0.3803372453352470,1.0131311683626300,26.600000381469700,84.0,573.0717123,0.8514568622290820,5.399969573,-2.894350169600170
39.5,-87.5,11.546051025390600,0.2880435883998870,6.45,1.6433333333333300,563.371981243091,0.4469999969005580,78.23666666666670,0.1100420355796810,0.4532800452531680,1.0131311683626300,13.599295173871300,80.0,618.5770645,0.8238207951815830,5.384986437,-2.9810092529322900
39.5,-86.5,11.138707160949700,0.2897385060787200,6.05,1.4283333333333300,545.4875235003930,0.4469999969005580,75.92083333333330,0.0556640587747097,0.5555283540624470,1.0131311683626300,11.309986757847300,53.0,1162.095501,0.5203682575219650,5.470429751,-2.8383202727496400
39.5,-85.5,10.798797607421900,0.2933676242828370,6.800000000000000,1.7933333333333300,593.1445729083970,0.4469999969005580,81.05611111111110,0.0460879504680633,0.5075399452139710,1.0131311683626300,10.385000228881800,84.0,681.4891089,0.7666982869636260,5.541502132,-2.796877360448060
39.5,-84.5,11.232845306396500,0.2950873076915740,5.633333333333330,2.191666666666670,562.0481548408500,0.4469999969005580,81.21201388888890,0.0567272491753101,0.5056753589817360,1.0131311683626300,11.184971894786100,67.0,1479.491906,0.44985435502821400,5.616008333,-2.5336509895447800
39.5,-83.5,10.911370277404800,0.2960760295391080,6.266666666666670,1.6150000000000000,603.6072448851710,0.4469999969005580,80.22847222222220,0.0705736652016639,0.4305652524811600,1.0131311683626300,14.351091036268800,71.0,809.7363978,0.7745174133071030,5.46639481,-2.8004406764105200
39.5,-82.5,10.869383811950700,0.2972618639469150,6.45,2.376666666666670,648.7042466987880,0.4120000004768370,61.47326388888890,0.0359861701726913,0.4523880188561910,1.0131311683626300,2.175729852050410,35.0,520.2191772,1.1136481860069400,5.375378153,-3.1955149679414500
39.5,-81.5,11.265767097473100,0.2989756464958190,5.383333333333330,2.916666666666670,698.0085419348320,0.4120000004768370,48.0,0.0136690568178892,0.4602990620883430,1.0131311683626300,21.601208491529,17.0,442.1458112,1.2802787971249600,6.11096978,-3.071159310909650
39.5,-80.5,10.670188903808600,0.2995852828025820,4.783333333333330,3.556666666666670,684.1840043317810,0.4120000004768370,47.62784722222220,0.0137404846027493,0.5066439138516700,0.7907365216488830,0.0,9.0,390.4077187,1.4090695074712500,5.48482088,-3.5309176806338900
39.5,-79.5,8.905899047851560,0.2973511517047880,4.95,4.83,672.8558765527710,0.4370000064373020,46.26277777777780,0.0324680134654045,0.6390480353213650,0.7907365216488830,0.0,18.0,563.7238374,1.3840823025324500,4.946186614,-3.8230546278090100
39.5,-78.5,10.965690612793000,0.290955513715744,4.4,5.448333333333330,688.077576511625,0.4120000004768370,47.71083333333330,0.1062605679035190,0.3658143385494390,0.7907365216488830,0.0,21.0,404.787349,1.3921049064758800,5.386513655,-3.2663844612953300
39.5,-77.5,11.617789268493700,0.2886850833892820,5.666666666666670,1.9766666666666700,671.721054002705,0.4120000004768370,54.20097222222220,0.0684886127710342,0.4376175864339240,0.6671839401412450,2.7584253118691200,55.0,496.6367798,1.1442243909016400,5.516470335,-3.3364774656242700
39.5,-76.5,12.18744659423830,0.2829181551933290,5.183333333333330,2.6333333333333300,520.1344465612420,0.4120000004768370,45.78529900332230,0.0337368510663509,0.563813041323288,0.6671839401412450,2.2742366369761000,42.0,1285.184958,0.7354458263116230,5.796006366,-3.3009879998546600
39.5,-75.5,12.550318717956500,0.2645005583763120,5.583333333333330,3.286666666666670,503.0877708500560,0.4120000004768370,51.459538039089,0.0402696207165718,0.5708130569392420,0.6671839401412450,0.0,41.0,1574.485894,0.7131903492728350,5.390204565,-3.3179263057451100
39.5,-74.5,12.254673957824700,0.2213999629020690,5.466666666666670,4.2283333333333300,403.57916083944200,0.4120000004768370,42.71193415637860,0.0378416553139686,0.3754171744632790,0.6671839401412450,0.0,13.0,,,,
40.5,-123.5,10.01712131500240,0.2546925246715550,5.783333333333330,7.318333333333330,1068.938847941140,0.4469999969005580,46.6475,0.1319273859262470,0.8220751021531040,0.9389996194580490,9.099999904632570,2.0,,,,
40.5,-122.5,15.961856842041000,0.2522696852684020,6.0,2.4833333333333300,693.2770294731540,0.4469999969005580,55.85147739409040,0.1147336736321450,0.4429089207006670,0.9389996194580490,13.067386379088100,3.0,,,,
40.5,-121.5,6.254018306732180,0.2524138689041140,5.800000000000000,2.083333333333330,562.0139999388710,0.4469999969005580,52.84217171717170,0.073674626648426,0.3964365514047320,0.9389996194580490,9.923848153210550,1.0,,,,
40.5,-120.5,8.558329582214360,0.2491088956594470,6.283333333333330,3.0766666666666700,287.267386481295,0.4469999969005580,73.29834176503650,0.0360423512756824,0.076974794730806,0.9389996194580490,22.32050147122380,3.0,,,,
40.5,-119.5,10.443560600280800,0.2305971384048460,7.933333333333330,0.51,91.11172179535860,0.4370000064373020,96.84330031094080,0.0186263807117939,0.0305892784476792,1.7297361411069300,0.0,1.0,,,,
40.5,-118.5,10.025718688964800,0.2147300988435750,7.633333333333330,0.8466666666666670,95.98096288092190,0.4370000064373020,97.73279295646700,0.0562608614563941,0.0250892588224811,1.7297361411069300,7.448651737178680,2.0,,,,
40.5,-117.5,9.694499969482420,0.2101653218269350,8.633333333333330,0.43,116.74259892748100,0.4370000064373020,99.0,0.018755093216896,0.037721112098026,1.7297361411069300,17.16389059246350,5.0,,,,
40.5,-116.5,9.391897201538090,0.2082519829273220,7.383333333333330,1.5383333333333300,125.12200108043100,0.4370000064373020,98.35125,0.0118381697684526,0.0384667788373934,1.7297361411069300,13.707565689605100,8.0,,,,
40.5,-115.5,6.209039211273190,0.2125777304172520,7.083333333333330,1.5916666666666700,138.4710834206770,0.4370000064373020,96.0,0.0238943900913,0.0767690177755182,1.7297361411069300,16.354892495559300,11.0,,,,
40.5,-114.5,7.387847423553470,0.2122245281934740,7.9,1.01,103.49747406904100,0.4370000064373020,94.0143614054657,0.0186681635677814,0.0344243757965563,1.7297361411069300,0.0,1.0,,,,
40.5,-113.5,10.403512001037600,0.2117242664098740,8.366666666666670,0.7183333333333330,26.290306459798300,0.4370000064373020,92.70890658942800,0.0204503908753395,0.023548635337495,1.7297361411069300,3.4086631597568200,0.0,,,,
40.5,-112.5,9.175374031066900,0.22660593688488,7.5,1.85,110.7625320946650,0.4370000064373020,95.97908299866130,0.0341639295220375,0.0756952291616256,1.7297361411069300,4.164999961853030,8.0,,,,
40.5,-111.5,5.538832187652590,0.2444723844528200,6.9,4.385,223.25505322350700,0.4469999969005580,92.82301656495210,0.0211614184081554,0.2172215011625160,1.7297361411069300,22.775298771904300,24.0,,,,
40.5,-110.5,3.9435184001922600,0.2359457910060880,6.466666666666670,4.366666666666670,227.31277084364500,0.4370000064373020,92.633125,0.0061270631849765,0.2013198464744250,1.7297361411069300,10.853479329674900,9.0,,,,
40.5,-109.5,7.152528285980230,0.2197914123535160,5.9,3.5933333333333300,185.7861072238210,0.4370000064373020,94.01409722222220,0.0230701398104429,0.0643022558977755,1.7297361411069300,18.39510091605860,9.0,,,,
40.5,-108.5,6.574315547943120,0.2185419350862500,7.616666666666670,2.08,152.08339656372400,0.4120000004768370,92.36381944444450,0.0392026416957378,0.0489814354232987,1.7297361411069300,14.53085787120580,5.0,,,,
40.5,-107.5,5.625769138336180,0.2294153869152070,7.333333333333330,1.8733333333333300,294.7617468970700,0.4370000064373020,82.72055555555560,0.0112931178882718,0.1718505425764190,1.7297361411069300,15.662657776462900,19.0,,,,
40.5,-106.5,2.1926095485687300,0.232312262058258,6.5,4.243333333333330,375.5711405462900,0.4370000064373020,77.87576388888890,0.0072091799229383,0.2972807187099270,1.7297361411069300,11.373028735898400,14.0,,,,
40.5,-105.5,3.534467935562130,0.2272494435310360,6.183333333333330,3.9,392.7241338605760,0.4370000064373020,72.87590277777780,0.0090178176760673,0.1886334688344130,1.7297361411069300,10.576322757421800,8.0,,,,
40.5,-104.5,9.660099983215330,0.216264471411705,7.5,0.875,283.5374137003410,0.4370000064373020,95.84,0.0450403839349746,0.0373120082585992,1.7297361411069300,14.926698021560700,25.0,1585.261016,0.2082393248952330,5.5060402,-2.2603415055283000
40.5,-103.5,9.70205307006836,0.2027875185012820,7.416666666666670,1.0883333333333300,272.1799297414430,0.4370000064373020,96.12076388888890,0.0542724765837192,0.0363509382666477,1.7297361411069300,13.291560025114100,15.0,1659.569855,0.19204358491450000,5.485981524,-2.2475320882175100
40.5,-102.5,9.829434394836430,0.1990726888179780,7.5166666666666700,1.525,299.9060501699930,0.4370000064373020,96.12194444444440,0.047712180763483,0.0946074401828689,1.7297361411069300,17.179037151259800,31.0,1582.982301,0.21629355633255700,5.469460285,-2.346410523888350
40.5,-101.5,9.939067840576170,0.2041226327419280,6.966666666666670,1.0183333333333300,313.310755076692,0.4370000064373020,96.7923611111111,0.0559443868696689,0.1236674893157000,1.1613942661718000,12.6029024575728,37.0,1367.63631,0.2917658465696670,5.349648928,-2.340241476116360
40.5,-100.5,10.007689476013200,0.2174209803342820,6.683333333333330,1.2016666666666700,348.4088031658100,0.4370000064373020,91.89486111111110,0.0370983146131038,0.1060888194414880,1.1613942661718000,17.44994908440560,40.0,1177.998214,0.40900006595868400,6.023055768,-2.277813707968630
40.5,-99.5,9.979077339172360,0.2345039844512940,7.283333333333330,1.58,344.03361488092000,0.4370000064373020,89.0,0.0297557357698678,0.2031524770397180,1.1613942661718000,16.224735362668700,79.0,936.7594303,0.5475426336848450,5.574562576,-2.6907319977950500
40.5,-98.5,10.26955509185790,0.2447794675827030,6.783333333333330,1.2916666666666700,339.8748753404420,0.4370000064373020,89.0,0.0301600508391857,0.2829939995206580,1.1613942661718000,18.69945318137650,86.0,734.3011505,0.7368228846721230,5.412930524,-2.828333217536020
40.5,-97.5,10.630364418029800,0.2550536394119260,6.133333333333330,1.85,330.79231347739200,0.4370000064373020,89.0,0.0561838895082473,0.2915785377235330,1.1613942661718000,23.729999542236300,80.0,583.0939249,0.885758230673855,4.935141088,-3.081309552723040
40.5,-96.5,10.775622367858900,0.2688834965229030,6.1,1.7200000000000000,379.4133554807120,0.4469999969005580,89.0,0.0729020163416862,0.187273955273884,1.1613942661718000,34.85000038146970,73.0,635.4347053,0.8287217899779920,5.291546852,-2.778490566372800
40.5,-95.5,10.932991981506300,0.276156336069107,5.966666666666670,1.7916666666666700,366.7142421865290,0.4370000064373020,89.42423611111110,0.0600737109780311,0.1968689862132190,1.0131311683626300,17.576715541883200,81.0,412.0349228,0.9974646054108320,5.427255918,-2.741706353312260
40.5,-94.5,10.57506275177000,0.2797712385654450,6.366666666666670,1.6933333333333300,473.58124854220400,0.4469999969005580,88.00243055555560,0.0324420779943466,0.2727865792692690,1.0131311683626300,31.649983504918100,81.0,547.8385741,0.8741947249152480,5.492124597,-2.827304960846030
40.5,-93.5,10.472186088562000,0.2826494574546810,6.183333333333330,1.7800000000000000,511.1630001447970,0.4469999969005580,86.53159722222220,0.0250685047358274,0.3299704187541040,1.0131311683626300,27.723643537240100,79.0,542.0383914,0.9004048207772630,5.390934896,-2.889764318650770
40.5,-92.5,10.647780418396000,0.2839401364326480,5.766666666666670,1.646666666666670,525.3995948804200,0.4469999969005580,82.91055555555560,0.0423477925360202,0.346606539963592,1.0131311683626300,22.43777734234740,74.0,552.8858589,0.8823178453725080,5.183939739,-3.044522849543120
40.5,-91.5,10.961005210876500,0.287332534790039,6.45,1.6683333333333300,490.5053197130670,0.4469999969005580,84.23368055555560,0.0356078594923019,0.3272992029074140,1.0131311683626300,22.83409320604850,74.0,575.8276227,0.8633458690275150,5.076376272,-3.0847679731301200
40.5,-90.5,10.652228355407700,0.2948338091373440,6.266666666666670,1.6283333333333300,486.7506631928380,0.4469999969005580,84.99201388888890,0.0205876808613538,0.3231442547641810,1.0131311683626300,21.149999618530300,78.0,495.0676624,0.9341908284976900,5.313336718,-2.979879129410630
40.5,-89.5,10.657301902771000,0.2998166978359220,6.0,1.6366666666666700,463.2073123202330,0.4469999969005580,85.85326388888890,0.0224728528410196,0.3232996077153760,1.0131311683626300,22.14216066258320,79.0,550.2896421,0.9319985475941160,5.526017463,-2.7795839975183800
40.5,-88.5,10.35536289215090,0.3006771206855770,6.65,2.536666666666670,439.7614714164600,0.4469999969005580,87.99291666666670,0.0264506246894598,0.3304371039999100,1.0131311683626300,21.64435436300410,83.0,414.151947,1.1713097255991700,5.592790632,-2.7422515266203200
40.5,-87.5,10.313321113586400,0.2971082925796510,6.6000000000000000,2.583333333333330,480.6052303420180,0.4469999969005580,86.44486111111110,0.0643114447593689,0.367441185242866,1.0131311683626300,17.018449714341300,84.0,419.2592368,1.1423432879601700,5.534458598,-2.7623780712594200
40.5,-86.5,10.213912963867200,0.2894240319728850,6.4,2.251666666666670,507.4073322799940,0.4469999969005580,82.92291666666670,0.0595741309225559,0.4185190308466520,1.0131311683626300,12.192297867796000,88.0,664.4831587,0.8600557020167090,5.558933837,-2.7980881965597200
40.5,-85.5,9.97576904296875,0.2913284599781040,6.0,1.561666666666670,515.2272456711650,0.4469999969005580,81.94152777777780,0.0272079370915889,0.4232322344914170,1.0131311683626300,17.670000076293900,91.0,632.8429002,0.8577780177978310,5.421686993,-2.9030248008082200
40.5,-84.5,10.136399269104000,0.2931287586689000,5.85,1.7600000000000000,512.2855034895280,0.4469999969005580,82.0,0.0436599552631378,0.4166634827141490,1.0131311683626300,17.670000076293900,89.0,648.2651876,0.8566904796561940,5.599527402,-2.784406867718250
40.5,-83.5,9.931708335876470,0.2942754626274110,6.550000000000000,1.835,517.9204593111510,0.4469999969005580,82.0,0.0374863594770431,0.4373099441118880,1.0131311683626300,16.028060810784100,82.0,771.1141407,0.782619171031043,5.457683439,-2.820211043402670
40.5,-82.5,9.501861572265620,0.2951201200485230,5.9,2.6650000000000000,588.7656195613770,0.4469999969005580,75.879375,0.030247526243329,0.4553657063815180,1.0131311683626300,8.774564642852580,65.0,864.0156832,0.8142176236491770,5.196666769,-3.112954687476260
40.5,-81.5,10.07903289794920,0.2953770458698270,6.05,2.293333333333330,635.6714425307020,0.4120000004768370,60.60194444444440,0.0270905140787363,0.4544731770018640,1.0131311683626300,7.725879104968330,45.0,523.4887912,1.0703636880940400,5.280882861,-3.296356392059260
40.5,-80.5,10.214349746704100,0.2966046333312990,5.85,2.23,649.4105330790980,0.4120000004768370,48.93555555555560,0.0203543882817029,0.4488007432413000,0.6671839401412450,0.0,31.0,636.6806808,0.9991700576763860,5.618916996,-3.3659636669787300
40.5,-79.5,9.894454002380370,0.300757497549057,5.316666666666670,2.8616666666666700,640.3422268622960,0.4469999969005580,42.25951388888890,0.0139772212132811,0.5662708982488610,0.6671839401412450,0.0,32.0,1060.778416,0.8426057175678700,5.327754609,-3.8187881697929500
40.5,-78.5,8.872916221618650,0.3003244400024410,4.283333333333330,5.611666666666670,644.4989163152830,0.4120000004768370,45.148402777777800,0.0321065075695514,0.5186592089856420,0.6671839401412450,0.0,27.0,379.6322232,1.5071961319145300,5.372431319,-3.6974749597383200
40.5,-77.5,10.168391227722200,0.296433687210083,4.983333333333330,4.096666666666670,674.3792867347260,0.4120000004768370,51.65488449763430,0.0214651450514793,0.490206044278448,0.6671839401412450,0.0,28.0,394.4020313,1.4002448909321500,5.1268183,-3.6722947370913900
40.5,-76.5,10.188498497009300,0.2949785590171810,5.533333333333330,5.573333333333330,640.6152475722140,0.4120000004768370,51.35414697971940,0.034999743103981,0.6024366698261810,0.6671839401412450,0.0,37.0,473.61806,1.2787392870565500,5.406772218,-3.4732957765092300
40.5,-75.5,10.479286193847700,0.2837387919425960,5.366666666666670,4.225,591.7040737686520,0.4120000004768370,53.92243055555560,0.0384689569473266,0.6954678609022740,0.6671839401412450,7.876314977085130,31.0,793.7257731,1.064351878871960,5.664758969,-3.1959955708478300
40.5,-74.5,11.3843355178833,0.2589995563030240,5.266666666666670,6.4,447.2640631958570,0.4120000004768370,44.40528186896900,0.0212809070944786,0.6792199158387370,0.6671839401412450,7.502560083206510,20.0,2648.081027,0.5926213149793790,5.590992781,-3.226665508200890
41.5,-123.5,10.150026321411100,0.2592469453811650,5.483333333333330,6.358333333333330,923.8314464345490,0.4469999969005580,44.0,0.0675972402095794,1.126221762087520,0.9389996194580490,8.449774384680120,0.0,,,,
41.5,-122.5,9.391284942626950,0.2587062120437620,6.133333333333330,3.083333333333330,627.2253818722000,0.4370000064373020,62.497638888888900,0.0398487634956836,0.4373307784971200,0.9389996194580490,10.308959076017600,6.0,,,,
41.5,-121.5,7.065329074859620,0.2540882527828220,6.383333333333330,3.0966666666666700,422.41818659585100,0.4370000064373020,63.96371052816650,0.0475793406367301,0.188565530453015,0.9389996194580490,15.299666810245800,6.0,,,,
41.5,-120.5,8.304969787597660,0.2511646151542660,6.550000000000000,0.935,261.5697524128100,0.4469999969005580,95.28069444444440,0.0461705923080444,0.0814202593402191,0.9389996194580490,11.246098421216300,4.0,,,,
41.5,-119.5,7.550467967987060,0.2406330853700640,6.800000000000000,1.9116666666666700,123.4610019860320,0.4469999969005580,96.49555555555560,0.0401108302175998,0.0429979816545538,1.7297361411069300,12.499479789495500,0.0,,,,
41.5,-118.5,9.45687770843506,0.2256558835506440,7.083333333333330,1.3433333333333300,113.48102182207000,0.4370000064373020,91.93659722222220,0.0849567502737045,0.051069430126838,1.7297361411069300,21.264706814640800,3.0,,,,
41.5,-117.5,8.235950469970700,0.2201181352138520,7.5166666666666700,0.91,135.28119096807800,0.4370000064373020,98.10416666666670,0.0505348704755306,0.0820427416411265,1.7297361411069300,22.542080772621500,7.0,,,,
41.5,-116.5,7.599549770355230,0.2211465239524840,7.433333333333330,0.9433333333333340,145.17523552072400,0.4370000064373020,97.7382638888889,0.0340951643884182,0.0662226236119919,1.7297361411069300,23.71875349576040,9.0,,,,
41.5,-115.5,5.534759044647220,0.2233453094959260,6.983333333333330,2.643333333333330,148.2109768552150,0.4370000064373020,95.52041666666670,0.0109807979315519,0.1145837437341230,1.7297361411069300,21.880593154429300,10.0,,,,
41.5,-114.5,6.714560031890870,0.224040225148201,5.883333333333330,3.838333333333330,124.1200935491750,0.4370000064373020,96.16965277777780,0.013068757019937,0.0560908896948369,1.7297361411069300,8.725524871442820,4.0,,,,
41.5,-113.5,8.910096168518070,0.2239357084035870,7.633333333333330,1.975,79.62139542984950,0.4370000064373020,95.63237715573270,0.0494810566306114,0.0512555669911884,1.7297361411069300,0.0,4.0,,,,
41.5,-112.5,9.500441551208500,0.2322162091732030,8.116666666666670,0.9616666666666670,104.0455426962580,0.4120000004768370,95.52084937836950,0.0436490923166275,0.0773401136746816,1.7297361411069300,0.0,13.0,,,,
41.5,-111.5,3.768410682678220,0.2406919002532960,7.283333333333330,1.9733333333333300,233.5210670989840,0.4469999969005580,92.0842573628081,0.0186659358441829,0.2024694015704450,1.7297361411069300,19.498092561483500,27.0,1331.885578,0.7517128232967240,6.127186319,-2.215510237873660
41.5,-110.5,4.8375563621521,0.2333924472332,7.783333333333330,2.4000000000000000,142.6913532603940,0.4370000064373020,93.17555555555560,0.00567879807204,0.0484459340497253,1.7297361411069300,3.7513005262612300,9.0,,,,
41.5,-109.5,5.2645649909973100,0.2230638414621350,8.333333333333330,0.6016666666666670,95.52167617559710,0.4120000004768370,90.15805555555560,0.0244792345911264,0.0259952268454078,1.7297361411069300,0.0,1.0,,,,
41.5,-108.5,5.111115455627440,0.2174116671085360,8.033333333333330,0.6416666666666670,90.46020396236510,0.4120000004768370,90.0,0.0118676573038101,0.0287646677006021,1.7297361411069300,0.0,0.0,,,,
41.5,-107.5,4.893272399902340,0.2227067053318020,7.933333333333330,0.8,159.43521775862600,0.4120000004768370,89.52638888888890,0.0126216942444443,0.0931830678695237,1.7297361411069300,17.797002855685100,4.0,,,,
41.5,-106.5,3.184793710708620,0.226157009601593,7.683333333333330,1.106666666666670,280.38244904519600,0.4120000004768370,83.66031945316310,0.0111238872632384,0.1621051431428340,1.7297361411069300,13.581933580098700,7.0,,,,
41.5,-105.5,4.722095012664800,0.2257224023342130,7.466666666666670,1.4483333333333300,217.7261035290400,0.4370000064373020,91.27027777777780,0.0240595750510692,0.0599281197733113,1.7297361411069300,13.593954436709400,6.0,,,,
41.5,-104.5,8.142912864685060,0.2205133140087130,7.266666666666670,1.0716666666666700,256.5151598421360,0.4370000064373020,95.14833333333330,0.0375297665596008,0.0651106079018664,1.7297361411069300,11.930728688015500,11.0,1189.431812,0.37497669481256800,5.67149025,-2.253362722096690
41.5,-103.5,8.936081886291500,0.2127492874860760,7.333333333333330,1.2616666666666700,284.8913545078660,0.4370000064373020,97.91826388888890,0.0480138659477233,0.0496861560957517,1.1613942661718000,14.191248531479400,25.0,1261.873383,0.32791422499796000,5.15687145,-2.3258523200901200
41.5,-102.5,9.315534591674810,0.1987630724906920,7.683333333333330,1.0683333333333300,285.6526332786070,0.4370000064373020,96.73273106323840,0.0769923329353332,0.0499688203672406,1.1613942661718000,10.83725678999650,23.0,1351.929885,0.3328476072498920,5.166459061,-2.404747563167950
41.5,-101.5,9.122089385986330,0.1860588937997820,7.383333333333330,1.78,296.19868227347200,0.3860000073909760,95.51600252118500,0.0554151199758052,0.0773173717873628,1.1613942661718000,2.930000066757200,21.0,1314.331463,0.44571745421924500,5.172150088,-2.57642647076912
41.5,-100.5,8.97666072845459,0.1963995993137360,6.700000000000000,1.7583333333333300,321.7216239087180,0.3860000073909760,93.89166666666670,0.018408378586173,0.0904302173112627,1.1613942661718000,2.930000066757200,26.0,1053.022962,0.47830023418009600,5.156996557,-2.7128540326724900
41.5,-99.5,9.38171672821045,0.2169676125049590,6.333333333333330,0.9783333333333330,381.5520914747870,0.4370000064373020,90.62833333333330,0.0226185880601406,0.1407672227102770,1.1613942661718000,17.600000381469700,39.0,1339.386236,0.38607919450666400,6.19899247,-2.153846433639040
41.5,-98.5,9.290557861328120,0.2315816581249240,6.833333333333330,1.3483333333333300,379.3109773465730,0.4370000064373020,90.59625,0.021989107131958,0.2192007246452720,1.1613942661718000,10.029528938365600,60.0,1073.907241,0.5523202727018660,5.716840955,-2.5085531038452300
41.5,-97.5,9.824555397033690,0.253058522939682,6.233333333333330,1.5700000000000000,346.9889613229730,0.4370000064373020,90.55875,0.0244546439498662,0.2641129291855460,1.1613942661718000,9.184313710659980,84.0,652.2160538,0.8272216162030360,5.495539413,-2.6754307518921200
41.5,-96.5,9.931023597717280,0.2690336108207700,6.3500000000000000,2.03,350.0551201274980,0.4469999969005580,89.03944444444440,0.0344604589045047,0.2175839291488670,1.1613942661718000,27.56226157018540,80.0,619.9457434,0.8330985673849060,5.644304887,-2.6066002711781000
41.5,-95.5,9.573123931884770,0.2776252031326290,6.733333333333330,1.7666666666666700,358.00923380092300,0.4370000064373020,89.97770833333330,0.0322747789323329,0.2034064033121870,1.0131311683626300,22.46745425782090,87.0,512.6296013,0.9273855182659630,5.407310656,-2.696277974077020
41.5,-94.5,9.348600387573240,0.2837933301925660,6.4,1.85,416.5823259146850,0.4370000064373020,89.63395833333330,0.0281591415405273,0.2268720849067820,1.0131311683626300,31.5,82.0,395.7690226,1.0618521612050600,5.337905119,-2.8657880058199700
41.5,-93.5,9.833416938781740,0.2874775528907780,6.6000000000000000,1.7383333333333300,443.6061546307410,0.4370000064373020,88.255625,0.0307808369398117,0.2700334598544670,1.0131311683626300,28.94911545134140,77.0,510.3977578,0.9526831051597960,5.585376021,-2.6836271777286700
41.5,-92.5,9.59070110321045,0.289625734090805,6.25,2.216666666666670,452.0186636301000,0.4469999969005580,85.62076388888890,0.0237795412540435,0.2885517967553420,1.0131311683626300,21.601664578478500,81.0,456.4470551,0.9689477990500600,5.356107535,-2.9921682325344000
41.5,-91.5,9.96817111968994,0.2922340929508210,6.25,1.903333333333330,450.5787866824920,0.4469999969005580,84.93715277777780,0.0308767482638359,0.3078254707918930,1.0131311683626300,18.02542445724120,79.0,494.1810828,0.9567423603230410,5.373552075,-2.9394713536992600
41.5,-90.5,9.847208023071290,0.2991094291210170,6.200000000000000,1.7766666666666700,438.0325784149900,0.4469999969005580,86.48402777777780,0.0284643936902284,0.3093647665023200,1.0131311683626300,17.67296572198870,77.0,546.0933875,0.9521817700717990,5.411451396,-2.8336500127386100
41.5,-89.5,9.339262962341310,0.3024664521217350,6.1,1.9850000000000000,454.9066042422480,0.4469999969005580,86.9575,0.0218521412461996,0.3152608419666140,1.0131311683626300,18.032488519036800,80.0,417.3836625,1.1437887690665000,5.434128204,-2.864683263963330
41.5,-88.5,9.61896514892578,0.3013581037521360,6.15,2.611666666666670,428.5812368930720,0.4469999969005580,88.06715277777780,0.0226344242691993,0.3634311151278350,1.0131311683626300,21.500815473261100,73.0,773.3890239,0.9272887840421030,5.569002734,-2.5485464228042600
41.5,-87.5,9.776108741760250,0.2903453707695010,6.333333333333330,2.9850000000000000,304.3903603291110,0.4469999969005580,88.21680413305540,0.0804439783096313,0.3949274228181900,1.0131311683626300,17.37261932017330,45.0,2693.78093,0.403931801965878,6.133155674,-2.2900846443737700
41.5,-86.5,9.711559295654300,0.278784692287445,6.1,3.03,489.5772238213980,0.4189999997615810,85.36582937662740,0.0812285244464874,0.3964655295251450,1.0131311683626300,9.046455138982770,67.0,835.0715298,0.9469557584230190,5.234741316,-2.743898497275200
41.5,-85.5,9.225746154785160,0.2880610823631290,5.983333333333330,4.245,552.0997122317900,0.4469999969005580,81.55444444444440,0.0202022399753332,0.3910408913106180,1.0131311683626300,8.349219708043770,79.0,719.4275886,0.8777899874186660,5.564353861,-2.8265734056059600
41.5,-84.5,9.20131015777588,0.2924889028072360,6.416666666666670,2.2300000000000000,532.1609314911930,0.4469999969005580,82.0,0.0305237770080566,0.3538367533936970,1.0131311683626300,19.027029362054900,85.0,556.5192003,0.9951599784056620,5.766758402,-2.7290314696441300
41.5,-83.5,9.78736400604248,0.2910244762897490,6.65,2.4850000000000000,412.11048311336200,0.4469999969005580,82.0,0.024818867444992,0.3441960255649410,1.0131311683626300,23.100000381469700,68.0,1840.82534,0.45372894274080100,6.175010889,-2.2480025690209700
41.5,-82.5,10.127827644348100,0.2839067280292510,6.200000000000000,2.8400000000000000,245.35153796065100,0.4469999969005580,79.36560311284050,0.0282030571252107,0.2668667775524410,1.0131311683626300,15.899999618530300,34.0,,,,
41.5,-81.5,9.804512977600100,0.2842418253421780,6.083333333333330,2.785,306.3441880687550,0.4469999969005580,76.7422028353326,0.0300560314208269,0.4197661414808640,1.0131311683626300,11.898126860846400,27.0,3587.161222,0.2760504637680870,5.642310539,-2.6702349835627800
41.5,-80.5,8.825274467468260,0.2952111959457400,5.383333333333330,3.5883333333333300,580.6505981327070,0.4370000064373020,60.92095615192840,0.0236795246601104,0.5627489675778120,0.6671839401412450,6.250658694837500,36.0,1040.26602,0.8748243903587420,5.362664883,-3.3002380190080600
41.5,-79.5,8.266919136047360,0.3038434982299800,5.300000000000000,3.591666666666670,605.1012268182070,0.4370000064373020,40.28458333333330,0.0203448068350553,0.5861202256294800,0.6671839401412450,1.7506069122552400,17.0,535.5709632,1.3444535713025000,5.559489876,-3.691393460636670
41.5,-78.5,7.420619487762450,0.3088406920433040,4.483333333333330,6.453333333333330,603.9674456544690,0.4189999997615810,36.949305555555600,0.0138531727716326,0.5796274692559890,0.6671839401412450,0.0,7.0,,,,
41.5,-77.5,7.730161190032960,0.3055293262004850,4.65,5.195,632.0257814634370,0.4370000064373020,39.77486111111110,0.0179872438311576,0.4987844449736580,0.6671839401412450,0.0,11.0,,,,
41.5,-76.5,7.5112385749816900,0.3043833374977110,5.75,2.8116666666666700,670.1508304659300,0.4370000064373020,43.016041666666700,0.0254770535975694,0.5445334428027480,0.6671839401412450,0.0,26.0,565.8435894,1.2616581079474700,5.556719714,-3.5695254061940400
41.5,-75.5,7.594822406768800,0.2987183630466460,4.433333333333330,7.453333333333330,650.2570510990790,0.4370000064373020,42.83902777777780,0.0209389794617891,0.6808600634367640,0.6671839401412450,0.0,14.0,,,,
41.5,-74.5,8.971126556396480,0.2807627618312840,4.816666666666670,6.551666666666670,753.5501303120650,0.4189999997615810,38.803333333333300,0.0095824925228953,0.7385957017571240,0.6671839401412450,0.0,10.0,,,,
41.5,-73.5,9.411356925964360,0.2441953420639040,5.333333333333330,4.331666666666670,768.8010817537250,0.3860000073909760,39.94894486044930,0.0079625127837061,0.7335191767325320,0.6671839401412450,0.0,7.0,,,,
41.5,-72.5,9.751335144042970,0.2140516936779020,4.85,6.536666666666670,658.6468428317470,0.3860000073909760,29.124195804195800,0.0022329045459628,0.7579633247143910,0.6671839401412450,0.0,6.0,,,,
41.5,-71.5,9.860112190246580,0.1981021761894230,4.733333333333330,9.573333333333330,520.4504191292130,0.3860000073909760,27.86281679485560,0.0013629719614982,0.5637299624235000,0.6671839401412450,0.0,6.0,,,,
42.5,-123.5,11.603693962097200,0.2697301208972930,5.300000000000000,4.1000000000000000,867.3878287949320,0.4469999969005580,52.41388888888890,0.0229352172464132,0.7003079424980550,0.9389996194580490,0.0,2.0,,,,
42.5,-122.5,9.356085777282720,0.2640168070793150,6.200000000000000,3.618333333333330,673.2428234577070,0.4370000064373020,54.16713681241190,0.052015695720911,0.4127040772281190,0.9389996194580490,0.0,4.0,,,,
42.5,-121.5,6.606845378875730,0.2470277994871140,6.25,7.011666666666670,439.4779874642920,0.4189999997615810,88.26169819371360,0.0541268587112426,0.1153012148869780,0.9389996194580490,7.665505109907240,8.0,,,,
42.5,-120.5,6.754949569702150,0.2468908876180650,6.233333333333330,4.241666666666670,291.1386965814450,0.4370000064373020,89.02489336410040,0.0349271073937416,0.1093992259546120,0.9389996194580490,19.4980640493379,3.0,,,,
42.5,-119.5,7.527108669281010,0.2432178556919100,7.583333333333330,1.1733333333333300,129.37062380510900,0.4370000064373020,95.64888888888890,0.0338594987988472,0.03665384033292,0.9389996194580490,18.34999990463260,1.0,,,,
42.5,-118.5,8.397492408752440,0.2350000739097600,7.5166666666666700,1.335,140.65238886505700,0.4370000064373020,96.10222222222220,0.0226128976792097,0.0959987598939939,0.9389996194580490,16.45846007739300,3.0,,,,
42.5,-117.5,8.548686027526860,0.2298924326896670,7.7666666666666700,0.8433333333333330,127.862734578355,0.4370000064373020,97.31501780353280,0.0214844830334186,0.0474763918069464,0.9389996194580490,21.75085181831820,3.0,,,,
42.5,-116.5,6.89534330368042,0.2312879562377930,6.966666666666670,1.065,149.1317937291100,0.4370000064373020,92.89131944444440,0.03753262758255,0.0880171340891165,1.7297361411069300,19.89988170152200,4.0,,,,
42.5,-115.5,9.085140228271480,0.2297528088092800,8.283333333333330,0.6733333333333330,143.40708584087500,0.4120000004768370,95.46680555555560,0.0054869004525244,0.045483130566245,1.7297361411069300,20.0,7.0,,,,
42.5,-114.5,9.034274101257320,0.2291673719882970,7.533333333333330,1.086666666666670,213.23764631357100,0.4469999969005580,96.965,0.0185294616967439,0.1334943961491270,1.7297361411069300,13.445464363990600,34.0,915.4039133,0.5661228731584230,5.701643371,-2.1774779949943600
42.5,-113.5,8.366463661193850,0.2274312376976010,7.183333333333330,0.855,197.81869101297000,0.4370000064373020,97.46229118613270,0.0583411753177642,0.212863833589295,1.7297361411069300,9.542514978698950,31.0,870.6923753,0.6419672390358860,5.902899746,-2.053212634405270
42.5,-112.5,6.106969833374020,0.2296489775180820,7.783333333333330,1.1816666666666700,225.2594169456610,0.4370000064373020,89.56252226576420,0.0407884307205677,0.1537106112110190,1.7297361411069300,12.407467469450100,30.0,1181.945145,0.7067154976346110,6.688550027,-1.9593030074522500
42.5,-111.5,3.7745673656463600,0.2328996062278750,6.65,2.8550000000000000,275.4463977573420,0.4370000064373020,85.53405528640640,0.0159632358700037,0.1743564589598080,1.7297361411069300,16.267177210264500,25.0,1290.189612,0.7893950498056980,6.564855809,-2.2115408319736100
42.5,-110.5,1.0790107250213600,0.2315630614757540,6.85,5.468333333333330,229.94662920668600,0.4370000064373020,80.37333333333330,0.0010612499900162,0.2137422586801510,1.7297361411069300,17.57532587770390,11.0,,,,
42.5,-109.5,2.599323034286500,0.2257388532161710,7.35,1.9966666666666700,148.29753931973200,0.4120000004768370,86.84138888888890,2.04002432724337E-07,0.106249466300179,1.7297361411069300,5.176821505877020,4.0,,,,
42.5,-108.5,4.447610378265380,0.2207483947277070,6.766666666666670,3.858333333333330,144.3269211162260,0.4120000004768370,89.92368055555560,1.51316162373405E-05,0.0524568266860428,1.7297361411069300,15.16446869382050,3.0,,,,
42.5,-107.5,6.045591831207280,0.2229715883731840,7.5166666666666700,0.7183333333333330,135.50319414620600,0.4120000004768370,91.66208333333330,0.0161378197371959,0.0334700393878208,1.7297361411069300,16.7377012286748,1.0,,,,
42.5,-106.5,6.503686904907230,0.2267034500837330,7.5,1.1516666666666700,182.1979683776470,0.4120000004768370,91.72792093187430,0.0387403778731823,0.059158381154506,1.7297361411069300,25.35913419462140,4.0,,,,
42.5,-105.5,6.663694381713870,0.2268361449241640,7.633333333333330,1.1466666666666700,251.0630395019630,0.4370000064373020,93.616875,0.0365724973380565,0.0611119549158115,1.7297361411069300,40.080880065068000,10.0,,,,
42.5,-104.5,7.657241344451900,0.2216216623783110,7.066666666666670,1.1133333333333300,246.6466977181020,0.4370000064373020,96.76409722222220,0.0615968629717826,0.0462209293204206,1.7297361411069300,9.625381910280410,8.0,,,,
42.5,-103.5,8.03026294708252,0.2154779136180880,7.466666666666670,1.1333333333333300,278.32234576260300,0.4370000064373020,97.58,0.061713695526123,0.0533636010705136,1.1613942661718000,8.770000457763670,15.0,1128.391883,0.42979227700523800,5.185327018,-2.320176721283130
42.5,-102.5,8.384053230285650,0.203025072813034,7.616666666666670,1.2100000000000000,301.64232880922600,0.4370000064373020,96.74333333333330,0.1145410537719730,0.0603925129629006,1.1613942661718000,7.518808390680460,24.0,1415.419021,0.41740295862814600,5.08695179,-2.343755365730450
42.5,-101.5,8.454110145568850,0.1867377758026120,7.183333333333330,2.5516666666666700,291.4612719786700,0.3860000073909760,95.00888888888890,0.0644366592168808,0.0590583835261254,1.1613942661718000,2.930000066757200,21.0,1163.696356,0.6832285282868900,4.959023416,-2.617591206642160
42.5,-100.5,8.648205757141110,0.1922371685504910,7.183333333333330,1.3,311.89595076049800,0.3860000073909760,94.5275,0.0263264086097478,0.0701017315076361,1.1613942661718000,2.930000066757200,22.0,1214.904387,0.5102764707468960,5.032108031,-2.762626939947160
42.5,-99.5,9.10332202911377,0.2053552567958830,6.883333333333330,1.5683333333333300,367.361362424356,0.3860000073909760,93.29972222222220,0.0341263562440872,0.1295774988254040,1.1613942661718000,3.3176364513560000,30.0,1087.579819,0.5562029338591820,5.156130544,-2.736548481160910
42.5,-98.5,9.124966621398930,0.2202690541744230,6.9,2.026666666666670,410.8995803697020,0.4189999997615810,92.39395833333330,0.0201854612678289,0.1926996741928260,1.1613942661718000,8.365829067669110,58.0,1179.565561,0.5429640149680770,5.260771974,-2.741077334502910
42.5,-97.5,8.778166770935060,0.242601215839386,7.0,1.705,387.32108561483800,0.4370000064373020,91.37493055555560,0.0284571200609207,0.1984205071550820,1.1613942661718000,7.1849700644756700,83.0,1049.758893,0.6145918470088730,5.479590726,-2.541346319378580
42.5,-96.5,9.008667945861820,0.2624986469745640,7.050000000000000,1.9483333333333300,363.82323375218800,0.4370000064373020,90.37555555555560,0.0276307445019483,0.1747081228048480,1.1613942661718000,17.595061627023600,85.0,627.3178992,0.8787582565081700,5.628650208,-2.550994325807190
42.5,-95.5,8.432414054870610,0.2750687897205350,6.550000000000000,1.851666666666670,360.53820573587300,0.4370000064373020,90.47847222222220,0.0234702806919813,0.1904854074588960,1.0131311683626300,29.84000015258790,86.0,439.0739755,1.0444035963520300,5.337006118,-2.7992067357379100
42.5,-94.5,8.34521198272705,0.2838859558105470,6.9,2.625,344.66451977190300,0.4370000064373020,90.00104166666670,0.0231757722795009,0.2121980603793650,1.0131311683626300,26.399999618530300,75.0,365.0986623,1.2065439916526100,6.413973009,-2.1364796542712500
42.5,-93.5,8.12830924987793,0.2886812686920170,6.800000000000000,2.3116666666666700,374.0684846186900,0.4370000064373020,89.64180555555560,0.0285759698599576,0.2792499445401680,1.0131311683626300,23.27532521029970,75.0,347.3313773,1.1987624032396800,5.739416867,-2.599645284591270
42.5,-92.5,8.318741798400880,0.2901195287704470,6.716666666666670,2.6933333333333300,402.3433871047200,0.4370000064373020,89.3223611111111,0.0224506650120019,0.2990991590142570,1.0131311683626300,19.67476259672280,80.0,373.7185302,1.1208946362973600,5.357353017,-2.813720147332200
42.5,-91.5,8.203319549560550,0.2887521088123320,6.45,1.6216666666666700,456.15127707460300,0.4370000064373020,84.85541666666670,0.0292848292738199,0.352783303601359,1.0131311683626300,19.600211099216700,77.0,417.3260962,1.0733520501157900,5.502601693,-2.885978940654640
42.5,-90.5,8.414375305175780,0.2934763133525850,6.3500000000000000,1.865,526.5460000536820,0.4469999969005580,79.71930555555560,0.0275603402405977,0.3513610787555080,1.0131311683626300,21.32502620852520,74.0,619.6214544,0.9006157733807880,5.512067652,-2.924584597206380
42.5,-89.5,7.97532844543457,0.2953810095787050,6.4,1.83,506.2347494395230,0.4469999969005580,85.76506944444450,0.026263365522027,0.3527816837408790,1.1366837498702700,17.36146574041650,80.0,571.6099355,0.9985348036979910,5.643247659,-2.6893049470843000
42.5,-88.5,8.30141544342041,0.2867618203163150,6.4,4.975,470.90796824192400,0.4469999969005580,83.86527777777780,0.0176444929093122,0.3827716066786690,1.1366837498702700,11.711888510970500,71.0,854.6468161,0.9440839723860000,5.753779738,-2.561824568885480
42.5,-85.5,8.794232368469240,0.2696444392204280,5.333333333333330,3.4350000000000000,528.6664684354770,0.4469999969005580,77.65097222222220,0.017076451331377,0.4310595913416050,1.1366837498702700,5.64984152059443,66.0,930.6446939,0.889610537605189,5.786655251,-2.75968933151721
42.5,-84.5,8.445481300354000,0.2872999012470250,6.683333333333330,3.751666666666670,552.552666906315,0.4469999969005580,81.86541666666670,0.0199038032442331,0.3415464689865100,1.1366837498702700,8.635399738780850,76.0,690.4377676,1.3556515924106000,5.362585367,-2.9527073775402400
42.5,-83.5,8.824000358581540,0.2919792830944060,6.533333333333330,3.1216666666666700,394.92708777105600,0.4469999969005580,82.14371087080250,0.0220307745039463,0.3723010120789850,1.1366837498702700,23.64149927004750,54.0,2294.449424,0.5911173760565860,5.715936762,-2.387176684228870
42.5,-79.5,9.301888465881350,0.2934984862804410,7.083333333333330,1.8383333333333300,304.8303003941190,0.449999988079071,62.29363867684480,0.0229451470077037,0.3308808953275220,0.6671839401412450,19.13893443178040,23.0,,,,
42.5,-78.5,6.725271224975590,0.303293228149414,6.6000000000000000,3.413333333333330,543.1047265009720,0.4370000064373020,55.01726598173520,0.0248623173683881,0.573302649553439,0.6671839401412450,7.199999809265140,29.0,839.9637852,1.1242723005285400,5.585491525,-3.1740711197366800
42.5,-77.5,7.125001430511480,0.303073912858963,6.783333333333330,2.498333333333330,601.3993804832380,0.4370000064373020,57.398926402034200,0.0171368923038244,0.3837103497370780,0.6671839401412450,0.0,42.0,567.1300669,1.181996994230910,5.673525557,-3.2264662165108800
42.5,-76.5,7.935842037200930,0.3018774092197420,6.633333333333330,2.1783333333333300,590.5183293408170,0.4370000064373020,58.92053603766750,0.0206686463207006,0.4969780277370390,0.6671839401412450,7.992778781236190,40.0,813.9921449,1.0596470408819800,5.814324684,-3.0282625593619000
42.5,-75.5,7.006236553192140,0.2983245849609380,6.050000000000000,4.496666666666670,647.5513283884320,0.4370000064373020,48.300069444444400,0.0127111282199621,0.6533597361076340,0.6671839401412450,1.8006335361525500,29.0,545.4495972,1.4065461665034700,5.691463567,-3.3185941169704300
42.5,-74.5,6.539511203765870,0.2810863852500920,5.316666666666670,3.665,699.6451363012060,0.4370000064373020,48.39652777777780,0.0123921548947691,0.6789773300505410,0.6671839401412450,1.8006335361525500,22.0,708.8100332,1.315524352269670,5.735257717,-3.3437922936546400
42.5,-73.5,7.575759410858150,0.2495148926973340,5.5,2.768333333333330,742.1847863952210,0.4370000064373020,53.44680555555560,0.0114181311801075,0.6917020137565260,0.6671839401412450,3.099982424265210,15.0,,,,
42.5,-72.5,7.957590103149410,0.2235942035913470,4.200000000000000,10.853333333333300,796.0613551559230,0.3860000073909760,29.77704364939900,0.0033207202795892,0.7354508542502240,0.6671839401412450,0.0,5.0,,,,
42.5,-71.5,8.765806198120120,0.2127829790115360,4.783333333333330,6.006666666666670,661.2426299479270,0.3860000073909760,27.71545903807340,0.0016031250124797,0.7256585108146870,0.6671839401412450,0.0,7.0,,,,
43.5,-123.5,11.503220558166500,0.2684063613414760,5.45,5.335,903.3946363388960,0.4469999969005580,50.36069444444450,0.012303932569921,0.7831200937467100,0.9389996194580490,0.0,7.0,,,,
43.5,-122.5,8.35535717010498,0.2656719088554380,5.183333333333330,7.341666666666670,717.1554822630790,0.4189999997615810,34.44923611111110,0.0123171685263514,0.9459854531923690,0.9389996194580490,0.0,1.0,,,,
43.5,-121.5,5.639100551605230,0.245744526386261,5.866666666666670,5.535,480.9899241919680,0.4189999997615810,84.11395833333330,0.0458034165203571,0.2249389997052450,0.9389996194580490,5.124598489206100,1.0,,,,
43.5,-120.5,6.898298740386960,0.2470645606517790,6.783333333333330,1.8583333333333300,174.6306169355820,0.4370000064373020,96.48923611111110,0.1016141325235370,0.0492002477150121,0.9389996194580490,17.331372165076100,2.0,,,,
43.5,-119.5,7.498319149017330,0.2478131800889970,7.283333333333330,1.096666666666670,202.52785233870900,0.4370000064373020,95.6054643261608,0.1430224478244780,0.0498946619360166,0.9389996194580490,24.624330815343500,2.0,,,,
43.5,-118.5,7.323836803436280,0.2451042979955670,7.366666666666670,2.981666666666670,185.2286464252740,0.4370000064373020,96.34777777777780,0.0964396148920059,0.0689980808957613,0.9389996194580490,16.74717248841420,4.0,,,,
43.5,-117.5,8.66170883178711,0.2398954927921300,7.266666666666670,1.1433333333333300,148.03535714794500,0.4370000064373020,96.18777478371860,0.0888029709458351,0.0516794500501305,0.9389996194580490,26.33205304400070,8.0,,,,
43.5,-116.5,10.671771049499500,0.2384968101978300,7.133333333333330,1.528333333333330,232.74093895162100,0.4370000064373020,93.86222222222220,0.0604791678488254,0.1048344772637120,1.7297361411069300,14.313146878501300,31.0,1266.608638,0.42518933251257700,6.035871313,-2.018545780238300
43.5,-115.5,5.484057903289800,0.2438405752182010,6.5,2.256666666666670,252.4689147758660,0.4120000004768370,77.33743055555560,0.0003083798510488,0.1982811391803840,1.7297361411069300,10.828056611572500,13.0,,,,
43.5,-114.5,4.120596885681150,0.2444231212139130,5.85,3.8283333333333300,209.3311940371700,0.4469999969005580,80.07895833333330,0.0060872044414281,0.2041538312718910,1.7297361411069300,15.907443578755400,9.0,,,,
43.5,-113.5,5.52705717086792,0.2385819554328920,6.65,2.1016666666666700,135.68957021823500,0.4120000004768370,88.57347222222220,0.0522185005247592,0.0957971037852973,1.7297361411069300,15.66988206131800,7.0,,,,
43.5,-112.5,6.351097583770750,0.2303878664970400,7.816666666666670,1.1133333333333300,195.07359506334000,0.4469999969005580,99.1705566780464,0.0375473275780677,0.1694065833212240,1.7297361411069300,26.304564378869500,33.0,854.8054154,0.5982238435951580,5.845036846,-1.841192560846430
43.5,-111.5,4.3276848793029800,0.2349966168403630,7.416666666666670,2.311666666666670,316.7502450619100,0.4370000064373020,84.77228823570290,0.0052699362859129,0.2321093546181470,1.7297361411069300,16.00220293923980,35.0,1002.24115,0.8854869027832230,6.474688268,-2.2895410903691900
43.5,-110.5,0.3717608451843260,0.2393394112586980,6.0,3.648333333333330,313.2802331715270,0.4370000064373020,73.57418084657570,0.0004385206848382,0.3692120014738550,1.7297361411069300,15.502462599399800,10.0,,,,
43.5,-109.5,2.907259702682500,0.2363699078559880,6.45,4.818333333333330,209.19081409798200,0.4370000064373020,78.64479166666670,0.0001597175578353,0.2613471133568810,1.7297361411069300,26.90755866173070,3.0,,,,
43.5,-108.5,6.099741458892820,0.2283365428447720,7.716666666666670,1.6683333333333300,155.6208243473690,0.4370000064373020,93.48166666666670,0.0189090240746736,0.0275236453698409,1.7297361411069300,10.019278230010600,7.0,,,,
43.5,-107.5,5.530694961547850,0.2245589196681980,7.4,2.053333333333330,169.42285798536000,0.4370000064373020,94.00222222222220,0.0228493567556142,0.0524986423168157,1.7297361411069300,10.34923257285910,5.0,,,,
43.5,-106.5,7.418045520782470,0.2271451503038410,6.550000000000000,2.736666666666670,181.70790305505600,0.4120000004768370,92.48534722222220,0.0395361855626106,0.0311911301558087,1.7297361411069300,22.72990631659260,3.0,,,,
43.5,-105.5,7.388675689697270,0.2284358441829680,7.666666666666670,1.0550000000000000,193.51965087641000,0.4120000004768370,92.10527777777780,0.0530165247619152,0.0200194313246345,1.7297361411069300,20.07549102134690,1.0,,,,
43.5,-104.5,8.089028358459470,0.2261931002140050,7.316666666666670,1.195,215.93241862527600,0.4120000004768370,92.20534722222220,0.0451156497001647,0.0288189805100195,1.7297361411069300,3.801356166536460,8.0,,,,
43.5,-103.5,7.875495433807370,0.2242642641067510,7.400000000000000,1.4366666666666700,327.9505267939080,0.4469999969005580,94.175,0.0425905846059322,0.0614766192298485,1.1613942661718000,1.0996074355015300,12.0,1375.979877,0.49914529366600900,5.603927335,-2.472773020009010
43.5,-102.5,8.876818656921390,0.221716970205307,7.5166666666666700,1.405,257.2914130165680,0.4469999969005580,97.39493055555560,0.0785003378987312,0.0492573415803264,1.1613942661718000,42.2709743137932,9.0,1386.646397,0.37832916231941600,6.245203675,-1.9680170525942300
43.5,-101.5,8.805216789245610,0.2158698439598080,7.2,1.9366666666666700,309.2359892230630,0.4370000064373020,96.59465277777780,0.0549841113388538,0.0478333588838942,1.1613942661718000,29.045696061662800,19.0,1379.295374,0.4487498456224740,5.824056736,-2.172088513615340
43.5,-100.5,8.895840644836430,0.2188154757022860,7.083333333333330,1.5066666666666700,372.5142184074790,0.4469999969005580,93.07638888888890,0.0541726574301719,0.0668584865995047,1.1613942661718000,0.0,30.0,1769.266518,0.343801540135665,5.900031828,-2.184270258008290
43.5,-99.5,8.85399055480957,0.2254050225019460,7.366666666666670,1.9633333333333300,396.4280431901380,0.4469999969005580,92.1661111111111,0.0384483747184276,0.0909109834525217,1.1613942661718000,30.42114258366970,47.0,2091.339091,0.3281059739200900,5.767240638,-2.268461183484670
43.5,-98.5,8.583425521850590,0.2316367924213410,7.066666666666670,1.9983333333333300,412.2089860123040,0.4370000064373020,89.49625,0.0273110009729862,0.0823974924890458,1.1613942661718000,0.0,73.0,1405.098891,0.5173815760368610,5.757738381,-2.4103570423334400
43.5,-97.5,8.021932601928710,0.2418155968189240,6.966666666666670,1.875,392.25881140728300,0.4370000064373020,89.9948611111111,0.032500222325325,0.1207955473028430,1.1613942661718000,0.0,80.0,892.5110628,0.7447553116705100,5.52599321,-2.5777369026812400
43.5,-96.5,7.479841709136960,0.2617249488830570,6.6,2.2433333333333300,370.3927307026580,0.4370000064373020,91.64923611111110,0.0306017566472291,0.1619728963807240,1.0131311683626300,21.56506520785000,84.0,596.5598738,0.9817092172130790,5.267610143,-2.6851228945957800
43.5,-95.5,6.987037658691410,0.2727600932121280,6.666666666666670,2.456666666666670,346.28010299606,0.4370000064373020,90.74875,0.03165715187788,0.2111876732741780,1.0131311683626300,31.97698961378000,80.0,457.0558116,1.1889139862349900,5.51209396,-2.6603421225029700
43.5,-94.5,7.382761478424070,0.2804064154624940,6.9,3.173333333333330,353.135185682502,0.4370000064373020,90.0,0.0310482569038867,0.2315730261734240,1.1366837498702700,18.29999923706060,75.0,359.0209159,1.3337652172279200,5.924097967,-2.46287773905983
43.5,-93.5,7.124094009399410,0.2844363749027250,6.7,3.228333333333330,376.2666824393690,0.4370000064373020,88.90055555555560,0.0294200014322996,0.3047316996014820,1.1366837498702700,21.927425714519500,75.0,365.2708134,1.2998196478294500,6.081723883,-2.400346489651050
43.5,-92.5,6.919134140014650,0.2831860780715940,6.300000000000000,2.495,430.5668109542730,0.4370000064373020,87.60319444444440,0.0215497966855764,0.3498180989001880,1.1366837498702700,21.15076742714090,80.0,368.3672268,1.2120705697196900,5.690064681,-2.6907242550071900
43.5,-91.5,7.438131809234620,0.2787761092185970,6.3500000000000000,2.486666666666670,483.5216494989340,0.4469999969005580,78.75972222222220,0.0266125220805406,0.3532520251704700,1.0131311683626300,18.89909000433670,69.0,729.5809189,0.8367002748130300,5.571500962,-2.892911331828530
43.5,-90.5,7.126060485839840,0.2765522599220280,6.0,2.313333333333330,518.3695410597650,0.4469999969005580,77.44652777777780,0.0328233912587165,0.3580095075572270,1.1366837498702700,13.5,67.0,672.4786579,0.8699514715699680,5.289369508,-3.1216843134924800
43.5,-89.5,7.390079498291020,0.2676676511764530,6.3500000000000000,1.6533333333333300,497.8449902610270,0.4189999997615810,83.69652777777780,0.0347825996577739,0.3528513882050750,1.1366837498702700,5.875115991981600,67.0,739.8992409,0.8988662609495630,5.629764593,-2.684736335154630
43.5,-88.5,7.3591227531433100,0.264332503080368,6.25,2.765,492.3605439071720,0.4469999969005580,80.77618025751070,0.0171741005033254,0.3238110795336710,1.1366837498702700,11.60053537152450,73.0,1117.997511,0.7978434057240020,6.242800975,-2.408836597762600
43.5,-85.5,7.511368274688720,0.233529657125473,5.883333333333330,2.2583333333333300,594.0675387507540,0.4189999997615810,49.29625,0.0123320780694484,0.3723526004482900,1.1366837498702700,4.56488043663151,53.0,1055.484276,0.8762400910301260,6.250480843,-3.0304870569219600
43.5,-84.5,7.864293575286870,0.2562219798564910,6.183333333333330,2.9066666666666700,528.1152769925990,0.4189999997615810,53.18097222222220,0.0113730356097221,0.2924856777462920,1.1366837498702700,4.14851896662699,71.0,783.5444437,1.118400546738480,6.61375901,-2.8153202342617600
43.5,-83.5,7.968588352203370,0.2688471972942350,7.433333333333330,3.253333333333330,398.9982498816390,0.4189999997615810,55.22874458874460,0.027060879394412,0.2748983634352580,1.1366837498702700,10.617600652085300,62.0,2168.55818,0.6796050764180830,7.513140293,-1.9443721674020500
43.5,-78.5,8.850908279418950,0.2766632735729220,6.283333333333330,3.2616666666666700,243.93025619660400,0.4120000004768370,77.63035019455250,0.0248623173683881,0.1741979504946420,0.6671839401412450,19.170000076293900,27.0,,,,
43.5,-77.5,9.142067909240720,0.2780766487121580,6.183333333333330,3.531666666666670,183.0537958082960,0.4120000004768370,74.299878098334,0.0171368923038244,0.1601313090634840,0.6671839401412450,0.0,17.0,,,,
43.5,-76.5,8.539498329162600,0.2852024435997010,5.933333333333330,3.648333333333330,317.9010998979540,0.4120000004768370,59.90371260683760,0.0115329129621386,0.4174683345451610,0.6671839401412450,6.300000190734860,17.0,,,,
43.5,-75.5,5.772241115570070,0.275223046541214,5.566666666666670,5.088333333333330,638.8312172289500,0.3860000073909760,45.800127127622000,0.0049060867168009,0.8044000485423140,0.6671839401412450,2.6626650893819500,20.0,476.8518095,1.563025627244230,6.320291615,-3.1275298155627500
43.5,-74.5,4.526791572570800,0.2646819949150090,4.733333333333330,6.841666666666670,691.1325196814130,0.4189999997615810,39.57116672541420,0.009038888849318,0.8075472709691600,0.6671839401412450,0.0,4.0,,,,
43.5,-73.5,7.380109310150150,0.2571569383144380,5.2,5.1000000000000000,720.8806762266700,0.4189999997615810,51.93730164327530,0.0084803793579339,0.6502665690744480,0.6671839401412450,2.674045248890020,13.0,,,,
43.5,-72.5,6.382969379425050,0.241636723279953,4.15,15.031666666666700,783.9981956146920,0.4189999997615810,36.35472222222220,0.0056682378053665,0.7032833089622990,0.6671839401412450,1.399999976158140,4.0,,,,
43.5,-71.5,6.887483596801760,0.2287319898605350,4.333333333333330,8.145000000000000,795.4476731682130,0.4189999997615810,36.013156958964500,0.0053309984505176,0.7288873840334070,0.6671839401412450,0.0,3.0,,,,
43.5,-70.5,7.703807353973390,0.2151496410369870,4.95,5.033333333333330,520.7960279011330,0.4189999997615810,32.818762387139400,0.0059543908573687,0.5743642595888990,0.6671839401412450,0.0,6.0,,,,
44.5,-123.5,10.194973945617700,0.2677544951438900,5.1,7.6,839.4014723765970,0.4370000064373020,52.85381944444450,0.0201112646609544,1.0350241595807800,0.9389996194580490,0.0,21.0,881.2956902,1.2098270968501000,5.77978543,-3.1441406533654400
44.5,-122.5,9.32058811187744,0.2703596353530880,5.75,2.5966666666666700,758.5415605455890,0.4469999969005580,40.80895833333330,0.0175317749381065,1.3396279724905200,0.9389996194580490,0.0,11.0,1136.848591,1.2349039829011900,6.088549224,-3.3732370703489400
44.5,-121.5,7.747379302978520,0.2609195113182070,5.333333333333330,10.993333333333300,444.5884442481540,0.4189999997615810,71.82166666666670,0.0479667969048023,0.5257431815836970,0.9389996194580490,15.106393416154000,5.0,,,,
44.5,-120.5,6.099010467529300,0.2573317885398870,6.683333333333330,2.0616666666666700,322.85734262022000,0.4370000064373020,94.55902777777780,0.0747542232275009,0.075576956578711,0.9389996194580490,27.00234943734860,3.0,,,,
44.5,-119.5,7.430654048919680,0.2586230039596560,6.266666666666670,4.196666666666670,350.1858377162090,0.4370000064373020,90.64111111111110,0.0491886958479881,0.0805491159469926,0.9389996194580490,29.41548221384990,2.0,,,,
44.5,-118.5,4.893197536468510,0.2621141970157620,6.833333333333330,3.5166666666666700,436.6979023322270,0.4370000064373020,85.66527777777780,0.0221405215561389,0.1708164052194890,0.9389996194580490,20.08231987232390,2.0,,,,
44.5,-117.5,7.367448329925540,0.2586280703544620,6.266666666666670,3.825,235.02690235790300,0.4370000064373020,96.71465277777780,0.0355817154049873,0.1042634003622730,0.9389996194580490,27.87348104811860,12.0,,,,
44.5,-116.5,8.465339660644530,0.2601215243339540,6.383333333333330,3.225,313.89676713067900,0.4370000064373020,84.89048611111110,0.0205800086259841,0.2015161278650210,1.7297361411069300,20.003102778270200,12.0,,,,
44.5,-115.5,1.7643370628356900,0.2499726712703700,6.133333333333330,3.486666666666670,381.4502326018280,0.4189999997615810,43.67104166666670,0.0079202614724636,0.4574695500656360,1.7297361411069300,1.2504518148747300,2.0,,,,
44.5,-114.5,1.1373848915100100,0.250609278678894,6.133333333333330,3.815,271.1375555711230,0.4370000064373020,66.85895833333330,1.12943075691874E-06,0.2267149290169070,1.7297361411069300,13.296532107630700,2.0,,,,
44.5,-113.5,1.309319019317630,0.2460287809371950,7.433333333333330,2.0516666666666700,203.9372584272890,0.4370000064373020,91.51618055555560,1.80929185208175E-14,0.159771715524672,1.7297361411069300,15.388664540158600,7.0,,,,
44.5,-112.5,2.313374280929570,0.2399971038103100,7.616666666666670,1.8866666666666700,215.08807390287700,0.4370000064373020,92.30597222222220,0.0011728941462934,0.133783880351491,1.7297361411069300,13.188015447868600,16.0,,,,
44.5,-111.5,2.078251838684080,0.2430911213159560,6.983333333333330,1.985,332.69459751451700,0.4370000064373020,74.67613318410740,0.0029747257940471,0.3344467341370890,1.7297361411069300,10.78299431410730,12.0,,,,
44.5,-110.5,0.5552056431770330,0.2451120913028720,5.75,2.4716666666666700,300.4291578679010,0.4370000064373020,66.04953447774220,1.95165281505205E-12,0.43875810831537,1.7297361411069300,5.25,4.0,,,,
44.5,-109.5,2.691612243652340,0.2440030574798580,5.483333333333330,2.9733333333333300,232.6961907691120,0.4370000064373020,76.029375,0.0015927815111353,0.2762235163194200,1.7297361411069300,15.500000000000000,4.0,,,,
44.5,-108.5,7.072371006011960,0.2364658713340760,7.966666666666670,1.405,139.9320092584530,0.4469999969005580,93.73430555555560,0.0038907877169549,0.0155023327450145,1.7297361411069300,3.75135544462418,8.0,,,,
44.5,-107.5,1.6983963251113900,0.230864942073822,7.633333333333330,1.2483333333333300,280.82881124397700,0.4370000064373020,77.91222222222220,0.0110563486814498,0.1670091005276890,1.7297361411069300,13.298517761143100,9.0,,,,
44.5,-106.5,7.046289443969730,0.2316126823425290,6.733333333333330,2.9433333333333300,251.3483201882760,0.4120000004768370,89.76451388888890,0.0331679061055183,0.0355709472584286,1.7297361411069300,9.96182146940491,12.0,,,,
44.5,-105.5,7.249025344848630,0.2293465435504910,7.166666666666670,1.5783333333333300,234.5536774128680,0.4120000004768370,92.47055555555560,0.0634055212140083,0.0317248302044619,1.7297361411069300,16.779598998151300,11.0,,,,
44.5,-104.5,6.34313440322876,0.2273710221052170,6.883333333333330,1.685,307.5722775231400,0.4120000004768370,91.00152777777780,0.0487886033952236,0.0763480689507728,1.7297361411069300,0.0,13.0,,,,
44.5,-103.5,8.081425666809080,0.2269051820039750,6.65,1.3333333333333300,343.55344104970400,0.4469999969005580,94.86916666666670,0.0356073714792728,0.0938751506751515,1.1613942661718000,18.57849685646450,14.0,1669.083468,0.5198212998160100,5.412932989,-2.4040805246614400
44.5,-102.5,8.068395614624020,0.2281299531459810,6.75,1.7366666666666700,282.493607156533,0.4469999969005580,98.71708333333330,0.0543511845171451,0.050178324812221,1.1613942661718000,15.474404266993200,12.0,1108.887589,0.4937404936945820,5.313976188,-2.1030108557446100
44.5,-101.5,8.233357429504400,0.2266535013914110,7.483333333333330,1.4633333333333300,287.7847506103920,0.4469999969005580,98.54548611111110,0.0499503016471862,0.0605431273023348,1.1613942661718000,37.71097861879020,11.0,1223.975691,0.4718464339878800,5.518473244,-2.007789284120660
44.5,-100.5,8.439347267150880,0.2299276292324070,7.333333333333330,1.5066666666666700,281.1650630123850,0.4469999969005580,93.08215277777780,0.0658476576209068,0.0589919930540596,1.1613942661718000,20.415000915527300,21.0,2872.581849,0.13473057778948400,5.932778449,-1.968907618765700
44.5,-99.5,7.127488613128660,0.2331992387771610,7.066666666666670,1.7400000000000000,362.1192546907800,0.4370000064373020,90.20326388888890,0.0443650856614112,0.0756038346319374,1.1613942661718000,0.0,39.0,1514.757498,0.5011716003548270,5.975970036,-2.234241828174710
44.5,-98.5,7.349796295166020,0.236046016216278,6.866666666666670,2.12,412.2600774485180,0.4370000064373020,90.09118055555560,0.0298138782382011,0.0953194030057616,1.1613942661718000,0.0,78.0,1088.537535,0.6674658239735100,5.707877703,-2.433936030940290
44.5,-97.5,6.600245952606200,0.247442677617073,6.933333333333330,2.3316666666666700,385.4972105133810,0.4370000064373020,90.95173611111110,0.0349711701273918,0.1310050092989480,1.1613942661718000,0.0,77.0,1124.670643,0.7380582291630520,5.523549994,-2.458243067250760
44.5,-96.5,6.116241931915280,0.2598887979984280,7.033333333333330,2.7666666666666700,401.9320981106820,0.4370000064373020,92.41881944444440,0.0400550663471221,0.1796426801185400,1.1613942661718000,8.152945451375610,79.0,587.2772669,1.0840522241807700,5.592200304,-2.4707654201411900
44.5,-95.5,7.004187107086180,0.2676796317100530,7.183333333333330,2.8033333333333300,365.02394142161000,0.4370000064373020,91.72729166666670,0.0340336561203002,0.1906997073516770,1.1366837498702700,24.95052391445090,75.0,448.3773049,1.2642633034873800,6.08391332,-2.2328290989031100
44.5,-94.5,6.99778938293457,0.2708541452884670,7.050000000000000,3.306666666666670,380.8071258847610,0.4370000064373020,89.80444444444440,0.0129434382542967,0.220162848531944,1.1366837498702700,26.399999618530300,71.0,478.3841867,1.251177709627890,6.684042983,-1.9039581537892000
44.5,-93.5,6.647640228271480,0.2721252143383030,6.333333333333330,2.96,399.423862337536,0.4469999969005580,83.93743055555560,0.0233323723077774,0.3170168222793500,1.1366837498702700,21.356759526643700,66.0,1152.556626,0.7586351659320380,5.787137499,-2.462150036246130
44.5,-92.5,6.896743297576900,0.2716136872768400,6.016666666666670,2.713333333333330,478.6743945178550,0.4469999969005580,81.16416666666670,0.0187171790748834,0.3171009467857180,1.1366837498702700,15.785319732426100,74.0,778.5652941,0.855669505527515,5.779640045,-2.7009521724389000
44.5,-91.5,6.734775066375730,0.2704493105411530,5.95,1.8033333333333300,498.1906624099380,0.4469999969005580,79.518125,0.0369088277220726,0.3041851372174450,1.1366837498702700,16.670000076293900,68.0,835.8088281,0.8085273296155170,5.631228699,-2.8246543476550700
44.5,-90.5,5.840364456176760,0.264920562505722,5.25,2.615,494.91532004191600,0.4189999997615810,84.3680405922013,0.0367320924997329,0.310334541400984,1.1366837498702700,5.701843512007410,55.0,592.0516166,1.0063277438635300,4.510215883,-3.394059449744680
44.5,-89.5,6.400632381439210,0.2536018490791320,5.333333333333330,2.1966666666666700,501.65977484007600,0.4189999997615810,85.52779717837690,0.0277620609849691,0.3287578531473120,1.1366837498702700,5.508062983996170,61.0,1005.76926,0.765466725638432,5.124747752,-3.0482662066656100
44.5,-88.5,6.623890399932860,0.2438227087259290,5.583333333333330,1.8266666666666700,483.132324501667,0.449999988079071,70.97946298984030,0.014760011807084,0.2771773576789180,1.1366837498702700,68.32495319726620,63.0,2336.652039,0.4346048423315760,5.490010761,-3.0533650561441800
44.5,-85.5,6.620871067047120,0.2015380859375,5.550000000000000,5.16,663.6825654719840,0.4189999997615810,44.70655312847090,0.0102944308891892,0.3622284009286350,1.1366837498702700,0.0,34.0,2703.58178,0.4974767122016180,5.525145302,-3.387104702785750
44.5,-84.5,6.187376022338870,0.2151751667261120,5.233333333333330,3.3483333333333300,561.8935519180100,0.4189999997615810,47.058765847166800,0.0082908058539032,0.3048581183334720,1.1366837498702700,0.0,24.0,,,,
44.5,-83.5,6.766403675079350,0.220363900065422,5.4,3.0533333333333300,280.4163103604840,0.4189999997615810,46.97810643996740,0.0171817913651466,0.2048512924906660,1.1366837498702700,0.0,17.0,6525.252246,0.07738208340470750,6.06457036,-2.7951291571208700
44.5,-75.5,6.582249164581300,0.2739613652229310,6.116666666666670,3.14,627.7109594768540,0.4370000064373020,58.66555973728880,0.0111564621329307,0.3927338057063430,0.6671839401412450,7.54886137888368,28.0,981.9823323,1.0295211058623300,6.273468675,-2.8900478624260800
44.5,-74.5,4.590102672576900,0.2703032493591310,5.633333333333330,4.621666666666670,676.5397768372220,0.4189999997615810,38.41680695847360,0.0056694238446652,0.6309694848020700,0.6671839401412450,0.0,7.0,,,,
44.5,-73.5,6.748999118804930,0.2648950219154360,4.65,5.950000000000000,603.5818277199700,0.4189999997615810,48.290482274033900,0.0118693364784121,0.5609955661029250,0.6671839401412450,2.7509939927244000,15.0,1562.151457,0.9630564732809550,6.126283947,-3.1561346590876500
44.5,-72.5,5.169504642486570,0.2590899765491490,5.033333333333330,8.865,718.986540026491,0.4189999997615810,37.038142966520500,0.0060308412648737,0.7511872464013340,0.6671839401412450,3.7736354952450900,10.0,,,,
44.5,-71.5,4.786599636077880,0.2464987933635710,5.083333333333330,6.62,726.1926438324860,0.4189999997615810,36.79756944444440,0.0055428422056138,0.8345844344022380,0.6671839401412450,0.0,3.0,,,,
44.5,-70.5,5.64706563949585,0.2378622591495510,4.3,14.48,727.4833936698880,0.4189999997615810,36.008344435874100,0.0090296091511845,0.7917928331928080,0.6671839401412450,5.424665609326220,5.0,,,,
44.5,-69.5,6.704622745513920,0.2330038845539090,4.783333333333330,6.123333333333330,720.8352723852960,0.4189999997615810,32.07236795336600,0.0079562710598111,0.7042886377955260,0.6671839401412450,0.0,9.0,,,,
44.5,-68.5,6.8319525718689000,0.2318729758262630,4.833333333333330,7.565,450.3244907783960,0.4189999997615810,33.21990592260000,0.0042583947069942,0.6948213149666390,0.6671839401412450,6.001445633423480,3.0,,,,
45.5,-123.5,8.542682647705080,0.2740575969219210,5.300000000000000,6.036666666666670,871.6473405403070,0.4370000064373020,47.913803019410500,0.0166601706296205,1.5833829289525600,0.9389996194580490,0.0,13.0,820.6529186,1.2572507684412600,5.228364766,-3.5775914512601800
45.5,-122.5,11.675994873046900,0.2776477336883550,5.483333333333330,4.766666666666670,675.082411949344,0.4469999969005580,58.732013888888900,0.0228540729731321,1.0823538248738200,0.9389996194580490,3.026106283341180,20.0,1387.529376,1.0052906612777200,5.971914207,-2.9510377109133200
45.5,-121.5,7.39871072769165,0.2592014074325560,5.183333333333330,6.125,563.7142608045220,0.4189999997615810,63.71055555555560,0.0364518463611602,0.756601131698064,0.9389996194580490,9.996343180367360,6.0,,,,
45.5,-120.5,10.464478492736800,0.2522259354591370,6.6000000000000000,1.4183333333333300,228.24874311178000,0.4370000064373020,89.94840277777780,0.0580867603421211,0.0530063542426878,0.9389996194580490,12.60404741755220,14.0,1013.571275,0.5135486967715950,6.120130312,-2.396850023392610
45.5,-119.5,10.340378761291500,0.2536453008651730,7.1,0.96,280.4128607282870,0.4370000064373020,89.85347222222220,0.0757043808698654,0.083561579992495,0.9389996194580490,12.185785865797200,20.0,1349.74297,0.5023657826198100,6.052337759,-2.255098032015100
45.5,-118.5,7.383384704589840,0.2667813003063200,7.6,0.995,390.283870851598,0.4370000064373020,86.16902777777780,0.0188057385385036,0.2154458190446810,0.9389996194580490,17.253170169411200,20.0,961.40487,0.8719638815805480,6.011992312,-2.486014979019150
45.5,-117.5,5.548593044281010,0.2707696557044980,6.65,1.6800000000000000,406.9107147403010,0.4370000064373020,85.04534722222220,0.0120261842384934,0.3007761118704820,0.9389996194580490,12.670000076293900,7.0,,,,
45.5,-116.5,6.591371536254880,0.2691847085952760,6.783333333333330,2.685,399.22205370589600,0.4370000064373020,81.05944444444440,0.0453167334198951,0.2543646778781310,1.7297361411069300,17.98813532471000,6.0,,,,
45.5,-115.5,3.538474798202510,0.2547730207443240,5.983333333333330,3.983333333333330,455.5189093433140,0.4189999997615810,46.200625,0.0133015001192688,0.4070811271954320,1.7297361411069300,8.300000190734860,1.0,,,,
45.5,-114.5,2.212181806564330,0.2430787086486820,5.950000000000000,3.5950000000000000,407.8608123337950,0.4189999997615810,46.80993055555560,0.01170733012259,0.3695644241278560,1.7297361411069300,4.063016525738240,1.0,,,,
45.5,-113.5,2.296177625656130,0.2382269352674480,5.883333333333330,2.833333333333330,383.32824271803700,0.4370000064373020,70.56326388888890,0.0002800575457513,0.2146460471099000,1.7297361411069300,15.350017950294700,6.0,,,,
45.5,-112.5,5.703128814697270,0.2417632639408110,5.966666666666670,2.46,290.40384357526200,0.4370000064373020,80.75236111111110,0.0123583674430847,0.1016350474781040,1.7297361411069300,6.773893907393690,12.0,,,,
45.5,-111.5,4.643504142761230,0.2471947073936460,8.05,1.6733333333333300,336.7464512225890,0.4370000064373020,77.70215277777780,0.0171275604516267,0.1955439343098110,1.7297361411069300,6.1244789031326000,16.0,1044.521952,0.776645064649806,6.875328082,-2.2803567730486200
45.5,-110.5,3.780736207962040,0.2496590912342070,7.8,1.4183333333333300,343.184856703572,0.4370000064373020,78.21444444444440,0.0079558538272976,0.2694148396192880,1.7297361411069300,25.6214254589486,10.0,,,,
45.5,-109.5,7.311275005340580,0.248422086238861,7.116666666666670,1.8183333333333300,268.1008237354470,0.4370000064373020,88.03055555555560,0.0201154388487339,0.1719758296255380,1.7297361411069300,26.218272236188300,13.0,1159.642817,0.6978465745557420,5.86445994,-2.437764396226760
45.5,-108.5,7.450514316558840,0.24186772108078,7.416666666666670,1.1916666666666700,243.93272452404700,0.4370000064373020,88.28909722222220,0.0540867857635021,0.0497828173057158,1.7297361411069300,25.365621430386000,14.0,1037.925925,0.5992530556036740,6.480186262,-2.0573736829616200
45.5,-107.5,7.913197040557860,0.2366357445716860,7.133333333333330,1.4733333333333300,290.0028273862610,0.4370000064373020,93.07395833333330,0.0464355200529098,0.0547215300422175,1.7297361411069300,6.497623067238790,20.0,960.7841856,0.6536874512899170,6.195017888,-1.996413550225200
45.5,-106.5,7.196481704711910,0.232877492904663,7.266666666666670,1.163333333333330,269.2511476133600,0.4120000004768370,96.9576388888889,0.0494949929416179,0.043078019218063,1.7297361411069300,4.313422139528050,17.0,,,,
45.5,-105.5,7.588308811187740,0.2285165339708330,7.416666666666670,1.3483333333333300,260.48593037748000,0.4370000064373020,96.30041666666670,0.0521968193352222,0.033628755648107,1.7297361411069300,20.0,15.0,,,,
45.5,-104.5,7.880734920501710,0.2280125021934510,7.35,1.36,253.53092747333400,0.4370000064373020,96.53034722222220,0.0598438084125518,0.050821122571349,1.7297361411069300,32.5,13.0,964.0272938,0.5392641556552980,6.004892244,-2.2524606891530200
45.5,-103.5,7.158866882324220,0.2242497205734250,7.450000000000000,1.27,267.92642838765900,0.4370000064373020,94.69916666666670,0.0426477827131748,0.0376685672193097,1.1613942661718000,0.0,15.0,1049.826277,0.5192247492082820,5.882496313,-2.2581296386799300
45.5,-102.5,6.891105651855470,0.2226636409759520,7.383333333333330,1.4283333333333300,300.7471228559520,0.4370000064373020,97.71840277777780,0.0538649410009384,0.0359249429705041,1.1613942661718000,19.799999237060500,24.0,1082.760807,0.49466507416797800,5.181742678,-2.2446235264086900
45.5,-101.5,6.997396469116210,0.225237488746643,6.9,1.721666666666670,311.81706893371100,0.4370000064373020,97.59618055555560,0.0562932193279266,0.0464794866777772,1.1613942661718000,22.0,22.0,983.4881525,0.5712004393885240,5.153895914,-2.267585479627660
45.5,-100.5,7.10989236831665,0.2289186269044880,7.066666666666670,1.65,310.05868540280500,0.4370000064373020,93.58118055555560,0.0238418318331241,0.0595120287254507,1.1613942661718000,40.62507496547210,25.0,2244.952716,0.27506942154333800,5.827192199,-2.017696415036120
45.5,-99.5,5.975295543670650,0.2336313724517820,7.066666666666670,1.8033333333333300,392.7820564455660,0.4370000064373020,89.98708333333330,0.0239903591573238,0.0829591733585449,1.1613942661718000,20.0,72.0,1083.483728,0.7089458048601950,5.949200191,-2.2882624116566200
45.5,-98.5,6.279899597167970,0.2408061921596530,7.133333333333330,3.0316666666666700,387.9965882266320,0.4120000004768370,91.85125,0.0296947658061981,0.0872545571264777,1.1613942661718000,10.800292736375200,86.0,677.5379743,1.0078373055335700,5.688444316,-2.400656059290010
45.5,-97.5,5.858307361602780,0.2526163160800930,7.083333333333330,2.74,390.9116749958190,0.4370000064373020,92.56138888888890,0.0282904561609029,0.1554239227928250,1.1613942661718000,12.550201315884400,75.0,901.9702483,0.9175134543906580,5.626506477,-2.392432975207960
45.5,-96.5,6.356109619140630,0.2599419057369230,7.216666666666670,2.833333333333330,366.31830090472100,0.4370000064373020,92.80395833333330,0.037860594689846,0.1584791476870820,1.1366837498702700,18.136760987730200,74.0,584.0774072,1.1183656149034300,5.763059483,-2.341561156258020
45.5,-95.5,6.11126184463501,0.2627297043800350,7.233333333333330,3.385,389.5758846465550,0.4370000064373020,90.28756944444440,0.0268464479595422,0.1988982301022460,1.1366837498702700,17.17467926534270,73.0,600.7919459,1.094353895936000,5.932343554,-2.3387278864997100
45.5,-94.5,6.248478412628170,0.2625487148761750,7.133333333333330,2.691666666666670,451.3045511910570,0.4370000064373020,82.08236111111110,0.0151335699483752,0.2582147293519680,1.1366837498702700,12.699140695017700,74.0,629.9657236,0.9860240015017640,5.843541721,-2.7440444865207800
45.5,-93.5,6.070258617401120,0.261442482471466,5.700000000000000,1.995,456.3909402267180,0.4189999997615810,80.15930555555560,0.0216526389122009,0.3038827159217890,1.1366837498702700,4.8455832913521000,66.0,801.5370853,0.8540853892459730,5.625854464,-2.8376681968543700
45.5,-92.5,5.808309555053710,0.2660243511199950,5.583333333333330,2.266666666666670,477.4337270879370,0.4469999969005580,72.83340277777780,0.0124781308695673,0.2898937379502340,1.1366837498702700,9.607243423094970,58.0,685.6097466,0.9305046814058980,5.409645212,-3.253494424665960
45.5,-91.5,5.237327098846440,0.2668602764606480,5.35,3.321666666666670,459.4284951018230,0.4469999969005580,74.84752098173360,0.0075430390425026,0.3096736459267440,1.1366837498702700,9.149396720093170,44.0,719.6962182,0.9362287640844510,5.289663933,-3.375287679817250
45.5,-90.5,4.753167629241940,0.2558040916919710,5.050000000000000,2.751666666666670,456.8455159834300,0.4469999969005580,67.31416666666670,0.0062724095769226,0.2988368781596220,1.1366837498702700,12.149506663083300,29.0,842.2207883,0.889310752884859,5.379600457,-3.423588446178640
45.5,-89.5,4.603633880615230,0.2371659874916080,5.15,2.7383333333333300,472.8979438106040,0.3860000073909760,49.62972222222220,0.003468295559287,0.292419706920009,1.1366837498702700,6.13520660070624,28.0,,,,
45.5,-88.5,4.708863735198980,0.2201717793941500,4.8500000000000000,2.816666666666670,463.30589620046800,0.4189999997615810,35.428333333333300,0.0030422857962548,0.2487852767346200,1.1366837498702700,6.699999809265140,14.0,,,,
45.5,-87.5,5.929463863372800,0.2090598344802860,5.75,2.85,482.1547670418000,0.4189999997615810,35.41546711826140,0.0033082056324929,0.2058885970838830,1.1366837498702700,140.60000610351600,19.0,,,,
45.5,-84.5,6.186121463775640,0.1929479986429210,5.433333333333330,3.76,413.01822657025700,0.4189999997615810,45.47025067955300,0.0069215428084135,0.3208317347631330,1.1366837498702700,5.5,18.0,,,,
45.5,-70.5,3.094207763671880,0.2515614926815030,5.216666666666670,6.665000000000000,685.582420802335,0.4189999997615810,34.443263888888900,0.0035586152225732,0.5321153984613220,0.6671839401412450,0.0,5.0,,,,
45.5,-69.5,3.838420629501340,0.2476359605789180,4.833333333333330,9.41,656.7726718179530,0.4189999997615810,36.436124963332400,0.0040415292605757,0.7249573000549970,0.6671839401412450,0.0,2.0,,,,
45.5,-68.5,5.423042297363280,0.2528150379657750,4.783333333333330,8.613333333333330,671.3979300882260,0.4189999997615810,36.87774316862520,0.0045911134220659,0.6967551111921850,0.6671839401412450,0.0,2.0,,,,
45.5,-67.5,5.46891450881958,0.2677829265594480,4.833333333333330,5.966666666666670,622.072532802062,0.4370000064373020,36.71985789893420,0.0038948988076299,0.3428051465495650,0.6671839401412450,0.0,2.0,,,,
46.5,-123.5,9.30162525177002,0.2794623672962190,5.383333333333330,6.12,874.7622937458830,0.4370000064373020,46.17942710301570,0.015841880813241,1.4509224033545200,0.9389996194580490,0.0,3.0,,,,
46.5,-122.5,9.275842666625980,0.2830117046833040,5.6,4.403333333333330,813.570821523462,0.4469999969005580,45.98708333333330,0.0169230308383703,1.1725623529905500,0.9389996194580490,4.376616806469860,6.0,,,,
46.5,-121.5,4.763606548309330,0.2627125084400180,5.066666666666670,5.623333333333330,587.248788432194,0.4189999997615810,45.6138880999716,0.0058251139707863,1.157370782733230,0.9389996194580490,0.0,1.0,,,,
46.5,-120.5,10.407124519348100,0.2517304420471190,5.683333333333330,4.161666666666670,311.4023780144390,0.4370000064373020,85.32388888888890,0.0032079464290291,0.1073442409809720,0.9389996194580490,13.32289288188170,16.0,1112.766031,0.564552435348574,6.291243864,-2.3682000769996800
46.5,-119.5,11.915732383728000,0.2432986795902250,6.700000000000000,1.2533333333333300,266.9382678038890,0.4370000064373020,96.31083333333330,0.0493967458605766,0.0419726690274836,0.9389996194580490,6.6473845519705500,34.0,1617.949522,0.21088377421803500,5.91449603,-2.1199682611891300
46.5,-118.5,11.04453182220460,0.2519289851188660,7.35,0.9116666666666670,247.148913815536,0.4370000064373020,91.13069444444440,0.0362221784889698,0.0612729161330849,0.9389996194580490,8.749538055294330,37.0,840.1872883,0.5638126578442530,6.549415846,-2.304141448459780
46.5,-117.5,9.514029502868650,0.2649621069431310,6.85,1.2933333333333300,319.85266481281900,0.4370000064373020,87.87583333333330,0.0382029972970485,0.1284597042308300,0.9389996194580490,18.12430708294150,36.0,690.2524701,0.9180189002653940,5.917936255,-2.551155006971210
46.5,-116.5,8.558430671691900,0.259989321231842,6.016666666666670,2.463333333333330,433.7941452357110,0.4370000064373020,72.60256944444440,0.0436545349657535,0.2089661510003720,1.7297361411069300,21.95674516327040,30.0,972.1566784,0.9100892935634730,6.601703748,-2.6367123621385100
46.5,-115.5,5.0002617835998500,0.2477831542491910,6.0,4.13,528.8951589815920,0.4189999997615810,43.15645833333330,0.0040083094500005,0.6785611621571760,1.7297361411069300,8.46649016032308,3.0,,,,
46.5,-114.5,2.859964609146120,0.2417041659355160,5.833333333333330,4.906666666666670,457.4028728936160,0.4189999997615810,53.61333333333330,0.0218155309557914,0.591307341513827,1.7297361411069300,6.949501147348720,5.0,,,,
46.5,-113.5,3.65427303314209,0.2382971942424770,5.700000000000000,3.6666666666666700,463.9607322453040,0.4370000064373020,68.9713888888889,0.0156077239662408,0.2182693468702270,1.7297361411069300,11.824362564113200,4.0,,,,
46.5,-112.5,3.982368707656860,0.240259975194931,6.016666666666670,2.688333333333330,425.9578899445060,0.4370000064373020,78.91742034228470,0.0193436834961175,0.1146712571779730,1.7297361411069300,19.1944003166014,6.0,,,,
46.5,-111.5,6.225855350494390,0.2428377270698550,6.183333333333330,2.8683333333333300,345.8718868113260,0.4370000064373020,78.4583362781822,0.0364590659737587,0.0945784684343246,1.7297361411069300,6.844933508547940,12.0,1674.051588,0.5090740066061330,6.944024134,-2.1091001507061400
46.5,-110.5,4.631800651550290,0.2464084923267360,6.566666666666670,3.393333333333330,386.55376073678500,0.4370000064373020,75.33444444444440,0.0179654043167829,0.1854160431312130,1.7297361411069300,10.970944506812900,13.0,,,,
46.5,-109.5,6.611220836639400,0.2468290030956270,7.033333333333330,1.775,295.56765289610300,0.4120000004768370,94.20798611111110,0.0385711975395679,0.0694618917685952,1.7297361411069300,19.799260125531500,20.0,691.4434106,0.8596816310775710,6.320785067,-1.9733401593295300
46.5,-108.5,7.585672378540040,0.2383771240711210,7.133333333333330,1.6166666666666700,237.7503643727430,0.4370000064373020,97.09277777777780,0.0776975154876709,0.0274135684526055,1.7297361411069300,17.218172311827200,13.0,748.0045816,0.6571460322043970,5.950310224,-1.913781065560570
46.5,-107.5,7.686201095581060,0.2322089672088620,7.5166666666666700,1.0533333333333300,205.1319794447240,0.4370000064373020,97.94354166666670,0.0812805593013763,0.0353831304228608,1.7297361411069300,23.12846458529260,9.0,701.5720052,0.6200327717356470,5.381773169,-2.1693237805350800
46.5,-106.5,7.445328235626220,0.2273982167243960,7.25,1.28,202.5274639151710,0.4370000064373020,97.31215277777780,0.0544727146625518,0.0258567741612692,1.7297361411069300,7.961347068901670,8.0,,,,
46.5,-105.5,7.248851299285890,0.2281588613986970,7.416666666666670,1.7033333333333300,214.66289302064900,0.4120000004768370,96.57256944444440,0.0457481779158115,0.0273623562936543,1.7297361411069300,30.46213976600960,12.0,,,,
46.5,-104.5,7.825531482696530,0.2278908491134640,7.5166666666666700,1.4333333333333300,254.72849546427800,0.4370000064373020,97.2538888888889,0.0452047027647495,0.0334703724055038,1.7297361411069300,16.08775507634340,17.0,877.4426754,0.6685755191148240,6.452669383,-1.983327934720950
46.5,-103.5,6.739879608154300,0.2261539995670320,7.466666666666670,1.6566666666666700,290.9417317336170,0.4370000064373020,95.66465277777780,0.046884711831808,0.0307002952226432,1.1613942661718000,9.454004907290430,24.0,1059.604261,0.5656603976355390,6.428769817,-1.9903506259900600
46.5,-102.5,5.798903942108150,0.2214035391807560,6.8,1.8166666666666700,339.5718342257530,0.4370000064373020,96.88965277777780,0.0356604196131229,0.0383687182618291,1.1613942661718000,15.868052999744400,36.0,1320.360627,0.4928282611576180,5.469325457,-2.1658905330123200
46.5,-101.5,5.914536952972410,0.2265200018882750,6.983333333333330,1.9066666666666700,354.90938357714600,0.4370000064373020,97.45291666666670,0.0335304141044616,0.0486751056904576,1.1613942661718000,7.714647924787510,32.0,1120.78759,0.5782003453743250,5.089528096,-2.3468371513139300
46.5,-100.5,5.7361741065979,0.229483962059021,7.266666666666670,2.1783333333333300,363.9516824870430,0.4370000064373020,94.12736111111110,0.0317920260131359,0.0639823661802608,1.1613942661718000,12.230122908880800,44.0,1537.367402,0.5029555363483420,5.532178286,-2.255657538138980
46.5,-99.5,5.020885944366460,0.2368383109569550,7.266666666666670,2.393333333333330,387.4510413816910,0.4760000109672550,92.15416666666670,0.0199778527021408,0.0947547952326148,1.1613942661718000,14.998152221177300,77.0,1518.548983,0.6552149160784370,5.830937695,-2.322951827188420
46.5,-98.5,5.263773441314700,0.2479832768440250,7.283333333333330,4.298333333333330,381.6857988029380,0.4370000064373020,92.86541666666670,0.0206727888435125,0.0876716309549899,1.1613942661718000,0.0,82.0,705.4071587,1.0364587746845800,5.513680061,-2.526914872197800
46.5,-97.5,5.425853252410890,0.2541259825229650,7.216666666666670,3.021666666666670,374.4870402282510,0.4189999997615810,91.96493055555560,0.0213304851204156,0.1235143492629050,1.1613942661718000,8.747967443295030,77.0,568.1604709,1.135002422731760,5.891191293,-2.338820104602770
46.5,-96.5,5.453277111053470,0.2612782716751100,7.333333333333330,3.168333333333330,369.8957734910950,0.449999988079071,92.00027777777780,0.0162688381969928,0.1978052865338610,1.1366837498702700,8.734999656677250,71.0,793.5068944,0.961540952200343,6.191057197,-2.014698282865520
46.5,-95.5,4.658384323120120,0.2538981735706330,7.283333333333330,3.2133333333333300,425.4683547586520,0.4189999997615810,86.50916666666670,0.0135986441746354,0.2433789216087570,1.1366837498702700,12.490341848601300,66.0,953.729715,0.8287359859948760,5.613695406,-2.65884113470689
46.5,-94.5,4.6676106452941900,0.2537553012371060,6.083333333333330,2.655,419.3740235690820,0.4370000064373020,76.48451388888890,0.0076232613064348,0.2367977245047500,1.1366837498702700,5.790447124342220,50.0,1093.414527,0.7303324360233970,5.473297386,-3.088409738442910
46.5,-93.5,4.437971115112310,0.2622071206569670,5.700000000000000,2.4,375.5780488324770,0.4370000064373020,68.52931644077790,0.0082954764366149,0.2516792058315720,1.1366837498702700,0.0,31.0,,,,
46.5,-92.5,4.404114246368410,0.2560446560382840,5.800000000000000,3.316666666666670,423.7459832049450,0.4370000064373020,64.05302443489890,0.0032328569795936,0.2819688568341900,1.1366837498702700,0.0,28.0,,,,
46.5,-91.5,4.432302951812740,0.2416237443685530,5.5,2.481666666666670,355.8038452770840,0.3860000073909760,42.71370504550680,0.0041886954568326,0.2992721942479970,1.1366837498702700,7.936247431991550,12.0,,,,
46.5,-90.5,4.920323371887210,0.2273163497447970,5.2,3.043333333333330,302.0850235298430,0.4189999997615810,43.92771474878440,0.0096897222101688,0.2995281426528130,1.1366837498702700,0.0,8.0,,,,
46.5,-89.5,4.144032001495360,0.2119452357292180,5.25,3.373333333333330,415.1695903600010,0.4189999997615810,49.66160198183320,0.0069583267904818,0.3125323341165280,1.1366837498702700,7.42774390385037,8.0,,,,
46.5,-88.5,3.835012674331670,0.2025566399097440,4.95,4.94,501.4732593227170,0.4189999997615810,42.0086782376502,0.0038163054268807,0.2922220254001160,1.1366837498702700,0.900332576337417,8.0,,,,
46.5,-87.5,4.886025905609130,0.1963244676589970,5.550000000000000,4.066666666666670,481.3319876998370,0.4189999997615810,38.55807757885760,0.0055125784128904,0.2407687780141070,1.1366837498702700,0.0,5.0,,,,
46.5,-86.5,5.070303916931150,0.1995563060045240,5.35,3.8283333333333300,457.0418040870140,0.4189999997615810,39.51109929549380,0.006323252338916,0.2327403186551000,1.1366837498702700,0.0,7.0,,,,
46.5,-85.5,4.811168670654300,0.1982479095458980,5.45,4.220000000000000,518.3972119373860,0.4189999997615810,46.10861342267370,0.0034452127292752,0.2803448520410840,1.1366837498702700,58.05235797290710,7.0,,,,
46.5,-69.5,2.9346067905426000,0.2572802305221560,4.766666666666670,7.173333333333340,641.5173947213380,0.4189999997615810,37.0,0.0025477386079728,0.6492640908366150,0.6671839401412450,0.0,1.0,,,,
46.5,-68.5,3.520113229751590,0.2643317580223080,5.050000000000000,4.291666666666670,628.5448840170350,0.4189999997615810,37.0,0.0027069724164903,0.6405881736467050,0.6671839401412450,0.0,5.0,,,,
47.5,-123.5,7.05413293838501,0.2762820422649380,4.783333333333330,10.531666666666700,790.598840272441,0.4370000064373020,39.311444921316200,0.0021900420542806,2.2680111988798600,0.9389996194580490,4.751772089027520,1.0,,,,
47.5,-122.5,10.532894134521500,0.2708976864814760,5.583333333333330,4.331666666666670,515.1392199088830,0.4189999997615810,28.667172387635100,0.0054258937016129,0.636307550374014,0.9389996194580490,7.159999847412110,5.0,,,,
47.5,-121.5,5.655117034912110,0.2652123570442200,5.383333333333330,3.365,604.8479504832940,0.4189999997615810,44.95104166666670,0.0008943927241489,1.7918725860761700,0.9389996194580490,6.498974053720910,2.0,,,,
47.5,-120.5,7.405478000640870,0.2556194365024570,5.033333333333330,4.418333333333330,423.1161353694750,0.4370000064373020,69.23108127010770,0.0240753144025802,0.3367710966543640,0.9389996194580490,13.416023589117200,7.0,,,,
47.5,-119.5,9.403021812438970,0.2450804114341740,6.833333333333330,0.9533333333333330,220.10436528665700,0.4370000064373020,92.30166666666670,0.0164186526089906,0.0449119409421351,0.9389996194580490,15.305579954261500,20.0,1426.409696,0.2865962835502180,6.348626982,-2.2468428917135600
47.5,-118.5,8.630194664001470,0.2453372776508330,6.883333333333330,1.1333333333333300,232.4029276076050,0.4370000064373020,88.55041834968260,0.0321463271975517,0.0413390330698637,0.9389996194580490,12.899766448921400,17.0,1092.647277,0.4938109911880400,6.694026884,-2.2705811635297400
47.5,-117.5,8.368369102478030,0.2580322623252870,6.666666666666670,1.94,342.44097691736200,0.4469999969005580,81.02138031896370,0.0206149667501449,0.0862160790589643,0.9389996194580490,14.34964572522790,33.0,1159.649186,0.6646997639923400,6.424835764,-2.4545037404835600
47.5,-116.5,6.906214237213140,0.2485371232032780,6.016666666666670,3.0666666666666700,542.0465623710880,0.4189999997615810,44.91746962714710,0.0262954253703355,0.4705099019837220,1.7297361411069300,15.874237069011300,5.0,,,,
47.5,-115.5,5.083517551422120,0.2426783442497250,5.733333333333330,3.4016666666666700,566.391709140214,0.4189999997615810,42.0,0.0100600151345133,0.608094598883694,1.7297361411069300,8.358205875422610,1.0,,,,
47.5,-114.5,7.612030506134030,0.2395239472389220,6.183333333333330,3.875,438.01314454934100,0.4370000064373020,65.63466744713540,0.0371636301279068,0.1604615754066940,1.7297361411069300,7.424337869845240,8.0,2509.189283,0.4109519922110570,6.805059524,-2.451632178818240
47.5,-113.5,2.494613647460940,0.2416969239711760,6.466666666666670,4.44,471.9178369690750,0.4370000064373020,64.80131944444450,0.0132984844967722,0.6424656577997360,1.7297361411069300,46.21003406824300,1.0,,,,
47.5,-112.5,6.552001953125,0.2393845468759540,5.766666666666670,3.6916666666666700,351.2239414376390,0.4370000064373020,81.13506944444440,0.0202844329178333,0.1922589102453740,1.7297361411069300,4.823199739955710,14.0,1305.465625,0.6673305563157770,6.605990791,-2.271223060949140
47.5,-111.5,7.413768768310550,0.2357910573482510,7.25,2.1283333333333300,297.5985188616630,0.4370000064373020,92.17527777777780,0.0472494810819625,0.0371238987341426,1.7297361411069300,25.26425838498890,21.0,1084.352216,0.6036982460796680,5.953161725,-2.1935409127571200
47.5,-110.5,6.172781467437740,0.236308604478836,7.2,1.5550000000000000,311.5728114951870,0.4370000064373020,92.94493055555560,0.0268208123743534,0.0624820472736917,1.7297361411069300,25.564912385397700,19.0,990.4595143,0.7414609897261730,5.968308333,-2.2707232615940000
47.5,-109.5,6.74924898147583,0.2350049614906310,7.333333333333330,1.3816666666666700,286.3821026150380,0.4120000004768370,93.7063888888889,0.0327471420168876,0.0384171468679322,1.7297361411069300,29.87597931235730,16.0,672.2555557,0.8445502931626340,6.018922937,-2.3297978672691200
47.5,-108.5,7.27756929397583,0.2288016378879550,7.466666666666670,1.28,249.3260265931750,0.4370000064373020,96.12908209846200,0.0608022920787334,0.0441205589304301,1.7297361411069300,18.412757536940700,17.0,,,,
47.5,-107.5,6.766255855560300,0.2247457206249240,7.550000000000000,1.195,217.6344901971620,0.4370000064373020,96.82300103077600,0.0610393956303596,0.0405501284355892,1.7297361411069300,22.05639767271530,10.0,,,,
47.5,-106.5,6.985164165496830,0.2209721654653550,7.283333333333330,1.94,186.8749509625330,0.4370000064373020,96.24051031658530,0.0456046499311924,0.029574930828354,1.7297361411069300,25.79999923706060,4.0,2463.622349,0.09517244624855430,7.153720016,-1.7165921836299600
47.5,-105.5,6.803203582763670,0.2188507169485090,7.366666666666670,1.295,250.08351273521400,0.4370000064373020,93.28826388888890,0.0424320921301841,0.0225410116526487,1.7297361411069300,5.176930835167580,15.0,935.3882708,0.5935940402094830,6.574886135,-1.9453844840650500
47.5,-104.5,7.964385986328130,0.2215765714645390,7.233333333333330,1.81,276.0790661087170,0.4370000064373020,93.11486111111110,0.0475419089198112,0.0254367433171837,1.7297361411069300,9.590283686917690,22.0,952.8772013,0.658751731036332,6.873764785,-1.8108817696020000
47.5,-103.5,6.3033366203308100,0.2252187728881840,7.733333333333330,1.7266666666666700,304.90684701699500,0.4370000064373020,95.53458333333330,0.0485445968806743,0.0377354805950751,1.1613942661718000,4.826799878574560,28.0,1022.819149,0.6493067449271540,6.491673932,-1.9183943627445100
47.5,-102.5,5.368072509765630,0.2239516079425810,6.966666666666670,1.9166666666666700,330.1454882714180,0.4370000064373020,95.45395833333330,0.0364389270544052,0.0587996783724231,1.1613942661718000,6.217679286322320,33.0,2500.750466,0.3087519298144170,5.873230509,-1.9683057226498000
47.5,-101.5,5.081450939178470,0.2270374447107320,7.15,2.5450000000000000,349.67601310076900,0.4370000064373020,94.56125,0.0238123536109924,0.0704493495709782,1.1613942661718000,19.075344900357400,61.0,1961.368298,0.4664217026492080,5.635022351,-2.127824950979400
47.5,-100.5,4.751527309417730,0.2356789112091060,7.333333333333330,2.5583333333333300,385.78890039340300,0.4370000064373020,94.28319444444440,0.0218386687338352,0.07624192412647,1.1613942661718000,14.998134643128900,76.0,955.2358096,0.8423083709514000,5.655183845,-2.341907195743400
47.5,-99.5,4.534353733062740,0.2452312111854550,7.2,2.9133333333333300,381.6090059484250,0.4370000064373020,92.87908269631690,0.0155114037916064,0.0950184583988367,1.1613942661718000,6.437400657051260,79.0,779.9665789,0.986927426044865,5.871943474,-2.3014312094133700
47.5,-98.5,4.215065002441410,0.2488243877887730,7.416666666666670,2.813333333333330,379.2035286458950,0.4370000064373020,92.70145833333330,0.0118548003956675,0.0931836016769583,1.1613942661718000,9.59240414386545,77.0,763.6140513,1.0124590337242000,5.860258206,-2.3053341465584200
47.5,-97.5,4.5907883644104,0.2568292915821080,7.366666666666670,3.191666666666670,359.0305421707940,0.4370000064373020,92.86138888888890,0.0172526910901069,0.1184300048116000,1.1613942661718000,14.524293578735800,73.0,618.5420542,1.1202995536978700,6.083209547,-2.165129895571590
47.5,-96.5,4.6194987297058100,0.2598478198051450,7.616666666666670,4.026666666666670,386.5204692056570,0.449999988079071,91.92611111111110,0.0213399659842252,0.1576846388949990,1.1366837498702700,23.65447788680500,73.0,698.5533272,1.0509186932673800,6.483752381,-1.8796225238876000
47.5,-95.5,3.498044967651370,0.2501279711723330,7.1,2.865,412.1957057347460,0.4370000064373020,81.6113245849344,0.0046658646315336,0.2138948420568180,1.1366837498702700,16.878466767821300,50.0,1285.778242,0.7678471874249260,5.482005829,-3.0738290598174500
47.5,-94.5,3.626347541809080,0.2520127594470980,6.5,3.395,365.98432931392900,0.4370000064373020,79.07633769322240,0.0056445873342454,0.2040806865669330,1.1366837498702700,6.716300067869310,23.0,,,,
47.5,-93.5,3.6128571033477800,0.2590167224407200,6.0,2.8116666666666700,449.6463456377300,0.4370000064373020,71.55708333333330,0.0030313103925436,0.2368217566987750,1.1366837498702700,9.462519562453320,17.0,,,,
47.5,-92.5,3.20419979095459,0.2467377781867980,5.333333333333330,2.615,473.0246275039770,0.4370000064373020,66.80299555682960,0.0022318745031952,0.2428979745926130,1.1366837498702700,0.0,16.0,,,,
47.5,-91.5,2.4529898166656500,0.2303512692451480,5.35,3.13,424.7639646105060,0.4370000064373020,70.24976509780470,0.0038513217587023,0.2582489910827580,1.1366837498702700,0.0,2.0,,,,
48.5,-122.5,10.106359481811500,0.2615980803966520,5.983333333333330,4.693333333333330,459.5998819656020,0.4189999997615810,30.14694851687690,0.0020335346926003,0.6454167724196830,0.9389996194580490,27.399999618530300,11.0,2611.594518,0.6321867556566500,6.883860872,-2.6838489855509100
48.5,-121.5,6.900063991546630,0.2642484605312350,5.800000000000000,3.640000000000000,493.5697678391180,0.4189999997615810,43.60340277777780,0.0014687225921079,2.2571523144331000,0.9389996194580490,11.000000000000000,1.0,,,,
48.5,-120.5,3.1432502269744900,0.2580241560935970,5.25,4.656666666666670,404.9300158077180,0.4189999997615810,47.43194807027450,0.0065000462345778,0.7031721630820100,0.9389996194580490,3.0,1.0,,,,
48.5,-119.5,8.431450843811040,0.2481468021869660,6.050000000000000,3.315,373.58673680110300,0.4370000064373020,68.01784722222220,0.0173268262296915,0.0891542871349948,0.9389996194580490,5.9169667884278300,5.0,,,,
48.5,-118.5,4.627688407897950,0.2391407489776610,6.283333333333330,2.316666666666670,539.0529414967370,0.4189999997615810,46.01780841591270,0.0121752759441733,0.1164482493847180,0.9389996194580490,0.0,3.0,,,,
48.5,-117.5,5.535043239593510,0.2423434555530550,5.983333333333330,2.8283333333333300,575.0512172623580,0.4189999997615810,43.88097222222220,0.015759639441967,0.2848226674099310,0.9389996194580490,0.0,4.0,,,,
48.5,-116.5,5.887655258178710,0.2433028817176820,5.583333333333330,4.453333333333330,522.0924565577230,0.4189999997615810,42.31742380678550,0.0353226400911808,0.5318586617985430,1.7297361411069300,11.199511017839200,4.0,,,,
48.5,-115.5,5.260573387146000,0.2429800331592560,5.75,3.583333333333330,559.6891205429330,0.4189999997615810,43.50354166666670,0.0113498615100979,0.3770023147119150,1.7297361411069300,6.775667689999830,1.0,,,,
48.5,-114.5,4.415513038635250,0.2453810721635820,6.550000000000000,2.648333333333330,508.91209919371200,0.4370000064373020,65.69981802911530,0.0174568556249141,0.4120100328282420,1.7297361411069300,35.489089753661800,5.0,,,,
48.5,-113.5,1.6884087324142500,0.2481989562511440,6.466666666666670,3.17,400.467195545905,0.4370000064373020,75.97398454667900,0.0058577777817845,0.7252141421966150,1.7297361411069300,31.825253967017400,6.0,,,,
48.5,-112.5,7.11990213394165,0.237077921628952,6.733333333333330,2.345,263.6995157311130,0.4370000064373020,90.7604861111111,0.0137343164533376,0.0509256912175524,1.7297361411069300,22.26444500571600,21.0,894.9964,0.7279403233069480,6.092297342,-2.245633440359770
48.5,-111.5,6.61609411239624,0.2282092422246930,7.283333333333330,1.5100000000000000,217.16732642239200,0.4370000064373020,95.41,0.029305225238204,0.0237532505048618,1.7297361411069300,23.624482756876200,14.0,918.6717545,0.5750071563180890,5.518981415,-2.232047846911790
48.5,-110.5,5.932918071746830,0.223131775856018,7.2,1.5683333333333300,205.11868066750400,0.4370000064373020,97.69938306225460,0.031115049496293,0.0165888862759741,1.7297361411069300,19.5,6.0,722.426595,0.6240258788534020,5.401905464,-2.213234023910930
48.5,-109.5,5.804546356201170,0.2215579450130460,7.483333333333330,1.2066666666666700,289.5128474208930,0.4370000064373020,94.78956897152010,0.0385183282196521,0.0441362403014818,1.7297361411069300,23.384268088070500,19.0,1022.872293,0.626845240213941,5.639318915,-2.2476545711073700
48.5,-108.5,5.966899871826170,0.2195185720920560,7.316666666666670,1.3883333333333300,271.9457124828180,0.4370000064373020,94.66944444444440,0.0327906124293804,0.0247285018919275,1.7297361411069300,22.251034486247500,18.0,953.7080495,0.5832961923028710,5.492688781,-2.276256536014400
48.5,-107.5,5.781957626342770,0.2143066525459290,7.116666666666670,1.4483333333333300,259.9301281651020,0.4370000064373020,95.04027777777780,0.0410409122705459,0.0239171092542869,1.7297361411069300,21.25141066306480,17.0,1012.667644,0.5372685995748410,5.754847272,-2.1228319117037000
48.5,-106.5,5.577487945556640,0.2110272049903870,7.133333333333330,1.3750000000000000,270.05967934235000,0.4370000064373020,94.46590277777780,0.028721485286951,0.0251918737405492,1.7297361411069300,22.125094044204300,19.0,1070.943441,0.5373174250446580,5.617179119,-2.2386074521177300
48.5,-105.5,7.834100246429440,0.2130569815635680,7.233333333333330,2.018333333333330,299.7266035398660,0.4370000064373020,91.80375,0.019477616995573,0.0248692010515087,1.7297361411069300,19.91029798075770,30.0,1088.834624,0.6404204727529420,5.762171835,-2.299607451670210
48.5,-104.5,5.934453964233400,0.2165589034557340,7.333333333333330,2.655,309.5244065122180,0.4370000064373020,91.275,0.0211311988532543,0.0314150360192594,1.7297361411069300,20.700000762939500,45.0,1208.599748,0.6067245349802750,5.771641828,-2.280430184602880
48.5,-103.5,4.785708427429200,0.2202207744121550,7.383333333333330,2.13,320.11704241686300,0.4370000064373020,91.76041666666670,0.0244606807827949,0.0395648169459283,1.1613942661718000,20.0,64.0,1410.631543,0.5488284472408020,5.900458924,-2.221190766601880
48.5,-102.5,3.5958175659179700,0.2250455915927890,7.15,2.49,355.34619798377900,0.4370000064373020,93.44041666666670,0.0228258613497018,0.0631050340686465,1.1613942661718000,20.0,71.0,1387.52611,0.648307740348186,5.78597025,-2.226635467805810
48.5,-101.5,4.274505615234380,0.2365111708641050,7.4,2.9450000000000000,359.85357663378800,0.4370000064373020,92.96243055555560,0.0109963491559028,0.0640680263029127,1.1613942661718000,4.998119115913630,78.0,806.0430645,0.9298293440784620,5.687423073,-2.4428933643831200
48.5,-100.5,3.913522481918340,0.2425276339054110,7.683333333333330,2.6133333333333300,387.3364742710140,0.4370000064373020,91.9925,0.0100403558462858,0.0772980996724669,1.1613942661718000,10.101354141138900,72.0,805.6238806,0.9736153363146710,5.815204583,-2.3991308688981400
48.5,-99.5,3.48853611946106,0.2475612908601760,7.033333333333330,3.45,346.11875318085600,0.4370000064373020,92.8955640936081,0.0095899552106857,0.1034301203862730,1.1613942661718000,0.0,71.0,950.9048683,0.931847917364261,5.70452628,-2.330072492577130
48.5,-98.5,3.0563910007476800,0.2482259571552280,7.233333333333330,3.186666666666670,336.504847527964,0.4370000064373020,94.20625,0.00993462651968,0.1171657080960240,1.1613942661718000,19.55001899964750,74.0,798.1503576,1.0257642472634400,5.831100039,-2.263510912981210
48.5,-97.5,3.927415132522580,0.2545701265335080,7.483333333333330,2.841666666666670,363.9373702048420,0.4370000064373020,92.71777777777780,0.0169419273734092,0.1280465324570970,1.1613942661718000,23.413463279540100,73.0,685.741973,1.0970535590472200,6.291521565,-2.04495403386026
48.5,-96.5,3.2595865726470900,0.2630791068077090,7.333333333333330,3.1950000000000000,411.3798489176800,0.4370000064373020,85.66791666666670,0.0074886945076286,0.1545334842634140,1.1366837498702700,7.794227032819650,73.0,674.1785351,1.1457487781981200,6.491027771,-2.2725213186601600
48.5,-95.5,2.9086391925811800,0.2670924067497250,7.25,2.8950000000000000,423.6655233586660,0.4189999997615810,63.64366319444440,0.0018351497128605,0.1571853456693610,1.1366837498702700,44.75619441885790,49.0,1030.481783,0.9519509359064510,4.263667188,-5.511505697222430
48.5,-94.5,3.029435157775880,0.2690818905830380,7.333333333333330,3.625,436.0657379333120,0.4189999997615810,57.16479459586840,0.0019492207793518,0.115695851266782,1.1366837498702700,60.20514010085460,20.0,,,,
48.5,-93.5,3.130021810531620,0.245670735836029,6.033333333333330,6.6,465.86241387213500,0.4189999997615810,57.35518748562230,0.002338372869417,0.1175043815226660,1.1366837498702700,15.109999656677200,13.0,,,,